region_name,region_population,avg_rainfall_mm,soil_quality_index,temperature_celsius,major_crop_type,crop_area_hectares,crop_yield_tonne,fertilizer_demand_kg,pesticide_demand_litre,seed_demand_kg,irrigation_need_index,market_price_index,agri_infrastructure_score,subsidy_level
Bihar - Urban District 1,15339,1181.0,47.4,26.0,Rice,30.0,174.64,4675.2,73.43,1059.1,59.2,113.5,35.6,56.4
Jammu & Kashmir - South District 2,16157,1597.9,62.5,29.7,Rice,30.0,227.99,3799.5,73.16,1320.8,56.1,92.7,72.0,41.3
Madhya Pradesh - Coastal District 3,38257,772.4,66.8,31.5,Rice,69.3,278.05,8210.7,108.82,2745.6,68.3,117.6,63.5,32.8
Ladakh - Urban District 4,15651,1233.3,78.2,25.3,Maize,38.1,254.06,3875.1,119.19,791.3,61.8,100.3,51.4,50.4
Bihar - South District 5,9519,1068.4,72.9,27.9,Rice,30.0,213.13,3208.0,81.28,1119.8,59.4,100.8,53.9,29.6
Manipur - South District 6,67021,1230.0,50.2,17.8,Rice,127.7,900.52,16858.5,344.49,5057.0,59.8,106.5,84.7,0.0
Arunachal Pradesh - Coastal District 7,15734,750.3,52.6,25.2,Rice,30.0,84.04,4337.3,53.73,1254.0,78.5,93.6,51.1,51.1
Arunachal Pradesh - Plains District 8,8635,439.1,41.1,29.3,Wheat,30.0,52.2,3495.7,35.07,1463.2,75.8,99.0,44.5,39.8
Manipur - North District 9,33713,1160.7,53.4,24.2,Wheat,53.7,257.43,5636.2,75.71,2826.0,77.3,95.1,92.6,10.1
Uttarakhand - Coastal District 10,17277,833.5,48.8,24.0,Rice,37.5,159.93,5660.9,55.67,1495.3,84.2,106.1,58.2,54.0
Telangana - Valley District 11,27886,1278.0,83.5,24.1,Maize,30.1,220.49,3274.2,98.05,547.7,54.3,116.5,35.2,17.7
Chhattisgarh - East District 12,9885,1270.5,56.1,26.7,Wheat,30.0,127.84,3559.3,47.09,1421.1,48.1,96.9,50.3,41.5
Rajasthan - Plains District 13,7424,1468.0,94.1,30.1,Rice,30.0,263.09,3209.6,84.81,1232.8,48.8,109.8,57.3,64.8
Telangana - Plains District 14,29253,642.7,48.9,27.0,Maize,40.1,122.35,5643.2,92.63,756.3,85.3,107.9,68.3,35.8
Meghalaya - Hills District 15,17269,1027.3,58.8,23.0,Maize,30.3,176.28,2952.2,87.87,580.4,66.1,103.8,52.1,30.9
Meghalaya - South District 16,10803,1274.8,43.4,31.0,Wheat,30.0,131.06,3762.8,38.55,1393.3,54.0,103.5,32.1,40.4
Arunachal Pradesh - Plains District 17,19593,1560.3,73.1,21.1,Maize,30.0,193.19,3483.5,85.78,624.0,30.7,117.7,39.2,47.1
Madhya Pradesh - North District 18,87388,1170.3,65.4,17.0,Rice,167.8,959.2,19434.1,338.91,6756.0,55.0,100.9,39.5,0.0
Punjab - West District 19,56678,1326.4,52.1,24.1,Rice,54.4,450.88,7790.1,133.36,2120.5,53.9,119.4,65.1,0.0
Puducherry - Plateau District 20,28811,1638.9,18.1,22.4,Rice,34.1,245.27,5464.9,83.64,1392.3,45.8,104.3,64.7,29.2
Tamil Nadu - Plains District 21,3078,1316.4,59.9,25.8,Rice,30.0,174.05,3645.3,71.15,1300.4,50.2,121.9,52.6,44.7
Telangana - West District 22,39927,1205.7,52.7,20.3,Wheat,53.5,365.08,5333.0,79.67,2660.8,61.3,115.7,50.8,0.0
Chhattisgarh - Delta District 23,68329,1174.6,59.2,28.8,Wheat,86.7,493.39,8528.2,142.02,4359.2,55.3,92.5,67.2,0.0
Tamil Nadu - East District 24,16403,852.8,68.4,18.0,Wheat,30.0,91.07,3452.9,45.44,1541.1,54.5,109.4,29.0,35.4
Goa - West District 25,7123,1029.6,39.5,24.2,Wheat,30.0,161.12,3761.1,54.93,1584.1,59.4,96.2,63.0,57.4
Gujarat - Urban District 26,129725,1177.8,38.3,30.3,Pulses,145.3,93.56,6580.9,88.06,4485.2,54.6,103.2,52.3,0.0
Bihar - Plateau District 27,19476,1654.8,78.0,28.9,Wheat,30.0,211.86,2871.5,48.68,1506.0,46.5,109.9,55.7,14.9
Tamil Nadu - Delta District 28,79402,907.7,59.4,26.4,Wheat,102.0,361.83,9625.9,133.81,4996.9,69.6,114.2,64.7,0.0
Himachal Pradesh - Plateau District 29,13915,715.7,89.4,30.4,Rice,32.7,147.57,3178.5,70.07,1460.3,74.8,111.5,57.3,37.8
Assam - Delta District 30,166543,1061.3,55.5,27.2,Maize,233.9,1492.34,30360.9,650.38,4906.3,75.5,93.5,100.0,0.0
Haryana - Delta District 31,30599,892.7,14.9,26.4,Maize,62.7,194.95,8733.8,158.56,1129.1,83.7,102.5,48.4,15.5
Rajasthan - Hills District 32,13846,412.1,51.4,29.3,Maize,30.0,129.51,4200.1,67.69,571.1,83.5,103.4,43.1,55.5
Uttar Pradesh - Delta District 33,30758,1284.3,69.7,30.0,Pulses,71.1,109.16,2746.2,48.87,1847.1,55.4,97.5,48.5,21.7
Tamil Nadu - Valley District 34,23867,498.6,18.8,25.7,Rice,36.0,64.44,5941.8,53.41,1482.7,69.8,103.9,46.6,17.4
Kerala - Rural District 35,434582,1630.4,71.3,30.7,Wheat,388.3,2163.27,43070.2,618.46,19388.9,51.0,108.4,100.0,0.0
Kerala - Hills District 36,68968,746.9,63.4,19.2,Rice,79.3,231.34,8919.7,116.19,3069.6,69.0,114.4,61.6,0.0
Ladakh - Coastal District 37,43211,1155.1,56.2,26.9,Wheat,76.4,470.88,8105.3,132.4,3679.3,52.4,93.5,43.7,6.4
Uttarakhand - East District 38,44764,802.1,63.7,24.2,Wheat,78.5,336.74,7411.7,128.85,3740.9,73.1,93.4,30.0,2.2
Uttarakhand - Coastal District 39,14822,1188.4,66.3,30.0,Rice,30.0,204.24,3790.4,66.46,1348.2,54.6,101.1,36.4,54.3
Assam - Valley District 40,44017,1933.0,22.2,31.6,Rice,88.8,743.89,13686.2,179.4,3381.6,21.3,116.8,45.1,5.5
Meghalaya - Urban District 41,26503,1029.6,69.1,23.6,Rice,36.5,175.68,4230.1,72.44,1434.7,59.3,91.9,47.5,36.6
Karnataka - South District 42,22887,532.2,76.6,30.0,Rice,56.7,190.86,6399.8,95.13,2230.8,87.5,104.3,46.3,12.8
Arunachal Pradesh - North District 43,53819,917.9,56.7,31.4,Wheat,82.1,323.5,8773.8,112.38,4328.5,56.3,117.5,36.9,10.6
Tripura - Plateau District 44,40792,434.5,77.4,19.2,Rice,30.0,160.61,4257.6,61.2,1176.0,99.7,112.3,38.6,40.6
Sikkim - Valley District 45,79862,412.8,18.8,28.5,Maize,82.7,153.07,11893.4,168.85,1793.2,86.7,112.4,67.5,0.0
Telangana - West District 46,45055,1522.0,60.5,28.0,Wheat,84.5,502.35,7177.7,155.05,4217.6,57.2,101.1,54.0,15.3
Uttar Pradesh - West District 47,32223,1213.4,59.3,26.9,Rice,63.7,438.65,7850.2,145.55,2325.7,53.6,113.8,40.7,10.3
Uttar Pradesh - Rural District 48,32922,1434.0,64.9,21.5,Wheat,39.9,253.44,3818.8,58.39,2011.8,41.7,100.8,79.5,13.3
Bihar - South District 49,15989,1036.9,48.4,22.2,Rice,30.0,143.66,4019.8,51.76,1206.7,64.5,118.1,56.5,13.4
Arunachal Pradesh - Plateau District 50,16912,1096.9,53.2,26.1,Wheat,30.0,171.03,2413.9,45.25,1390.1,55.6,106.2,28.5,38.7
Kerala - Urban District 51,20004,900.9,25.1,32.3,Rice,31.7,89.66,5306.9,57.0,1231.2,65.8,91.7,71.1,26.2
Gujarat - Delta District 52,4034,1113.5,55.1,31.2,Maize,30.0,174.5,3437.9,80.4,589.5,64.6,109.1,42.0,32.8
Ladakh - Rural District 53,55575,1204.5,83.8,24.8,Rice,140.8,1144.77,16239.7,359.86,5514.9,54.5,110.1,55.2,7.3
Goa - South District 54,93402,325.7,53.4,29.2,Wheat,174.0,456.81,18173.4,221.01,9131.0,87.5,112.6,61.8,0.0
Uttar Pradesh - Urban District 55,59738,790.9,62.5,28.2,Wheat,119.3,394.16,12875.4,222.67,6439.3,70.6,100.1,56.1,5.5
Arunachal Pradesh - Hills District 56,20221,1196.7,69.0,28.3,Rice,30.0,148.54,3491.0,58.07,1122.9,61.2,85.8,55.2,29.7
Uttarakhand - Coastal District 57,23027,1396.1,32.5,24.2,Maize,30.0,220.93,3367.7,123.92,656.6,61.7,97.0,28.8,33.6
Ladakh - Central District 58,23517,967.6,81.9,29.5,Rice,35.0,201.45,4043.1,90.6,1518.5,71.5,110.7,60.8,26.1
Karnataka - Coastal District 59,39720,1402.0,54.1,27.4,Wheat,44.9,255.14,4059.1,75.63,2212.0,56.8,107.8,33.7,49.0
Tamil Nadu - East District 60,123723,1112.8,28.2,27.4,Pulses,154.1,326.16,9413.2,92.28,4928.8,76.0,118.4,67.1,0.0
Delhi - Hills District 61,141423,955.8,63.0,30.8,Wheat,201.1,749.65,23880.2,282.94,10182.4,59.0,92.1,51.7,0.0
Telangana - East District 62,36897,848.6,59.8,31.5,Rice,57.1,331.02,8828.1,141.91,2423.2,69.7,107.8,43.8,19.1
Tamil Nadu - Plateau District 63,23328,1998.5,72.8,29.4,Wheat,33.1,278.3,2711.5,50.8,1545.6,44.7,108.7,43.1,24.2
Manipur - Urban District 64,107666,1497.4,74.1,18.1,Maize,121.5,1028.78,12169.7,493.07,2562.9,43.0,95.3,59.8,0.0
Andhra Pradesh - Plateau District 65,13231,1232.3,75.7,23.1,Pulses,30.0,64.96,1329.7,18.73,948.6,48.9,91.7,64.1,31.9
Jammu & Kashmir - Rural District 66,25336,1493.5,77.4,26.2,Wheat,36.7,165.98,3815.7,59.34,1955.8,40.4,93.9,47.4,31.2
Maharashtra - Coastal District 67,32567,784.3,86.7,26.0,Wheat,63.6,270.31,4844.7,90.47,3431.3,69.2,114.4,60.3,26.3
Telangana - Urban District 68,36405,885.9,84.4,15.2,Maize,37.5,253.52,3750.7,130.76,781.7,64.2,99.9,44.2,4.5
Uttar Pradesh - Hills District 69,30201,592.1,40.3,19.0,Pulses,32.0,6.4,1685.0,19.74,909.2,85.4,114.6,52.9,1.8
Gujarat - East District 70,20599,659.1,39.2,21.4,Maize,42.0,187.84,4618.1,63.65,845.9,81.0,124.9,25.2,15.5
Punjab - Valley District 71,50904,1172.1,89.5,27.1,Rice,80.7,577.81,8280.3,185.32,3254.6,56.9,119.5,63.2,6.6
Uttar Pradesh - Plateau District 72,6866,937.4,46.2,22.0,Wheat,30.0,104.14,3507.0,42.13,1634.4,58.0,87.4,79.5,56.9
Uttarakhand - North District 73,7328,871.8,70.4,25.8,Wheat,30.0,151.77,3149.8,51.72,1490.9,70.2,113.7,56.1,46.8
Manipur - Urban District 74,11408,988.5,81.9,31.4,Rice,30.0,171.09,3465.7,56.62,1256.5,58.1,107.9,42.1,37.4
Himachal Pradesh - East District 75,53152,1300.8,59.9,30.6,Rice,88.6,670.87,11540.9,235.46,4024.5,44.0,120.0,50.5,0.2
Puducherry - Plains District 76,57743,1637.5,64.8,27.7,Wheat,113.9,635.8,12123.0,204.32,5217.9,36.1,122.3,60.8,0.0
Madhya Pradesh - Plains District 77,24997,756.6,61.2,27.6,Rice,48.2,186.22,6424.1,95.35,2067.0,75.1,101.8,46.7,20.0
Uttarakhand - West District 78,40866,982.0,56.6,27.8,Maize,80.9,507.62,9123.3,205.82,1643.1,62.0,108.9,47.2,0.8
Manipur - North District 79,23100,773.6,50.5,31.8,Maize,39.4,185.72,4238.2,104.82,845.1,82.8,106.3,45.4,18.1
Goa - Central District 80,71860,504.7,22.2,26.5,Rice,148.6,310.65,23044.2,262.76,6516.6,73.5,90.0,58.9,0.0
Maharashtra - Coastal District 81,16521,1395.0,32.9,29.3,Wheat,33.1,219.31,4092.7,55.77,1752.2,43.0,101.3,58.1,1.0
Kerala - Urban District 82,26581,1440.6,65.7,29.4,Maize,40.5,294.39,4045.3,127.09,843.4,49.4,97.5,60.1,35.6
Chhattisgarh - East District 83,20159,925.2,58.5,25.0,Maize,30.0,212.11,3275.3,94.8,621.5,76.9,104.5,33.8,27.3
Himachal Pradesh - Hills District 84,13931,1115.2,71.7,26.0,Wheat,30.0,180.4,2478.2,44.2,1563.5,60.4,96.4,58.0,26.8
Haryana - Coastal District 85,94718,1037.9,65.7,24.2,Wheat,114.1,484.3,10819.1,132.76,5665.7,55.1,107.2,42.6,0.0
West Bengal - Urban District 86,119143,328.2,46.9,25.9,Rice,166.5,462.23,23103.4,204.33,6983.9,94.2,103.9,72.3,0.0
Himachal Pradesh - Hills District 87,18353,1474.6,47.4,30.6,Wheat,30.5,144.55,3535.1,44.98,1422.5,39.8,105.5,33.2,30.0
Jharkhand - Coastal District 88,39169,1352.2,65.5,23.9,Wheat,46.2,274.56,4177.8,64.47,2369.2,45.3,109.2,54.6,25.9
Assam - West District 89,30845,980.7,60.5,24.9,Rice,32.4,122.47,4637.1,73.42,1301.7,73.4,101.8,53.3,23.9
Jammu & Kashmir - Valley District 90,47391,1280.9,25.9,29.0,Maize,87.5,714.02,14139.8,222.38,1725.0,45.0,86.2,24.5,24.5
Assam - Hills District 91,28033,1063.1,75.1,24.2,Pulses,50.2,75.66,2009.1,27.97,1662.9,82.8,101.8,43.9,39.8
Ladakh - Plateau District 92,35099,1501.5,59.3,24.1,Pulses,59.1,176.67,2392.6,51.87,1873.6,37.4,110.6,65.6,39.1
Sikkim - Delta District 93,97826,1048.0,75.6,22.9,Rice,166.9,970.14,19592.5,330.37,5937.7,58.6,111.1,76.4,0.0
Meghalaya - Central District 94,23528,1173.3,88.7,28.7,Rice,45.7,271.01,4927.2,76.57,1850.0,66.9,111.5,64.9,38.8
Kerala - Coastal District 95,23447,200.0,58.2,26.9,Pulses,47.3,26.34,1848.6,24.21,1385.9,96.3,89.5,38.9,17.0
Gujarat - Coastal District 96,14146,1115.2,36.8,23.5,Pulses,30.0,32.0,1459.1,21.68,991.9,54.0,101.7,65.6,28.2
Uttar Pradesh - South District 97,95947,1348.4,65.0,22.0,Maize,172.9,1484.6,20086.3,660.59,3711.0,45.6,109.2,49.9,0.0
Puducherry - Rural District 98,5951,635.8,86.2,29.2,Maize,30.0,136.23,2084.9,84.01,612.9,94.8,98.3,46.4,35.8
Manipur - Delta District 99,30775,1526.9,46.8,24.6,Rice,52.9,350.51,7113.0,147.14,2336.9,52.0,102.6,65.1,0.0
Uttarakhand - North District 100,12571,717.5,88.7,28.7,Wheat,30.0,121.9,2389.1,38.78,1486.0,75.9,109.5,54.6,27.8
Jharkhand - Urban District 101,40598,1061.4,62.1,27.2,Pulses,68.4,105.74,2605.6,36.16,1951.9,69.6,110.2,53.4,22.1
Meghalaya - Hills District 102,19507,1283.4,42.5,21.5,Pulses,30.0,45.85,1526.4,19.22,929.9,61.4,106.6,54.9,18.1
Kerala - East District 103,62999,1757.0,67.6,27.8,Pulses,102.7,287.64,4722.6,78.49,3279.8,36.3,120.9,63.9,9.7
Goa - Rural District 104,105041,841.4,60.3,25.3,Wheat,187.0,569.8,20284.1,184.55,10294.5,66.7,101.0,88.1,0.0
Maharashtra - Coastal District 105,5692,936.2,47.2,28.6,Maize,30.0,185.34,3864.1,102.59,648.8,65.5,125.2,52.3,50.3
Uttar Pradesh - Delta District 106,9943,900.7,33.0,30.8,Rice,30.0,91.96,4474.4,54.92,1194.9,78.3,118.8,64.3,54.0
Tripura - Hills District 107,119782,810.1,56.9,18.1,Wheat,124.6,397.23,13715.3,181.29,5359.7,88.7,123.6,91.0,0.0
Tripura - Plateau District 108,3012,1599.1,77.5,21.6,Pulses,30.0,58.89,1132.6,20.2,878.6,44.6,96.6,43.7,60.0
Tripura - Plains District 109,18683,1361.4,63.1,27.8,Wheat,30.0,164.3,3255.1,44.89,1486.4,50.8,103.9,39.9,33.2
Puducherry - Rural District 110,14212,1145.6,77.8,26.3,Wheat,30.0,98.77,2919.2,44.22,1482.5,53.1,84.3,41.4,39.3
Jharkhand - Coastal District 111,12295,1172.4,65.2,23.2,Maize,30.0,182.91,3841.1,104.86,643.0,52.0,125.0,59.9,16.5
Goa - Urban District 112,22548,1518.7,79.3,25.6,Wheat,43.5,219.26,3820.9,63.48,2079.9,44.3,117.5,57.9,29.7
Haryana - North District 113,16782,1120.9,56.1,27.5,Pulses,30.0,53.55,1308.3,19.18,925.1,51.7,101.9,38.9,20.9
Odisha - East District 114,56097,818.0,96.0,22.6,Rice,90.1,572.39,8041.5,195.54,3312.6,76.1,101.4,45.9,8.9
Odisha - West District 115,41922,1171.5,48.9,28.5,Maize,88.7,530.37,12698.0,229.73,1600.9,35.7,119.1,63.2,19.5
Chhattisgarh - Coastal District 116,7051,1793.3,42.4,24.2,Maize,30.0,279.21,3903.2,107.62,614.4,47.9,107.8,42.6,45.1
Tripura - West District 117,17995,879.7,70.7,23.9,Rice,30.0,190.4,3852.7,74.86,1085.9,70.2,105.7,32.6,7.5
Puducherry - Urban District 118,18503,1132.3,70.5,28.5,Pulses,30.0,48.9,1124.5,18.55,842.1,52.1,118.1,28.6,31.0
Bihar - Delta District 119,15908,970.5,61.6,19.0,Pulses,30.0,84.84,1608.1,19.72,875.9,68.2,106.5,14.3,34.5
Chhattisgarh - Plateau District 120,90361,1465.1,79.4,28.8,Rice,156.4,1170.25,16887.3,462.19,6077.7,54.8,119.6,63.5,0.0
Assam - North District 121,33928,1629.0,61.7,24.0,Maize,50.3,413.56,5504.9,172.59,926.6,58.7,105.0,61.9,0.0
Arunachal Pradesh - Plains District 122,20269,1331.7,33.5,22.6,Pulses,30.0,112.89,1354.1,21.55,852.0,37.6,103.3,47.2,24.3
West Bengal - South District 123,24920,999.0,30.3,30.7,Maize,44.5,292.73,5663.9,119.74,845.5,46.5,106.8,36.6,3.3
Kerala - Coastal District 124,51318,1138.1,26.3,22.6,Maize,67.0,440.01,9098.9,144.98,1463.1,49.1,85.0,51.1,4.2
Assam - Plateau District 125,21672,1053.1,29.8,32.0,Rice,32.6,153.63,5468.8,71.56,1298.0,58.3,88.9,59.2,32.6
Odisha - East District 126,16581,974.3,41.3,23.2,Maize,41.0,272.2,5707.0,129.22,794.3,58.5,92.5,48.9,29.9
Gujarat - North District 127,12975,1080.3,64.8,28.2,Maize,30.0,193.55,3557.6,88.78,601.6,63.3,116.4,24.5,52.7
Kerala - Rural District 128,28061,1110.9,50.1,24.2,Rice,41.5,250.1,5885.9,109.96,1538.3,66.7,110.5,40.3,31.8
Andhra Pradesh - Plateau District 129,7772,1081.6,83.8,27.0,Wheat,30.0,198.69,2646.6,52.25,1440.8,44.7,99.7,39.1,33.6
Uttar Pradesh - North District 130,15503,1404.8,58.1,27.2,Rice,30.0,215.83,4212.1,80.37,1203.2,50.7,106.2,31.1,36.2
Jammu & Kashmir - Plateau District 131,118773,1144.4,72.8,29.3,Wheat,168.4,833.21,15598.0,316.4,8454.8,45.5,100.3,98.8,0.0
Nagaland - West District 132,115233,988.5,34.5,20.5,Maize,185.2,843.52,24793.6,562.7,3417.2,66.7,93.4,64.3,0.0
Jharkhand - Plains District 133,5848,1574.0,65.9,24.7,Wheat,30.0,173.23,2841.8,50.82,1543.4,45.2,101.5,59.0,24.3
Sikkim - Delta District 134,12009,876.8,75.0,24.9,Pulses,30.0,55.76,1117.0,22.59,919.5,48.8,96.3,29.3,40.6
Tamil Nadu - Delta District 135,16414,1404.6,53.8,29.5,Maize,31.5,205.28,3756.6,118.03,670.9,45.3,99.8,43.1,47.6
Jammu & Kashmir - East District 136,68509,1291.7,62.3,19.7,Wheat,109.5,711.5,8968.8,192.08,5073.6,47.5,93.5,62.9,10.7
Gujarat - Urban District 137,5157,409.9,76.5,17.9,Rice,30.0,129.15,3363.2,50.95,1295.5,82.2,104.0,61.6,28.4
Haryana - Central District 138,26094,807.4,20.0,32.1,Maize,43.4,143.42,5876.3,107.31,846.6,82.5,100.9,50.6,2.7
Rajasthan - Hills District 139,13514,1706.7,67.9,21.9,Rice,30.0,250.25,3568.1,57.89,1357.5,37.2,99.7,38.3,44.2
Rajasthan - Delta District 140,17487,1452.1,72.1,28.4,Rice,30.0,221.41,3683.2,75.17,1298.4,45.3,87.0,30.1,38.2
Maharashtra - South District 141,73121,200.0,63.7,29.8,Maize,93.0,414.93,8854.1,271.22,1830.9,90.7,100.5,52.0,0.0
Ladakh - South District 142,13773,446.1,87.1,22.4,Rice,30.0,102.03,3390.1,56.23,1206.1,79.2,98.4,55.5,38.0
Uttar Pradesh - Hills District 143,50909,904.1,43.3,26.7,Wheat,88.5,361.09,9457.1,120.74,4710.9,64.9,120.4,71.9,0.0
Chhattisgarh - East District 144,34643,1317.3,84.3,19.7,Wheat,60.8,282.88,5528.9,81.35,3131.3,59.1,97.1,41.3,24.0
Odisha - North District 145,13834,936.7,67.2,26.9,Rice,30.0,192.45,4021.6,81.11,1138.7,75.4,98.3,44.2,52.5
Uttar Pradesh - Urban District 146,34809,773.3,71.7,27.1,Maize,48.2,306.72,4232.0,89.17,954.8,76.1,101.4,48.2,13.2
Jharkhand - South District 147,14479,922.5,17.1,27.0,Wheat,30.0,93.49,4338.8,36.39,1477.8,77.9,98.3,44.8,40.6
Goa - East District 148,11304,1517.1,61.6,27.5,Pulses,30.0,124.24,1110.5,21.97,843.0,36.4,110.1,46.2,56.7
Uttarakhand - Hills District 149,23127,1530.5,61.1,25.5,Rice,30.0,220.82,4169.2,77.11,1169.3,37.0,106.1,34.3,47.1
Punjab - South District 150,41282,1198.1,60.0,29.5,Rice,43.1,283.76,5320.1,84.47,1766.8,49.2,103.2,58.9,33.3
Madhya Pradesh - Urban District 151,275881,1331.3,55.0,27.8,Rice,338.2,2139.4,43865.0,714.49,12608.4,39.6,108.6,99.4,0.0
Nagaland - Plateau District 152,21573,869.6,65.5,29.0,Wheat,35.3,103.67,3535.2,43.25,1841.8,76.8,108.3,36.4,29.5
Goa - East District 153,28753,1994.8,49.4,29.5,Rice,49.1,498.68,6983.6,146.34,1912.6,26.7,104.3,26.4,18.7
Punjab - Plains District 154,36787,1728.0,56.4,23.7,Rice,56.2,430.12,7674.8,146.65,2192.0,55.0,113.1,31.2,39.8
Jammu & Kashmir - Plateau District 155,15439,1048.1,69.6,24.8,Wheat,30.0,123.17,2661.1,34.98,1568.3,59.0,114.2,39.9,24.8
Bihar - Coastal District 156,8954,1263.3,52.4,26.6,Rice,30.0,205.26,3656.5,71.11,1326.5,54.7,108.4,38.0,28.9
West Bengal - South District 157,20867,1575.6,38.2,28.2,Rice,40.0,204.38,5990.4,80.32,1541.5,67.1,114.5,31.2,22.6
Gujarat - Hills District 158,26516,1615.6,57.8,25.1,Pulses,32.0,36.66,1398.8,15.91,878.7,39.7,113.5,62.6,7.1
Uttar Pradesh - North District 159,26434,386.8,65.1,21.5,Pulses,48.8,78.78,2452.3,32.61,1474.6,72.2,88.1,41.1,26.9
Jammu & Kashmir - Coastal District 160,38673,1182.2,54.2,30.8,Rice,50.7,348.63,8281.0,98.3,2173.9,51.1,99.4,56.0,0.0
Rajasthan - East District 161,2984,1549.8,82.0,22.3,Wheat,30.0,190.37,2422.6,48.14,1524.2,37.5,113.8,55.4,56.4
Karnataka - Delta District 162,15405,816.5,62.1,27.1,Wheat,30.0,138.68,2841.0,52.31,1428.6,86.8,92.9,30.9,38.8
Bihar - Plains District 163,18391,445.6,55.5,34.9,Wheat,30.0,88.48,3233.1,34.62,1621.5,79.1,108.5,48.2,19.0
Chhattisgarh - Coastal District 164,27234,559.7,80.4,25.1,Rice,33.1,150.49,3852.2,55.17,1281.4,83.6,111.2,40.7,16.5
Arunachal Pradesh - Plateau District 165,182502,1023.2,32.0,25.5,Maize,229.1,1555.84,30849.7,590.2,4379.1,46.5,121.7,88.1,0.0
Karnataka - Valley District 166,280601,1228.1,71.0,28.8,Rice,195.1,1213.06,25988.0,342.07,8087.8,54.2,105.5,90.5,0.0
Telangana - Rural District 167,66266,1512.9,84.9,27.9,Wheat,105.8,814.65,10172.4,218.44,5669.8,41.3,107.5,56.5,0.0
Delhi - West District 168,16615,739.4,54.4,27.8,Rice,32.3,156.62,4425.8,66.05,1187.4,52.7,110.4,47.7,45.6
Jammu & Kashmir - West District 169,16704,1148.6,51.9,31.8,Maize,30.0,164.33,3642.4,92.77,605.4,50.6,103.1,48.1,35.9
Bihar - Valley District 170,16971,919.0,41.4,26.5,Pulses,34.1,48.73,1544.8,24.95,1082.6,62.6,105.9,57.6,26.6
Jharkhand - South District 171,58452,851.2,72.0,29.7,Maize,129.1,812.73,12737.2,329.25,2651.0,55.9,101.2,67.5,17.0
Himachal Pradesh - Urban District 172,8997,1068.9,50.9,33.8,Rice,30.0,185.24,3505.6,73.99,1253.2,62.7,94.3,68.4,27.4
Sikkim - North District 173,63238,991.4,56.4,26.2,Wheat,73.6,340.12,7325.1,137.52,3673.1,60.3,100.0,59.5,6.9
Haryana - West District 174,93553,244.3,90.1,27.2,Maize,117.9,494.81,12614.6,220.34,2419.8,88.3,117.9,87.6,0.0
Uttar Pradesh - North District 175,20324,1860.5,38.0,31.9,Maize,30.0,309.79,3993.5,89.26,624.3,43.6,111.3,44.7,25.1
Haryana - Rural District 176,109944,504.3,79.4,34.6,Maize,230.4,1089.45,21239.3,691.54,4750.5,78.6,108.1,85.8,0.0
Chhattisgarh - Central District 177,38269,852.3,76.2,26.2,Wheat,30.0,86.06,2450.8,34.6,1505.2,78.0,107.7,45.2,14.0
Assam - South District 178,38700,726.6,60.5,27.2,Wheat,64.7,240.23,6673.2,100.24,3459.3,67.6,118.7,48.2,15.0
Manipur - North District 179,28073,1290.3,51.6,23.6,Rice,41.1,324.84,6302.8,110.88,1694.6,62.6,105.2,45.0,25.7
Goa - Delta District 180,19487,936.4,59.4,33.0,Wheat,30.3,100.67,3345.4,46.33,1502.0,72.1,110.2,25.3,33.3
Maharashtra - Rural District 181,15928,1149.5,79.6,24.9,Wheat,30.0,195.8,2696.5,58.22,1481.1,41.2,107.3,44.3,75.0
Tamil Nadu - Central District 182,39454,995.7,48.7,28.5,Rice,70.7,408.68,10968.5,138.61,2813.8,76.5,114.1,50.1,15.8
Himachal Pradesh - Coastal District 183,28894,1173.7,22.4,31.1,Wheat,48.6,163.47,6436.1,65.04,2518.1,52.3,108.4,55.8,26.6
Telangana - Plains District 184,46960,1788.8,57.5,19.0,Wheat,86.7,693.86,7775.5,167.01,4156.3,17.0,114.0,29.6,22.3
Tamil Nadu - Central District 185,16683,1567.0,52.0,32.4,Wheat,30.0,191.47,2707.0,45.62,1577.8,33.3,121.4,53.3,50.8
Nagaland - East District 186,12332,1027.8,58.8,23.5,Wheat,30.0,143.35,3051.5,48.47,1573.5,48.1,116.4,30.3,13.2
Punjab - Plains District 187,11264,1443.2,17.2,29.5,Wheat,30.0,188.41,4217.7,53.92,1595.8,45.3,97.9,55.9,50.0
Himachal Pradesh - West District 188,12774,872.3,56.8,32.1,Rice,30.0,128.4,4532.1,65.11,1137.7,69.7,105.0,50.5,19.4
Tamil Nadu - Urban District 189,43926,1174.6,60.4,32.8,Wheat,62.2,268.62,5894.2,86.21,2975.6,71.8,96.9,34.1,14.7
Odisha - Hills District 190,9761,1279.3,59.6,29.6,Wheat,30.0,171.96,3310.5,48.7,1586.1,55.8,104.5,52.5,41.7
West Bengal - North District 191,32867,861.8,58.5,29.0,Pulses,30.0,78.3,1493.5,20.69,890.0,67.0,100.2,92.5,34.3
Arunachal Pradesh - Plains District 192,22820,1350.2,73.4,25.4,Rice,48.1,368.9,5111.2,97.59,2010.1,40.2,116.4,39.5,41.2
Arunachal Pradesh - Hills District 193,51800,1735.0,53.3,26.2,Pulses,64.0,175.86,2474.8,38.43,2037.1,43.1,116.5,44.0,5.6
Sikkim - Plateau District 194,11222,1353.8,40.2,25.3,Wheat,30.0,184.53,3213.5,54.47,1526.8,49.9,114.1,48.0,31.5
Kerala - North District 195,84718,743.8,34.3,27.5,Wheat,108.5,445.67,12439.0,145.06,5384.1,77.7,119.0,61.9,0.0
Uttar Pradesh - Valley District 196,20347,1602.2,71.9,25.4,Wheat,30.0,173.27,2475.2,40.92,1645.6,58.3,109.5,62.5,36.6
Uttar Pradesh - East District 197,38526,1323.3,31.3,22.6,Wheat,85.1,313.02,8634.4,123.16,3846.5,64.6,101.1,68.5,11.9
Karnataka - North District 198,27199,582.7,46.6,29.9,Rice,33.7,123.8,4593.0,69.63,1455.6,80.3,100.7,57.1,32.6
Andhra Pradesh - Coastal District 199,30966,1455.8,61.6,25.8,Maize,30.0,240.7,3928.8,89.12,575.9,61.1,97.1,36.2,31.6
Uttarakhand - South District 200,9023,780.5,56.5,23.0,Wheat,30.0,111.98,3249.6,39.61,1660.3,55.7,104.2,33.3,16.2
Tripura - Delta District 201,94585,837.4,20.5,26.3,Wheat,146.3,504.89,16936.4,211.68,7596.7,62.1,116.1,66.2,0.0
Andhra Pradesh - East District 202,13679,1167.0,68.0,23.1,Wheat,30.0,118.98,2451.3,40.31,1563.3,46.2,102.8,56.8,45.9
Kerala - East District 203,31269,1058.5,53.4,34.0,Pulses,47.2,52.19,2274.3,28.26,1408.6,78.7,102.3,49.1,22.9
Tripura - North District 204,8159,1623.2,57.6,26.3,Rice,30.0,278.67,4771.1,89.58,1243.8,36.4,89.7,46.1,23.3
Manipur - Coastal District 205,25988,1357.8,73.1,33.5,Rice,55.5,387.94,6382.5,154.57,2006.9,54.8,103.9,60.2,30.9
West Bengal - Central District 206,15112,804.2,82.0,15.2,Rice,30.0,119.65,3788.9,47.55,1193.6,79.6,92.5,44.0,28.6
Andhra Pradesh - Rural District 207,15682,1183.2,61.9,27.8,Pulses,31.7,74.43,1302.9,23.33,914.6,59.2,105.8,49.3,51.6
Puducherry - Plains District 208,43317,989.2,30.2,28.9,Maize,62.5,256.59,8046.1,176.61,1330.9,78.1,95.3,60.0,23.1
Gujarat - Coastal District 209,25745,1346.1,47.6,24.8,Pulses,33.2,72.15,1482.4,19.84,1004.9,56.5,111.3,52.3,42.3
Puducherry - Delta District 210,25388,747.6,84.0,23.1,Wheat,32.4,159.77,2895.9,42.85,1552.6,76.5,98.5,46.6,21.6
Kerala - Plains District 211,8886,1440.0,42.7,32.0,Rice,30.0,182.68,3879.5,58.1,1361.6,53.8,117.3,49.4,38.2
Uttarakhand - Rural District 212,65099,417.3,63.9,33.0,Maize,122.0,422.05,12741.9,306.37,2630.3,89.3,119.9,61.2,0.0
Sikkim - East District 213,5770,2001.0,73.6,26.5,Rice,30.0,327.94,3409.8,93.34,1256.1,28.2,101.4,28.5,32.4
Uttar Pradesh - Rural District 214,16353,1773.7,63.2,26.6,Wheat,30.0,237.11,2456.1,65.12,1268.3,51.4,113.9,73.2,45.3
Puducherry - East District 215,40737,922.3,60.5,25.1,Rice,63.7,351.1,7306.2,127.36,2201.7,71.0,106.3,37.3,11.8
Gujarat - Hills District 216,39803,1819.5,57.0,29.5,Rice,76.9,708.56,10274.7,160.86,2844.5,30.2,105.8,77.1,2.1
Karnataka - Rural District 217,40141,690.8,43.3,33.2,Maize,52.3,210.77,7155.6,121.79,1101.5,71.3,116.0,59.0,20.5
Gujarat - Rural District 218,19067,1045.3,39.5,19.2,Rice,30.0,143.59,4930.6,65.5,1149.5,71.1,117.8,49.1,0.5
Nagaland - Urban District 219,13366,552.8,54.1,34.2,Rice,30.0,96.99,4123.6,44.04,1220.9,80.4,78.6,35.2,59.3
Assam - Valley District 220,9147,766.7,45.5,28.8,Wheat,30.0,116.29,3510.4,39.8,1463.3,62.8,111.3,72.8,46.2
Arunachal Pradesh - Central District 221,11512,1102.2,29.1,21.9,Rice,30.0,167.38,4903.0,63.07,1250.9,56.9,105.2,39.2,42.5
Kerala - West District 222,53180,1805.5,65.2,28.9,Maize,31.4,346.13,3570.4,136.28,617.3,38.1,112.1,61.7,1.7
Meghalaya - Central District 223,16555,1096.9,67.2,27.0,Pulses,31.4,46.67,1408.7,21.99,870.9,66.5,116.9,37.0,27.2
Rajasthan - Valley District 224,19790,200.0,67.9,25.0,Maize,30.0,61.79,3425.9,58.64,564.1,100.0,104.4,60.2,27.3
Assam - Valley District 225,12392,1471.6,32.9,28.4,Maize,30.0,249.76,4025.9,89.16,542.3,47.3,109.7,57.9,58.8
Andhra Pradesh - North District 226,9643,960.7,57.1,23.5,Rice,30.0,161.83,3461.0,70.71,1369.7,55.2,107.5,56.5,46.2
Chhattisgarh - West District 227,39035,951.3,34.4,24.1,Wheat,59.7,204.07,7018.0,92.34,2963.7,76.7,104.3,29.7,3.8
Himachal Pradesh - Delta District 228,39227,1785.9,52.7,24.0,Wheat,64.6,502.32,7029.7,141.84,3123.3,40.9,102.5,79.7,20.7
Odisha - Delta District 229,21889,1190.0,46.5,29.4,Rice,39.4,264.41,5188.7,85.6,1456.7,71.1,99.0,50.7,30.9
Punjab - Plateau District 230,102827,1201.0,54.4,25.9,Wheat,94.0,458.45,9654.7,142.96,4980.4,42.4,111.8,43.0,0.0
Uttarakhand - Coastal District 231,17980,940.6,57.7,28.5,Wheat,37.7,155.6,3708.1,48.19,1834.8,64.1,105.6,24.0,38.4
Uttar Pradesh - Urban District 232,38038,377.3,45.6,20.1,Wheat,47.3,75.37,4988.1,49.31,2461.9,97.0,112.7,43.7,9.6
Andhra Pradesh - Rural District 233,20211,1567.5,60.7,29.6,Pulses,30.0,47.64,1172.2,17.83,823.2,46.7,110.6,44.8,50.0
Jammu & Kashmir - Central District 234,64270,1187.2,70.5,32.3,Pulses,126.2,314.84,4944.0,88.06,4035.0,53.1,107.1,65.4,0.0
Manipur - North District 235,14177,1035.3,45.5,27.2,Maize,30.0,174.55,4060.7,97.2,569.6,57.4,99.2,32.0,35.6
Sikkim - Central District 236,39944,1458.6,40.3,29.6,Wheat,36.6,184.28,3979.5,55.46,1920.3,56.0,117.8,60.8,24.2
Uttarakhand - South District 237,4333,1345.9,36.6,25.0,Wheat,30.0,175.57,3775.9,43.85,1551.0,64.2,109.3,42.2,29.4
Goa - Plateau District 238,10882,1282.3,49.4,28.0,Wheat,30.0,147.08,2664.3,39.54,1288.6,58.1,109.8,43.7,36.2
Gujarat - Coastal District 239,50106,850.0,66.9,29.2,Pulses,88.5,193.63,3442.9,55.32,2674.5,55.8,124.1,69.9,8.0
Nagaland - East District 240,10454,1410.8,35.6,28.1,Maize,30.0,190.59,3687.2,88.72,657.4,54.3,107.2,35.4,43.3
Uttarakhand - Plains District 241,44835,1270.8,51.7,24.6,Rice,84.7,443.83,11454.8,215.51,3248.3,61.0,106.4,56.0,0.0
Himachal Pradesh - Rural District 242,35953,1020.7,37.9,25.9,Rice,63.8,181.85,10984.8,107.24,2248.4,60.1,104.9,62.7,41.9
Jharkhand - Rural District 243,18283,699.5,67.5,26.7,Wheat,30.0,135.02,2984.9,49.25,1591.2,77.5,117.1,43.2,39.0
Jammu & Kashmir - Plateau District 244,43069,952.3,50.0,22.8,Maize,60.5,319.7,7270.8,149.57,1259.6,60.2,101.2,32.8,28.4
Tripura - Delta District 245,15559,1627.1,24.6,30.5,Rice,30.0,256.44,4536.3,90.0,1135.6,43.5,112.1,17.6,34.2
Jammu & Kashmir - Delta District 246,28609,1299.8,52.0,26.4,Wheat,59.0,337.02,6209.1,74.53,3129.8,46.4,119.0,40.6,38.6
Arunachal Pradesh - Plateau District 247,26227,1110.8,74.6,25.8,Wheat,41.0,239.34,3788.3,55.74,2245.6,72.5,107.5,53.8,20.2
Bihar - Plateau District 248,12139,768.0,37.6,31.2,Rice,30.0,100.93,4185.9,57.11,1207.5,68.4,100.5,45.8,39.9
Chhattisgarh - Hills District 249,26057,1452.7,48.8,31.4,Rice,33.6,243.67,4947.5,73.52,1402.9,62.4,104.3,63.7,28.6
Nagaland - Coastal District 250,16095,1224.9,35.8,22.3,Wheat,39.9,213.36,5085.2,69.65,1947.1,58.4,104.2,34.2,28.3
Goa - Plateau District 251,62240,1269.3,34.6,25.4,Wheat,122.6,670.08,15177.8,230.61,6603.5,55.7,115.9,45.9,0.0
Rajasthan - Delta District 252,128431,1169.8,57.4,27.6,Pulses,158.7,379.85,7314.3,98.47,5121.3,59.5,114.0,53.6,0.0
Nagaland - Rural District 253,17942,285.3,52.6,26.2,Maize,30.0,23.24,3665.2,62.31,690.7,88.4,101.5,57.0,28.3
Himachal Pradesh - Delta District 254,116024,1034.2,62.7,24.2,Rice,126.8,812.22,14578.7,271.36,5026.8,55.9,109.3,53.8,0.0
Tamil Nadu - Plateau District 255,10603,1326.0,58.5,21.4,Maize,30.0,245.31,3830.0,98.67,637.9,70.8,101.5,40.8,24.4
Rajasthan - Rural District 256,12760,816.1,86.2,27.5,Maize,30.0,151.04,2966.5,80.87,627.5,84.3,112.6,49.7,42.5
Gujarat - Rural District 257,82293,1243.0,75.1,24.1,Wheat,106.1,756.68,10063.7,189.92,4997.3,61.2,106.7,63.9,0.0
Jharkhand - Urban District 258,66540,925.9,62.4,34.0,Wheat,103.6,230.22,10432.7,118.5,4743.6,63.8,121.7,65.3,0.0
Bihar - Coastal District 259,71818,1225.7,58.1,21.6,Pulses,143.2,237.59,7463.6,90.8,4495.8,61.5,105.1,75.2,0.0
Sikkim - Coastal District 260,51445,1622.1,51.7,23.9,Maize,97.9,879.0,12336.1,363.82,1976.8,36.0,108.8,57.1,0.0
Punjab - South District 261,25464,1024.3,70.5,24.4,Rice,30.0,174.15,3172.1,48.81,1173.4,61.4,107.4,59.6,5.6
Assam - Rural District 262,26903,999.4,64.4,20.6,Rice,30.0,167.12,3614.4,73.93,1109.8,55.6,98.8,43.3,40.5
Punjab - Urban District 263,6490,1358.2,94.2,27.2,Rice,30.0,257.84,3176.9,92.56,1188.4,48.5,107.2,48.5,43.4
Kerala - Urban District 264,39980,532.7,20.0,27.7,Rice,32.4,124.19,5745.1,53.73,1297.6,93.4,104.8,58.7,13.1
Nagaland - North District 265,4576,1036.6,68.2,31.6,Maize,30.0,216.94,3553.5,76.4,622.1,70.5,89.0,52.5,53.9
Haryana - Valley District 266,101745,1515.7,48.3,24.5,Wheat,160.7,874.11,17622.2,220.58,8746.6,58.3,110.2,59.0,0.0
Jharkhand - Plateau District 267,54981,679.6,43.2,30.9,Rice,108.2,433.65,15419.2,177.06,3988.0,75.5,111.4,79.5,11.4
Tripura - East District 268,161837,928.7,51.4,27.2,Pulses,238.2,158.14,10816.0,134.65,6990.8,54.1,109.7,78.0,0.0
Assam - Coastal District 269,37579,1288.4,62.7,28.0,Rice,68.4,478.37,10773.7,170.73,2937.1,66.1,117.0,56.2,8.3
Karnataka - Delta District 270,9495,701.8,24.2,26.0,Rice,30.0,120.06,4839.1,55.35,1187.7,83.4,104.9,63.7,30.3
Haryana - Delta District 271,9441,1322.5,18.3,26.1,Pulses,30.0,26.66,1581.0,17.76,839.6,49.4,90.4,43.8,24.1
Meghalaya - South District 272,11976,1610.0,42.6,24.5,Rice,30.0,259.22,4166.0,56.8,1268.4,34.7,105.7,45.0,31.2
Manipur - Plains District 273,14459,1231.6,56.0,23.7,Wheat,30.0,166.31,3271.3,53.21,1542.8,58.7,102.7,47.4,55.3
Bihar - Delta District 274,37716,1391.6,54.3,24.9,Maize,80.2,758.87,10387.8,256.84,1613.2,50.6,117.3,41.7,22.3
Punjab - Central District 275,11131,1925.8,64.3,33.8,Wheat,30.0,200.65,2844.4,57.78,1477.5,53.5,106.9,49.7,40.8
Goa - Delta District 276,55739,1201.0,51.8,27.8,Maize,99.1,688.48,11133.7,270.77,2078.9,55.3,98.3,58.8,22.3
Maharashtra - West District 277,39755,1039.5,70.8,22.0,Wheat,59.6,341.34,5105.4,69.77,3012.1,70.9,114.8,57.6,0.8
Madhya Pradesh - East District 278,44542,1330.2,87.3,17.1,Maize,95.6,1043.72,8780.4,342.26,1859.7,31.7,109.8,42.7,15.8
Delhi - West District 279,15752,928.1,70.7,21.7,Wheat,30.0,170.37,2355.8,46.85,1453.6,57.3,93.3,59.1,39.0
Puducherry - Coastal District 280,45821,942.9,46.6,23.7,Pulses,34.2,77.64,1678.5,21.26,1047.1,57.0,102.4,64.4,0.0
Maharashtra - East District 281,8134,1446.0,37.7,28.2,Maize,30.0,210.59,4095.0,65.74,640.4,36.9,98.0,52.1,45.1
Himachal Pradesh - West District 282,10468,1659.5,47.5,30.0,Wheat,30.0,183.07,3361.0,41.83,1409.3,47.4,114.0,41.6,49.2
Rajasthan - Valley District 283,9251,1122.8,83.7,26.8,Wheat,30.0,188.65,2475.1,44.16,1591.5,66.6,106.2,18.8,43.1
West Bengal - Hills District 284,51950,943.4,54.9,16.6,Maize,87.0,528.19,9074.5,300.32,1784.1,62.6,110.0,32.6,0.0
Sikkim - Plains District 285,57687,640.0,51.8,28.9,Rice,31.1,165.67,4297.9,67.38,1189.7,71.5,97.5,34.0,12.3
Punjab - Valley District 286,5779,1195.0,38.0,24.8,Rice,30.0,141.7,4285.6,53.88,1255.7,75.8,118.6,39.0,39.0
Delhi - Plateau District 287,19158,929.7,37.8,26.1,Rice,46.2,225.87,6968.9,71.85,1885.7,57.8,98.6,37.5,41.3
Tripura - East District 288,96814,853.8,37.2,25.2,Rice,156.3,721.14,23007.8,317.01,6333.4,77.7,106.0,58.5,0.0
Uttar Pradesh - Urban District 289,14346,1237.8,77.9,21.2,Pulses,30.0,31.84,1061.3,13.39,942.5,56.4,100.1,35.0,46.1
Odisha - Hills District 290,6475,1124.4,83.1,26.8,Rice,30.0,198.88,3321.0,62.38,1202.5,57.0,100.4,48.1,39.8
Delhi - Valley District 291,10607,829.0,51.9,28.7,Wheat,30.0,131.27,3077.5,42.49,1494.1,61.2,91.2,30.5,37.2
Tamil Nadu - Coastal District 292,93791,721.8,54.8,25.4,Maize,247.4,1020.78,27366.9,529.47,5067.2,71.3,109.5,67.0,0.0
Bihar - Delta District 293,13533,908.8,83.0,23.2,Rice,30.0,163.21,3479.4,59.23,1209.6,56.7,111.8,43.0,22.9
Himachal Pradesh - Valley District 294,20738,1235.0,67.0,22.6,Pulses,30.0,100.72,1394.2,22.84,1068.1,67.1,123.6,53.7,25.8
Jharkhand - North District 295,35529,1105.0,49.9,24.1,Wheat,82.8,349.45,8073.1,110.24,4226.3,61.9,107.4,37.9,15.1
Punjab - Plains District 296,53578,1463.2,70.0,24.5,Wheat,61.8,515.29,4681.3,111.59,2951.7,42.5,108.5,73.4,9.8
Madhya Pradesh - Urban District 297,4897,1001.3,77.3,31.1,Rice,30.0,188.87,3780.2,67.97,1337.5,64.6,105.6,49.5,41.8
Uttarakhand - Plateau District 298,11310,719.7,47.9,25.3,Wheat,30.0,75.5,3481.5,41.88,1604.2,68.6,81.4,29.8,50.2
West Bengal - Rural District 299,26591,1415.5,66.2,20.1,Rice,30.0,205.25,4188.2,70.39,1174.9,45.7,85.8,72.2,33.9
Nagaland - Urban District 300,16123,1201.5,44.2,28.3,Wheat,30.0,151.5,3969.7,55.25,1591.9,55.2,110.5,54.5,25.9
Chhattisgarh - Coastal District 301,32652,651.1,51.1,20.4,Rice,39.0,166.78,5701.5,74.04,1547.5,76.1,126.0,66.7,27.6
Karnataka - North District 302,48228,1340.7,81.4,23.0,Maize,64.9,505.18,6727.8,247.94,1407.2,63.6,93.5,61.1,6.7
Karnataka - Plateau District 303,16349,1357.0,38.1,20.7,Wheat,30.0,147.99,3230.7,50.0,1380.2,51.0,109.3,58.9,55.9
Chhattisgarh - South District 304,18147,1209.4,40.7,29.8,Wheat,30.0,161.79,3746.9,44.11,1545.2,55.9,103.8,33.0,38.8
Punjab - Central District 305,23477,1508.9,64.7,25.1,Maize,48.7,361.36,5746.9,154.3,865.9,51.3,97.2,71.3,14.3
Puducherry - Central District 306,59095,1316.0,54.2,25.1,Maize,111.0,900.93,13486.8,409.2,2224.4,48.4,103.0,58.0,0.0
Andhra Pradesh - East District 307,40372,1024.4,89.5,29.7,Rice,35.3,223.57,3721.1,96.49,1462.2,49.7,105.1,68.7,0.0
Nagaland - North District 308,20225,1347.4,47.5,31.6,Maize,30.0,216.81,3668.1,110.28,638.6,52.8,100.4,69.3,37.1
Telangana - Rural District 309,47546,1149.0,84.9,18.2,Maize,71.9,658.15,7035.8,273.09,1382.2,49.6,95.7,36.0,8.2
Bihar - North District 310,130880,1044.8,47.8,24.3,Rice,194.5,1127.5,27883.1,434.62,7380.8,67.7,105.1,75.6,0.0
Manipur - North District 311,22595,1623.0,45.4,28.1,Pulses,32.8,57.34,1417.9,17.68,888.9,34.5,106.4,23.7,27.8
Uttar Pradesh - East District 312,15693,849.0,40.7,29.1,Maize,41.4,194.78,5326.8,116.99,862.4,60.7,107.5,23.9,40.9
Gujarat - Delta District 313,19246,646.0,70.6,25.3,Rice,35.9,154.43,4471.3,68.29,1411.1,71.8,89.6,50.9,31.6
Delhi - Urban District 314,29766,540.4,63.7,28.1,Wheat,80.3,225.13,9038.8,96.12,3962.2,81.0,111.9,62.0,31.2
Nagaland - Central District 315,42766,887.0,57.8,27.3,Rice,30.6,188.24,3725.9,70.11,1113.7,75.3,98.9,45.9,33.0
Jharkhand - Valley District 316,11026,1560.2,70.4,31.8,Maize,30.0,294.11,3519.1,109.15,622.8,44.7,99.9,33.0,40.0
Arunachal Pradesh - Plateau District 317,13484,788.6,53.7,23.6,Wheat,30.0,127.0,3142.3,44.16,1292.4,64.6,106.6,41.1,33.3
Uttarakhand - Coastal District 318,29744,1800.4,63.0,29.6,Rice,45.6,371.21,5332.8,132.26,1738.2,38.2,99.7,49.5,16.4
Manipur - Central District 319,12495,1446.0,32.9,28.5,Wheat,30.0,159.5,3402.4,53.13,1485.8,35.8,95.8,53.4,30.9
Tamil Nadu - Delta District 320,15709,1149.4,51.0,19.0,Rice,30.0,184.87,4291.6,67.01,1130.1,56.1,114.3,45.9,30.5
Punjab - West District 321,22423,986.5,58.3,26.9,Pulses,34.1,49.65,1430.5,26.08,985.1,62.0,101.2,52.6,18.8
Maharashtra - Valley District 322,31727,959.3,74.7,21.4,Wheat,53.3,313.87,5062.3,101.37,2451.7,55.7,115.7,58.2,20.9
Nagaland - Coastal District 323,7924,820.0,45.3,22.5,Rice,30.0,100.99,4811.9,59.28,1306.3,58.5,99.8,44.3,23.2
Sikkim - West District 324,23681,1089.3,82.7,27.4,Wheat,45.4,246.49,4013.9,53.99,2467.8,54.2,102.3,40.3,30.3
Maharashtra - Central District 325,5847,1269.9,83.0,32.4,Rice,30.0,233.71,3522.6,77.38,1157.0,49.2,113.5,47.3,43.8
Rajasthan - Hills District 326,20078,1106.5,44.5,29.3,Wheat,36.1,195.27,3964.3,57.52,1732.2,66.5,105.5,54.9,21.7
Madhya Pradesh - North District 327,42081,799.3,56.3,18.8,Rice,46.9,183.24,6950.9,87.44,1798.5,78.6,99.8,57.9,23.0
Karnataka - East District 328,33259,703.2,31.1,26.5,Maize,74.7,154.4,10487.6,191.22,1317.0,62.5,101.1,48.9,5.5
Punjab - Hills District 329,20835,1469.6,62.2,28.6,Rice,30.0,168.98,4098.9,67.99,1123.2,49.8,94.2,45.5,45.3
Maharashtra - North District 330,18978,1597.1,75.1,28.6,Rice,30.0,246.87,4009.0,77.67,1165.3,43.0,86.2,50.3,49.4
Manipur - North District 331,42600,1142.0,56.2,26.2,Wheat,41.4,202.75,3799.5,67.4,1976.8,65.8,118.6,72.2,22.2
Kerala - West District 332,48406,1266.4,56.1,29.8,Rice,106.3,652.86,13020.3,234.2,4653.5,57.8,90.3,41.2,15.5
Chhattisgarh - Urban District 333,7367,1132.9,49.5,22.8,Pulses,30.0,57.05,1597.3,19.28,843.6,49.5,102.7,39.9,39.0
Manipur - Urban District 334,45355,767.3,90.5,28.6,Rice,59.2,272.0,5119.2,119.35,2262.5,56.2,97.2,45.3,4.0
Arunachal Pradesh - West District 335,13578,1453.9,22.1,29.9,Wheat,30.0,175.94,3576.2,55.07,1449.1,43.2,127.1,44.6,49.8
Nagaland - Valley District 336,125992,1067.3,66.0,31.9,Rice,242.1,1458.88,28804.3,413.87,9217.7,57.1,132.3,64.3,0.0
Karnataka - East District 337,7023,680.8,51.8,23.9,Rice,30.0,88.25,3883.5,60.75,1191.4,65.7,114.4,46.7,40.0
Sikkim - Urban District 338,86471,1000.2,65.8,25.4,Rice,143.5,900.9,17911.1,264.44,6148.5,64.1,109.5,46.6,0.0
Bihar - Hills District 339,38697,1100.3,74.2,27.4,Maize,99.6,808.98,10614.0,269.92,1953.7,69.0,85.2,26.5,31.0
Assam - North District 340,14772,325.3,40.2,29.7,Rice,30.0,34.82,4267.7,40.37,1112.6,88.6,108.8,32.1,37.7
Ladakh - West District 341,11858,1476.0,51.5,18.4,Pulses,30.0,61.26,1464.0,21.63,907.3,56.8,87.4,49.0,54.7
Tamil Nadu - East District 342,7218,740.4,32.5,27.1,Rice,30.0,137.2,4885.6,48.95,1218.9,72.0,87.8,55.8,51.8
West Bengal - East District 343,41217,895.1,81.8,28.3,Maize,37.2,269.07,3696.7,110.53,639.4,66.0,108.4,58.4,19.0
Punjab - Central District 344,33305,1538.3,47.6,25.1,Rice,49.6,360.38,6528.9,138.37,1949.4,40.7,105.3,59.1,13.8
Sikkim - West District 345,23358,1610.2,52.4,29.0,Maize,50.2,438.26,5903.9,172.33,1021.9,40.3,98.8,42.9,21.6
Tamil Nadu - Valley District 346,76988,1252.1,47.7,25.2,Rice,101.0,699.85,14984.3,200.46,3858.3,56.3,113.4,40.6,1.7
Tamil Nadu - Delta District 347,23688,1038.6,52.5,27.4,Maize,30.9,200.59,3886.5,84.1,568.3,77.3,117.7,66.1,40.5
Assam - Urban District 348,54161,1145.7,49.5,26.0,Rice,61.8,338.36,8341.0,137.49,2396.0,71.8,106.0,59.7,0.0
Himachal Pradesh - North District 349,4891,598.0,68.2,25.1,Maize,30.0,90.19,3218.1,70.06,615.6,92.0,107.3,45.7,33.6
Manipur - West District 350,21278,815.4,52.5,22.6,Maize,32.5,84.55,4458.9,76.13,582.2,71.6,132.4,75.8,33.8
Andhra Pradesh - East District 351,24593,1439.4,74.4,24.2,Maize,30.0,233.48,2867.7,77.54,589.2,48.5,103.7,63.6,33.2
Assam - Plains District 352,27378,1320.2,57.7,23.4,Wheat,36.6,197.27,3905.5,55.77,1909.3,41.9,112.0,45.1,19.9
Telangana - West District 353,18354,1116.5,70.9,23.7,Maize,30.0,162.59,2991.2,87.12,617.5,55.9,111.7,40.0,35.1
Madhya Pradesh - Plateau District 354,15616,1696.3,84.8,23.6,Wheat,30.0,202.27,2333.7,55.54,1381.7,30.7,94.1,56.3,11.3
Delhi - Plateau District 355,47423,1449.7,58.4,33.1,Rice,33.7,192.27,5305.4,77.77,1400.8,48.7,109.7,61.0,8.4
Goa - Central District 356,15443,610.6,55.6,27.8,Maize,30.0,167.57,3752.6,74.83,614.5,84.6,110.3,41.4,46.1
Jharkhand - North District 357,23812,1003.6,54.0,22.2,Wheat,35.9,192.8,3792.2,64.06,1734.9,67.3,93.3,47.1,43.7
Jammu & Kashmir - Hills District 358,81723,933.3,59.9,28.1,Rice,178.5,981.41,26399.3,403.98,6574.4,66.8,108.4,45.2,0.0
West Bengal - West District 359,59183,779.0,57.7,24.3,Maize,44.9,188.55,6255.2,111.03,809.4,78.4,106.4,69.4,19.7
Arunachal Pradesh - Coastal District 360,5941,1325.0,46.5,27.1,Maize,30.0,186.3,4186.9,84.95,603.3,44.9,99.6,49.2,41.3
Telangana - Plateau District 361,27846,1737.5,48.3,28.3,Rice,47.0,319.13,7656.2,141.33,1955.9,31.7,111.2,48.1,22.8
Chhattisgarh - Urban District 362,24130,677.4,32.0,23.0,Maize,31.6,148.22,4905.3,75.96,644.1,70.7,101.2,60.8,13.7
Delhi - Hills District 363,12115,408.4,63.5,27.4,Wheat,30.0,108.24,2777.7,41.89,1480.4,97.0,96.4,60.7,45.3
Meghalaya - Coastal District 364,8498,1491.2,82.6,27.2,Maize,30.0,266.78,2895.3,75.14,595.9,42.5,102.4,46.6,41.9
Manipur - Urban District 365,42706,2274.1,74.4,31.1,Wheat,74.9,627.41,7653.9,125.2,3759.8,25.3,94.6,65.8,20.6
Rajasthan - Delta District 366,5219,461.3,60.5,20.2,Rice,30.0,115.93,3800.7,51.0,1222.8,75.5,118.0,29.6,25.4
Chhattisgarh - Rural District 367,22251,1283.1,47.6,28.0,Wheat,33.7,183.23,3664.3,58.14,1493.9,67.3,99.1,47.2,31.2
Ladakh - North District 368,26299,1095.3,73.3,24.4,Maize,35.5,226.38,3570.8,98.26,788.8,57.4,100.5,55.6,53.1
Ladakh - Urban District 369,16479,1198.7,43.5,31.2,Wheat,32.2,154.38,3381.4,50.43,1508.5,47.4,110.2,41.8,37.6
Kerala - South District 370,27420,1125.8,74.3,29.7,Rice,30.0,209.09,3423.3,73.23,1208.7,48.4,80.0,49.7,23.2
Goa - South District 371,53050,544.2,61.6,27.9,Wheat,60.8,186.37,6613.0,71.04,3278.9,92.4,126.6,68.8,0.0
Manipur - Central District 372,27471,806.0,67.3,23.9,Wheat,40.8,137.85,4038.5,65.88,2241.2,83.3,97.1,69.0,26.2
Manipur - Plateau District 373,55084,282.3,43.1,30.3,Pulses,91.9,188.75,4559.7,76.67,2615.5,82.9,110.8,71.1,0.0
Tripura - Coastal District 374,39773,1639.6,50.2,28.2,Rice,55.9,484.83,8157.1,154.86,2408.6,39.1,115.1,53.5,17.8
Jharkhand - West District 375,18697,696.9,67.3,36.0,Rice,30.0,154.47,3551.1,38.56,1338.2,60.0,86.0,70.8,42.3
Jammu & Kashmir - Urban District 376,19936,646.3,16.2,32.9,Pulses,40.7,95.04,2347.4,29.36,1208.7,65.9,113.0,45.0,23.2
Sikkim - East District 377,31754,1096.0,64.9,24.7,Wheat,43.8,173.67,4234.6,63.08,2157.4,68.2,107.2,58.1,55.8
Haryana - Delta District 378,26567,877.6,70.7,35.2,Maize,30.0,142.32,3242.5,60.43,593.1,72.8,115.5,61.5,14.8
Karnataka - West District 379,17200,1741.3,57.8,28.2,Wheat,30.0,220.6,2650.1,63.05,1434.3,23.2,126.5,57.1,25.5
Gujarat - Coastal District 380,15682,1318.5,74.0,26.2,Wheat,30.0,175.37,2250.8,53.22,1545.1,60.0,100.7,59.8,37.3
Ladakh - North District 381,31541,829.3,40.1,28.9,Rice,42.2,172.26,6916.1,68.71,1705.9,62.7,104.8,70.7,3.4
Maharashtra - Delta District 382,48363,1429.1,60.2,27.0,Rice,62.7,409.62,6577.0,127.62,2552.1,33.7,108.2,55.2,12.5
Jharkhand - Valley District 383,17035,200.0,67.0,31.7,Maize,33.6,93.2,3704.2,85.53,702.9,100.0,105.4,47.9,28.8
Sikkim - South District 384,56364,1556.2,66.9,22.4,Rice,98.3,700.7,12563.5,257.12,3812.0,50.5,114.2,57.4,9.3
Tripura - North District 385,21517,1607.5,54.8,23.0,Maize,36.8,322.47,4779.3,145.32,660.7,40.1,110.9,63.9,54.8
Andhra Pradesh - Plains District 386,37871,2031.4,63.2,23.7,Rice,60.9,557.14,7669.7,137.43,2419.4,27.3,101.6,41.7,16.1
Jharkhand - North District 387,72633,1633.8,25.8,22.8,Wheat,116.6,649.32,14264.0,181.9,6047.2,51.7,96.7,58.1,4.1
Karnataka - East District 388,20941,1101.3,43.5,23.0,Rice,30.0,139.04,4081.4,51.11,1176.1,54.1,114.6,39.0,37.1
Himachal Pradesh - Plains District 389,16409,917.5,71.0,27.6,Rice,30.0,193.44,3565.0,65.53,1238.2,54.2,108.1,42.1,38.3
Assam - Coastal District 390,17523,1201.5,67.5,24.1,Wheat,30.0,143.76,2771.0,47.62,1437.7,66.5,108.0,67.3,20.6
Maharashtra - South District 391,36785,810.9,60.5,29.2,Maize,56.8,292.96,6952.2,167.37,1151.9,89.7,107.2,53.5,25.9
Jammu & Kashmir - Coastal District 392,134163,481.7,44.8,24.0,Wheat,131.4,507.31,15624.3,230.47,6994.3,92.8,107.6,66.7,0.0
Haryana - Rural District 393,17516,1299.2,25.9,27.6,Wheat,30.0,120.49,3813.0,41.91,1464.4,41.9,101.6,53.7,41.3
Nagaland - Rural District 394,10523,1256.1,40.5,27.7,Pulses,30.0,62.54,1491.4,20.97,901.1,57.3,105.3,57.4,8.7
Goa - Central District 395,13838,1080.1,67.4,24.9,Pulses,30.0,35.32,1395.3,19.85,873.3,47.8,116.4,38.4,29.5
Maharashtra - Delta District 396,35812,831.6,47.7,29.8,Rice,71.5,234.95,9340.3,109.87,2679.5,69.0,104.5,39.5,27.0
Delhi - Hills District 397,65341,1425.2,55.7,17.7,Rice,157.8,1179.69,22298.4,420.93,7053.2,34.1,104.4,45.7,0.0
Telangana - North District 398,32215,1659.5,42.3,20.7,Wheat,44.4,298.49,5723.3,76.43,2287.4,53.0,89.0,50.2,21.1
Himachal Pradesh - South District 399,22746,566.2,78.3,22.6,Wheat,30.0,65.07,2531.3,42.14,1387.7,81.9,104.6,48.7,26.2
Madhya Pradesh - Plains District 400,56210,1343.1,51.0,29.8,Rice,132.9,822.43,18394.9,320.72,5734.9,41.5,102.7,41.5,0.0
Sikkim - North District 401,29059,1205.2,43.4,29.0,Wheat,54.1,293.58,6538.0,80.83,2396.1,62.6,99.3,56.6,25.7
Meghalaya - Hills District 402,7471,1732.0,58.5,26.0,Maize,30.0,289.68,3859.9,117.02,553.2,50.1,119.0,33.9,34.7
Ladakh - Valley District 403,17794,926.0,44.5,26.6,Pulses,37.4,27.59,1623.6,21.14,1137.2,64.3,108.5,64.2,29.9
Bihar - South District 404,22244,1384.0,85.6,30.0,Maize,36.6,325.63,3365.7,129.86,645.8,40.7,95.0,44.0,27.1
Odisha - Plains District 405,41637,1129.4,61.6,27.0,Maize,84.6,512.6,8459.9,290.65,1591.9,54.1,124.6,49.3,18.3
Himachal Pradesh - East District 406,22971,1634.1,55.8,20.9,Wheat,30.8,182.49,2965.8,55.16,1500.9,47.6,115.6,32.5,25.3
Ladakh - North District 407,62039,1380.8,73.5,31.8,Maize,103.6,891.18,10534.1,352.96,2151.3,48.7,139.4,55.4,14.7
Assam - Valley District 408,10371,1032.1,48.7,24.5,Rice,30.0,116.78,4764.1,65.0,1205.5,73.7,110.0,50.7,34.4
Kerala - Central District 409,10286,926.2,67.3,28.3,Wheat,30.0,164.47,2892.0,40.5,1385.9,60.5,99.0,17.9,40.3
Kerala - Rural District 410,47938,1672.8,74.7,28.3,Wheat,86.2,566.77,8306.0,174.93,4085.8,42.2,92.3,58.5,26.9
Chhattisgarh - Plateau District 411,14006,1116.1,100.0,26.5,Maize,30.0,202.45,2566.1,88.53,586.9,67.8,110.2,50.9,39.0
Nagaland - Valley District 412,9243,1469.5,62.0,16.6,Rice,30.0,235.38,3841.5,68.77,1235.2,35.9,101.3,29.8,33.3
Nagaland - Delta District 413,5901,1781.2,76.4,25.1,Maize,30.0,305.2,3319.5,117.33,617.8,32.9,98.6,54.4,54.8
Uttarakhand - Urban District 414,22789,1214.7,74.9,33.2,Maize,30.0,233.15,2935.0,93.52,582.7,55.7,115.3,63.1,47.7
Haryana - North District 415,35581,1218.1,51.1,27.2,Wheat,62.6,324.74,6028.3,99.37,3030.1,43.7,116.4,69.6,25.3
Kerala - East District 416,16179,680.1,89.9,27.2,Pulses,31.7,35.87,1191.0,22.99,973.5,71.7,91.7,46.6,43.3
Arunachal Pradesh - Rural District 417,53706,1050.7,36.5,24.9,Rice,94.8,566.39,12753.2,206.13,3888.3,66.5,119.9,65.8,1.5
Telangana - South District 418,7152,2225.6,81.2,23.8,Maize,30.0,352.73,2786.6,116.05,628.5,3.6,93.7,43.5,54.1
Madhya Pradesh - South District 419,15456,1069.4,66.6,24.2,Rice,35.7,190.5,4787.3,74.35,1476.2,61.4,126.1,46.4,19.7
Uttarakhand - Rural District 420,29851,1625.3,82.8,26.1,Wheat,40.3,327.31,3108.1,79.58,1907.4,39.9,86.2,74.9,10.3
Haryana - Central District 421,21928,1045.7,81.2,26.5,Rice,30.0,193.74,3733.3,45.65,1203.4,71.5,117.0,32.3,28.9
Haryana - Delta District 422,41513,1484.2,65.1,24.4,Rice,63.8,394.95,8426.1,123.02,2381.9,39.3,104.1,46.6,6.1
Himachal Pradesh - Plains District 423,17420,1312.3,85.6,21.5,Maize,30.0,253.25,2536.0,92.92,616.3,46.0,114.2,41.9,20.4
Uttarakhand - Hills District 424,22525,1120.7,65.5,27.9,Rice,38.5,232.08,5193.3,75.19,1579.0,62.4,100.3,63.5,27.5
Gujarat - Hills District 425,73287,1019.2,58.9,20.5,Maize,123.6,736.12,15123.0,478.13,2311.5,74.3,106.1,52.1,0.0
Ladakh - Urban District 426,3304,957.6,55.2,24.4,Rice,30.0,139.92,4195.5,61.73,1174.0,53.0,94.3,52.2,52.7
Madhya Pradesh - North District 427,32537,1260.0,42.9,32.8,Pulses,30.0,72.63,1527.5,22.49,906.7,51.0,94.4,33.6,47.6
West Bengal - Coastal District 428,10817,1139.6,44.2,31.7,Maize,30.0,203.05,4447.1,96.8,565.9,58.6,109.3,32.4,66.2
Rajasthan - North District 429,21906,746.2,59.9,26.9,Maize,36.5,181.25,4637.7,96.9,554.0,63.5,99.3,74.2,23.8
West Bengal - Valley District 430,46406,823.1,43.9,22.9,Rice,48.7,172.86,7654.2,94.99,1953.2,69.4,108.0,48.2,2.8
Telangana - Urban District 431,65559,1104.7,59.5,25.7,Rice,62.4,385.21,9210.3,154.95,2697.5,60.4,111.4,34.7,0.0
Goa - Rural District 432,30241,1019.4,45.3,25.7,Wheat,30.0,135.84,3755.3,56.16,1483.2,70.9,121.4,40.7,23.5
Karnataka - Plateau District 433,15045,1673.2,52.4,23.6,Maize,33.0,316.83,3548.5,133.37,644.9,28.5,117.4,70.1,21.7
Karnataka - Hills District 434,8963,1639.7,37.5,25.6,Wheat,30.0,158.7,3358.1,44.47,1542.7,41.3,110.2,48.3,56.0
Ladakh - Coastal District 435,12830,1224.6,37.0,26.6,Wheat,30.0,129.76,3466.2,42.3,1558.5,66.4,112.2,71.9,44.2
Delhi - Plateau District 436,4449,1769.4,61.9,37.6,Maize,30.0,243.91,3958.9,79.38,610.3,33.5,99.8,48.2,35.4
Arunachal Pradesh - East District 437,64325,458.1,67.3,22.7,Wheat,58.4,218.38,4937.1,85.8,2972.2,85.6,92.0,49.0,9.8
Nagaland - Hills District 438,28466,1599.1,43.4,23.9,Wheat,44.2,278.53,4881.2,72.75,2282.5,42.4,92.9,54.5,30.9
Sikkim - West District 439,12814,1332.4,35.4,22.4,Rice,30.0,166.27,4273.6,59.85,1286.0,73.1,94.2,44.4,42.6
Madhya Pradesh - Urban District 440,28624,1345.0,35.5,32.8,Wheat,52.6,272.19,6414.9,69.67,2585.5,49.6,100.0,57.3,23.7
Meghalaya - South District 441,25620,552.8,48.0,27.9,Maize,32.3,143.75,4233.7,97.68,656.3,77.1,124.7,41.9,24.9
Uttarakhand - Plateau District 442,12700,1224.3,70.9,25.6,Wheat,30.0,120.39,3360.3,32.67,1413.1,61.8,106.9,26.7,23.2
Arunachal Pradesh - South District 443,12590,1145.5,29.0,32.5,Wheat,30.0,148.71,3814.7,51.04,1542.8,59.1,101.1,60.6,37.0
Meghalaya - Hills District 444,9155,755.2,47.5,23.7,Rice,30.0,139.41,3885.2,53.09,1242.9,85.3,92.5,35.8,45.2
Uttarakhand - Valley District 445,58410,1050.9,100.0,23.0,Maize,91.3,673.2,9438.1,326.8,1820.5,76.0,110.0,60.4,6.9
Chhattisgarh - South District 446,134546,1076.1,28.3,25.0,Maize,220.1,1164.96,28244.9,534.19,3984.7,73.1,104.5,84.5,0.0
Telangana - Coastal District 447,54865,813.8,25.7,29.0,Wheat,97.3,330.34,11637.1,122.14,4684.1,72.1,92.0,62.8,0.8
Madhya Pradesh - North District 448,64771,200.0,46.5,27.9,Wheat,110.6,53.83,14302.5,136.88,5415.0,89.8,98.8,46.7,0.0
Assam - Central District 449,61687,989.2,49.2,29.1,Maize,75.8,443.92,10733.7,182.22,1681.7,69.4,111.4,73.3,3.8
Sikkim - Central District 450,20421,1167.4,63.8,33.4,Maize,30.0,216.08,3507.1,82.37,578.3,63.0,97.2,37.8,23.5
Manipur - Plains District 451,24479,1917.7,78.8,27.7,Rice,33.6,315.65,3774.9,74.25,1394.3,50.8,100.0,40.3,26.9
Goa - North District 452,111817,1416.2,49.0,27.6,Rice,227.5,1571.62,35723.5,428.95,9284.8,51.2,112.8,74.2,0.0
Odisha - East District 453,25819,1495.5,49.5,25.5,Rice,40.4,300.93,5809.9,75.91,1773.0,38.9,103.8,66.2,22.2
Maharashtra - Delta District 454,27539,863.7,39.9,26.5,Rice,30.0,114.89,4020.8,56.11,1149.8,75.2,94.8,47.9,29.2
Tamil Nadu - West District 455,11916,1679.3,56.8,30.7,Wheat,30.0,223.77,3067.8,57.95,1541.6,29.9,107.7,56.5,35.4
Puducherry - West District 456,5117,1320.6,61.3,28.1,Maize,30.0,241.08,3447.1,95.7,568.4,55.8,101.9,75.6,36.9
Bihar - Hills District 457,21035,1088.5,64.8,28.4,Wheat,30.0,113.3,3010.2,47.25,1478.2,81.7,104.3,61.6,38.3
Telangana - Hills District 458,37668,1059.9,58.6,31.5,Pulses,45.1,47.14,2148.2,31.28,1401.5,57.4,120.1,49.6,11.7
Telangana - North District 459,4820,1366.7,85.3,29.5,Rice,30.0,264.97,3456.2,70.93,1305.7,51.0,124.3,40.5,47.7
Haryana - Urban District 460,52036,1199.3,72.4,32.2,Rice,107.9,709.7,11122.3,202.09,4269.3,62.0,102.5,45.2,6.0
Meghalaya - Plains District 461,4147,1355.0,61.4,24.1,Rice,30.0,208.58,3798.6,69.01,1213.2,41.3,116.0,23.2,62.8
Tripura - Urban District 462,93835,743.5,61.4,21.0,Wheat,98.3,252.05,9440.5,124.43,5330.2,95.4,97.6,67.3,0.0
Himachal Pradesh - Urban District 463,116156,1070.3,88.1,28.7,Pulses,277.4,824.94,9492.8,237.35,7904.9,66.2,93.9,55.3,0.0
Uttarakhand - West District 464,16104,1408.2,66.3,27.5,Pulses,30.0,97.41,1354.2,24.52,920.9,38.8,93.9,55.4,39.9
Nagaland - Plateau District 465,29959,1172.0,49.2,25.4,Rice,55.5,232.07,6218.0,106.3,2383.9,66.6,104.0,42.9,16.6
Puducherry - Valley District 466,11595,1494.4,63.8,30.3,Wheat,30.0,223.31,2432.1,64.2,1743.9,54.6,106.3,40.6,42.7
Jammu & Kashmir - Plains District 467,27995,560.1,58.3,22.6,Rice,55.2,260.53,7633.9,103.77,2454.4,89.4,90.3,49.0,25.5
Tripura - Plains District 468,38583,1006.1,36.5,29.4,Maize,38.9,187.44,5639.7,80.1,818.9,55.9,97.7,35.8,35.8
Manipur - Plains District 469,7302,1427.9,36.0,25.7,Maize,30.0,210.2,3533.1,112.19,600.5,49.9,112.6,40.9,46.8
Bihar - Plains District 470,3566,911.4,71.1,30.1,Maize,30.0,161.75,3120.7,85.17,562.4,69.6,113.3,22.5,54.8
Assam - South District 471,25361,1174.3,46.0,23.3,Maize,50.7,320.31,6305.7,121.31,1042.0,55.2,113.8,67.1,19.2
Bihar - South District 472,21511,876.6,47.6,26.7,Pulses,30.0,43.51,1493.4,16.11,861.1,73.4,115.8,44.5,12.3
Punjab - Plateau District 473,18487,1067.3,71.6,26.0,Maize,30.0,187.69,2810.3,88.27,597.5,51.3,112.2,39.1,27.5
Tripura - Rural District 474,222651,1808.1,96.1,27.0,Maize,460.4,5297.59,39545.2,1778.5,9366.3,36.0,104.2,80.6,0.0
Ladakh - North District 475,35566,1019.2,56.7,27.6,Maize,33.3,194.56,3809.9,82.47,639.0,60.5,103.6,38.5,3.6
Bihar - Hills District 476,31079,946.5,72.4,24.5,Rice,37.9,227.42,4155.1,83.02,1449.2,50.7,93.8,58.6,19.7
West Bengal - Valley District 477,68117,1215.7,35.1,20.4,Wheat,93.8,574.44,8904.2,158.39,4994.5,41.2,94.1,62.7,0.0
Andhra Pradesh - West District 478,34820,1050.4,48.4,27.9,Maize,63.6,317.83,7666.3,158.8,1304.0,64.3,118.3,73.1,0.0
Haryana - West District 479,25016,1390.2,31.4,28.5,Maize,61.7,478.02,9372.7,210.5,1036.0,42.6,113.3,40.9,16.5
Telangana - Coastal District 480,34180,1066.0,62.4,33.2,Rice,30.0,165.68,3566.4,50.44,1215.1,76.7,104.3,59.5,7.9
Punjab - Hills District 481,17159,1536.2,79.4,26.7,Wheat,30.0,232.06,2918.0,51.63,1514.8,49.0,96.9,66.2,46.5
Maharashtra - West District 482,11816,589.5,58.9,25.5,Rice,30.0,134.66,3631.7,55.32,1252.8,83.4,101.0,46.0,34.1
Delhi - Valley District 483,51483,1374.5,64.9,22.0,Maize,128.0,1034.56,13869.1,379.72,2437.6,53.4,115.5,43.4,2.1
Goa - Valley District 484,18004,868.4,40.3,29.8,Maize,36.8,144.82,5101.3,75.53,675.1,53.7,96.6,43.4,43.6
Sikkim - Rural District 485,25295,1198.7,54.8,27.1,Rice,39.5,260.28,5281.5,84.67,1631.9,47.0,93.0,35.5,41.0
Jharkhand - West District 486,13585,1492.0,76.4,27.7,Maize,30.0,300.8,3007.2,105.38,582.9,37.1,114.4,43.1,24.0
Andhra Pradesh - Plateau District 487,130011,1198.2,24.8,30.3,Rice,159.5,839.13,26583.5,311.93,6194.3,61.3,109.8,97.4,0.0
Karnataka - Plateau District 488,11980,678.8,51.9,28.1,Maize,30.0,135.44,4065.8,91.83,563.6,77.6,87.8,40.8,52.4
Himachal Pradesh - Coastal District 489,20787,1501.9,61.5,25.5,Rice,59.1,461.93,8623.1,169.08,2427.7,48.0,95.1,47.3,25.0
Sikkim - Urban District 490,30362,1106.2,60.0,27.6,Rice,51.8,297.27,7024.6,126.37,2143.3,52.7,117.5,48.2,32.7
Himachal Pradesh - North District 491,13089,974.5,63.5,32.1,Rice,30.0,181.79,3671.3,72.97,1302.4,72.8,99.8,49.2,30.0
Arunachal Pradesh - Rural District 492,16413,1334.2,79.0,25.5,Wheat,37.0,293.16,3268.7,74.68,1930.5,54.3,114.6,68.5,37.1
Odisha - Valley District 493,40898,1030.5,58.0,21.3,Maize,35.2,237.71,3574.1,99.68,757.2,67.7,104.4,66.1,14.0
Manipur - Plains District 494,48217,1755.8,78.9,28.7,Rice,54.8,458.69,5753.0,149.59,1970.3,33.4,115.7,70.4,8.8
Puducherry - Urban District 495,44451,1447.4,63.8,31.3,Rice,116.2,943.94,13126.9,308.4,4457.5,56.7,99.5,55.6,24.9
Meghalaya - Rural District 496,5604,1432.1,67.9,31.1,Rice,30.0,220.22,4182.1,70.53,1165.4,49.1,94.9,46.3,43.0
Delhi - West District 497,56907,1488.2,46.4,23.5,Wheat,89.6,535.77,11254.8,161.17,4699.8,54.5,94.8,65.6,11.3
Odisha - Central District 498,14251,1528.8,61.4,25.5,Maize,30.0,245.74,3505.3,72.49,586.6,48.1,99.6,30.8,43.8
Meghalaya - East District 499,31992,1419.0,75.5,24.1,Wheat,53.3,389.51,4599.0,97.54,2533.8,52.6,105.0,23.5,30.3
Maharashtra - Plateau District 500,52350,1511.0,45.1,24.1,Wheat,61.8,397.15,6319.2,104.82,3145.6,32.4,108.5,34.7,21.8
West Bengal - North District 501,49194,831.3,65.8,24.1,Pulses,37.3,34.97,1537.6,24.96,979.2,57.8,101.2,69.2,0.0
Haryana - East District 502,13893,1087.8,77.7,22.8,Rice,30.0,160.47,3277.9,77.16,1301.5,66.5,92.2,54.7,59.8
Sikkim - South District 503,26715,1437.2,44.2,28.5,Pulses,56.2,184.1,2709.4,46.53,1602.2,48.7,114.5,59.5,27.0
Goa - East District 504,70472,1515.8,83.7,18.6,Wheat,108.3,843.23,10706.1,217.11,5636.9,58.8,106.9,67.2,2.9
Andhra Pradesh - South District 505,8011,1145.6,68.9,31.3,Wheat,30.0,185.19,2628.8,57.06,1602.8,66.4,102.4,43.3,45.4
West Bengal - West District 506,24135,1354.4,30.7,26.7,Wheat,30.0,154.6,3272.1,46.8,1542.0,61.2,105.3,54.6,38.7
Uttarakhand - West District 507,78697,579.6,86.5,29.5,Wheat,110.9,333.05,9250.5,164.9,5343.0,90.8,113.6,59.1,0.0
Delhi - Valley District 508,21231,1967.8,24.7,23.6,Wheat,33.2,231.58,4031.5,41.1,1520.5,30.6,102.9,26.1,16.7
Meghalaya - Urban District 509,69241,1215.1,66.2,26.9,Pulses,94.2,246.79,3905.0,64.4,2685.1,45.4,86.0,47.3,0.0
Tamil Nadu - Delta District 510,118757,1260.9,56.4,28.9,Maize,180.1,1272.33,21162.7,590.16,3412.3,57.2,110.9,61.5,0.0
Goa - Coastal District 511,7820,978.3,54.0,29.7,Rice,30.0,179.61,4317.6,64.84,1279.4,57.8,105.3,42.3,39.9
West Bengal - Coastal District 512,57390,1315.2,53.0,24.0,Rice,88.5,561.72,10623.2,205.56,3761.0,56.9,107.0,45.0,3.9
Jammu & Kashmir - Hills District 513,26338,1197.7,44.3,23.7,Rice,53.0,351.66,7846.5,137.09,2373.8,61.4,97.9,31.7,6.7
Puducherry - Hills District 514,20361,1342.3,40.3,32.7,Maize,30.0,227.16,4367.5,89.03,585.2,67.3,116.2,38.6,46.2
Uttarakhand - Central District 515,11498,1552.7,49.0,18.1,Rice,30.0,214.12,3950.6,79.2,1273.5,47.1,90.4,44.7,28.1
Madhya Pradesh - Coastal District 516,85662,1454.1,34.7,30.8,Wheat,126.6,683.22,13282.9,213.38,6038.5,41.8,112.5,52.7,0.0
Punjab - Urban District 517,143990,1258.1,79.1,27.7,Wheat,208.0,789.15,19140.3,306.21,10044.3,66.2,96.8,55.6,0.0
Tripura - Plains District 518,27317,1421.3,65.1,22.9,Maize,30.7,223.36,2835.4,102.87,584.4,39.7,98.3,42.6,44.0
Uttar Pradesh - Coastal District 519,5834,1425.6,36.1,29.3,Wheat,30.0,175.76,3351.8,49.83,1479.5,41.7,109.4,46.1,53.0
Manipur - Valley District 520,38990,410.0,28.2,31.4,Maize,55.6,168.08,9214.1,116.09,1202.7,83.3,98.9,49.2,0.0
Madhya Pradesh - Valley District 521,23328,1049.2,56.3,29.5,Wheat,30.0,96.59,2984.6,42.49,1501.6,70.7,101.8,69.9,16.8
Tamil Nadu - Rural District 522,36209,567.2,64.8,28.3,Wheat,61.3,179.85,6778.7,91.6,2796.9,77.6,99.5,55.1,5.7
Punjab - Coastal District 523,61584,1353.9,19.4,28.2,Rice,76.1,389.15,13405.4,158.24,3239.1,47.4,105.4,59.3,0.0
Telangana - Urban District 524,29024,1479.3,21.6,36.4,Rice,61.2,381.78,9557.6,128.8,2487.4,49.5,102.9,34.7,36.4
West Bengal - North District 525,26113,1172.0,64.5,31.6,Wheat,44.3,259.81,4005.9,74.48,2186.6,46.6,98.6,81.4,44.5
Haryana - Rural District 526,33706,462.0,62.1,24.1,Rice,60.9,159.96,8042.9,97.75,2316.3,82.0,98.4,37.7,15.0
Jammu & Kashmir - South District 527,20494,1436.0,53.3,29.4,Rice,30.0,232.22,3738.1,71.75,1304.2,49.4,105.9,59.2,31.9
Telangana - Urban District 528,20744,253.3,64.3,20.9,Maize,39.1,83.24,4792.8,88.1,803.7,95.1,120.8,45.8,37.9
Maharashtra - Rural District 529,27154,1875.4,27.7,28.1,Maize,30.0,250.09,5212.1,104.84,598.9,52.1,104.0,55.7,14.9
Uttarakhand - Urban District 530,54790,1247.4,58.6,21.6,Wheat,45.5,208.25,4282.2,78.24,2452.1,60.9,102.0,79.1,15.6
Kerala - North District 531,6873,836.8,60.4,21.4,Rice,30.0,158.29,4234.4,64.72,1153.5,67.6,104.2,47.3,35.1
Kerala - West District 532,70940,1206.2,56.2,26.7,Pulses,140.3,405.49,6395.9,95.18,3745.9,56.3,113.7,69.9,0.0
Manipur - Urban District 533,61328,1950.3,41.0,27.4,Wheat,60.4,605.44,6139.6,137.22,3043.7,35.0,102.1,43.2,1.9
West Bengal - North District 534,41293,1013.8,74.0,27.6,Maize,74.9,363.42,7760.0,181.74,1581.9,73.7,94.9,53.6,13.2
Puducherry - Urban District 535,21435,1076.5,52.4,27.4,Wheat,45.7,277.1,5330.8,83.2,2478.4,62.3,109.7,47.4,29.9
Ladakh - Valley District 536,48720,1467.3,33.9,22.1,Rice,88.4,613.75,13995.6,194.55,3938.2,46.5,111.1,53.5,8.1
Uttar Pradesh - Hills District 537,72615,1178.1,68.4,23.2,Rice,55.5,345.92,7036.4,122.73,2443.2,55.5,108.3,100.0,0.0
Manipur - Plains District 538,63241,620.6,66.7,21.0,Wheat,94.4,310.37,9651.1,150.24,4966.7,60.9,111.0,54.2,0.0
Kerala - Plains District 539,70615,519.4,68.1,26.5,Maize,103.9,492.84,10685.4,291.44,1914.0,91.9,110.4,82.7,0.0
Punjab - Hills District 540,161729,1378.4,53.9,28.2,Wheat,322.7,1785.94,29708.6,557.04,16914.9,48.1,90.0,73.9,0.0
Telangana - North District 541,19285,1609.6,91.5,23.4,Wheat,30.0,273.34,2666.3,49.31,1426.6,58.0,90.7,58.9,51.8
Goa - Plains District 542,19380,1329.9,73.4,27.3,Rice,30.0,205.13,3756.8,72.5,1265.6,51.0,115.6,37.2,20.5
Ladakh - Delta District 543,65814,1559.4,75.9,27.2,Maize,105.0,935.83,12107.4,400.97,2093.4,48.7,123.2,71.0,0.0
Punjab - Coastal District 544,22023,1214.7,66.8,27.9,Rice,30.0,144.67,3580.2,43.92,1150.6,70.1,89.2,32.4,58.2
Arunachal Pradesh - Plateau District 545,21210,794.9,36.6,28.5,Rice,30.0,119.72,4818.0,52.07,1178.8,70.1,101.5,48.8,38.7
Rajasthan - North District 546,14544,748.4,58.1,26.5,Wheat,30.0,70.97,3268.3,38.8,1441.5,89.0,122.2,45.3,11.0
Puducherry - Valley District 547,9174,532.9,67.8,29.4,Rice,30.0,132.11,3961.9,57.11,1172.1,86.6,98.2,40.1,38.1
West Bengal - Valley District 548,9704,1329.1,76.5,25.8,Wheat,30.0,221.73,2883.9,72.85,1694.7,50.4,109.3,60.0,55.6
Goa - Valley District 549,23304,1135.2,63.4,24.0,Maize,38.4,230.88,4511.4,87.2,755.4,61.5,98.9,61.2,20.2
Meghalaya - North District 550,4842,1829.9,57.3,22.8,Rice,30.0,285.43,3590.2,96.72,1259.2,33.1,111.2,34.2,58.5
Arunachal Pradesh - Plateau District 551,28739,675.9,53.7,25.0,Maize,34.5,141.19,4275.2,77.27,726.8,79.9,106.0,49.6,5.5
Rajasthan - Delta District 552,23270,951.8,33.2,23.5,Rice,42.8,199.96,6646.7,95.38,1699.2,50.0,97.9,55.0,3.2
Goa - West District 553,79217,1251.8,57.5,24.2,Wheat,80.9,364.37,8407.3,100.6,4119.9,58.4,118.1,46.5,0.3
Bihar - Central District 554,80840,1617.6,84.4,30.9,Wheat,156.2,1111.27,11444.6,275.34,7588.5,34.6,106.0,46.9,0.0
Chhattisgarh - Plateau District 555,35699,906.7,42.1,22.6,Rice,72.0,335.88,10623.5,145.49,3141.9,72.7,113.2,37.5,25.2
Nagaland - Urban District 556,13383,882.3,58.2,27.3,Wheat,37.9,147.15,4102.8,63.3,1832.2,68.8,99.0,56.8,36.7
Himachal Pradesh - Rural District 557,40950,452.9,54.5,25.9,Rice,83.3,314.05,10747.7,191.11,3438.5,83.9,121.0,68.4,22.0
Tamil Nadu - Valley District 558,13341,934.0,64.2,27.8,Wheat,30.0,168.41,2934.7,38.02,1657.4,66.6,108.7,43.0,34.9
Maharashtra - Central District 559,4541,1276.5,49.7,30.3,Rice,30.0,220.1,4087.8,49.82,1121.0,45.8,103.9,53.4,37.1
Maharashtra - Valley District 560,24519,803.0,63.7,21.2,Pulses,38.4,29.19,1694.2,24.72,1132.6,70.2,98.6,45.5,48.1
Assam - North District 561,20102,1322.2,40.6,31.0,Rice,30.0,194.42,4360.6,68.81,1212.7,46.6,112.5,55.4,36.3
West Bengal - North District 562,37890,936.4,53.7,24.4,Maize,61.3,386.53,6581.2,171.37,1206.4,73.1,106.8,58.7,22.2
Uttar Pradesh - North District 563,11801,1201.9,49.6,22.4,Maize,30.0,166.69,3583.3,89.8,632.2,40.3,106.4,44.8,25.6
Goa - Plains District 564,21444,1262.9,74.0,29.9,Maize,30.0,205.84,2759.9,87.47,646.2,40.7,106.2,36.3,26.3
Nagaland - Delta District 565,6964,1321.2,55.5,22.2,Wheat,30.0,192.21,3230.0,46.48,1578.5,36.9,111.5,40.4,67.0
Odisha - Urban District 566,20339,1210.9,72.5,32.9,Maize,35.6,285.77,3804.8,99.45,668.4,42.6,121.1,47.8,25.8
Sikkim - Hills District 567,20759,694.2,46.9,28.9,Wheat,40.2,131.56,4938.3,48.0,2003.6,78.1,108.7,64.3,5.0
Punjab - East District 568,63907,779.9,90.3,28.9,Maize,80.2,460.28,6496.0,212.09,1533.4,72.7,103.5,56.0,0.0
Madhya Pradesh - North District 569,13308,719.0,73.8,21.3,Maize,30.0,148.71,3850.7,91.37,563.1,70.9,108.7,50.3,41.0
Goa - Plains District 570,58937,1702.1,87.9,22.0,Rice,118.8,888.6,11324.2,373.62,4407.7,39.5,102.6,65.3,12.8
West Bengal - Rural District 571,93478,1283.1,75.6,27.2,Maize,183.6,1450.58,19238.9,573.31,3421.1,67.8,108.3,58.1,0.0
Gujarat - Plains District 572,23506,1543.5,69.7,26.6,Rice,45.0,388.45,5914.1,116.45,1793.6,51.0,106.5,51.2,30.7
Puducherry - Plains District 573,9887,1002.1,84.7,26.1,Wheat,30.0,138.0,2807.1,56.08,1540.1,70.4,97.3,69.8,29.0
Odisha - East District 574,12375,1392.2,36.5,23.7,Wheat,30.0,190.19,3956.7,52.69,1407.8,60.2,97.7,51.9,40.1
Tripura - North District 575,9801,1495.6,56.4,25.3,Wheat,30.0,156.4,2810.0,45.96,1605.3,43.7,94.2,33.8,37.2
Bihar - West District 576,5649,652.0,55.5,28.3,Maize,30.0,116.25,3524.4,78.74,636.5,53.1,107.1,53.2,57.8
Assam - Central District 577,4561,1177.3,42.3,25.3,Rice,30.0,159.38,4813.3,49.98,1373.6,55.4,102.3,42.7,22.7
Arunachal Pradesh - Hills District 578,33706,1812.3,66.9,23.6,Rice,34.7,296.52,4301.8,84.69,1497.6,43.2,106.1,75.0,2.1
Goa - Rural District 579,18869,906.4,78.0,26.6,Wheat,38.7,173.5,3531.2,62.3,1875.4,66.9,106.8,51.8,13.8
Maharashtra - South District 580,13473,1513.0,62.2,25.2,Rice,30.0,211.88,3960.6,76.74,1174.6,40.1,97.5,69.1,43.0
Punjab - Urban District 581,40395,590.7,73.0,18.7,Wheat,52.5,228.41,5339.3,76.16,2709.8,89.7,89.7,36.9,35.5
Gujarat - Central District 582,57442,1738.8,46.4,26.6,Wheat,98.2,540.57,10649.2,155.99,5155.5,47.3,117.5,86.2,0.0
Puducherry - East District 583,16447,890.5,56.0,33.3,Maize,30.7,194.78,3664.6,70.45,687.6,55.2,116.8,44.0,37.5
Karnataka - South District 584,47246,1369.9,97.0,24.4,Pulses,107.3,160.96,3497.1,57.05,3321.6,54.1,95.4,83.3,10.1
Arunachal Pradesh - Central District 585,35283,1094.4,67.1,27.1,Pulses,30.0,12.37,1308.0,19.72,839.7,76.2,104.1,46.9,5.4
Meghalaya - Hills District 586,35519,850.5,52.7,30.7,Wheat,52.3,212.24,4842.0,79.46,2701.6,73.5,106.2,55.7,23.9
Jharkhand - Delta District 587,12503,914.9,93.2,31.2,Rice,30.0,166.82,3044.2,64.84,1137.7,46.9,95.3,42.7,36.1
Gujarat - Hills District 588,180268,922.4,38.6,25.7,Wheat,226.3,639.11,23280.6,225.8,11714.1,57.7,103.5,76.8,0.0
Manipur - Plains District 589,28518,1067.6,59.9,30.4,Rice,48.8,248.74,6646.8,117.87,1929.5,64.4,117.2,59.2,13.0
Punjab - Valley District 590,11667,1065.8,62.4,25.9,Pulses,30.0,105.67,1347.7,25.74,889.8,67.1,97.4,72.5,47.1
Delhi - North District 591,116070,1676.7,53.6,26.6,Rice,180.1,1466.34,20328.2,448.75,8041.4,44.0,113.0,70.7,0.0
Uttarakhand - Hills District 592,26663,738.6,58.4,24.9,Wheat,41.1,138.73,3878.1,43.17,1828.2,72.1,96.1,73.8,17.7
Odisha - Coastal District 593,33229,1666.7,55.9,20.3,Maize,53.2,451.33,6219.0,131.86,1085.4,46.0,115.7,45.9,32.3
Haryana - North District 594,9032,1526.4,63.4,30.8,Maize,30.0,271.63,3546.4,71.7,562.7,55.5,97.5,52.4,56.6
Goa - North District 595,58119,917.9,60.4,28.6,Maize,90.8,452.37,11937.1,245.16,1809.7,58.7,101.3,72.5,0.0
Uttarakhand - Rural District 596,41060,895.0,59.0,29.3,Rice,50.8,192.69,8006.6,98.32,2291.6,53.1,92.7,44.8,8.3
Kerala - Plateau District 597,16781,620.3,42.0,26.3,Rice,30.0,62.41,4354.7,53.36,1190.4,76.6,127.3,56.8,20.5
Jammu & Kashmir - East District 598,48016,1085.7,29.8,22.7,Wheat,79.1,401.7,9895.7,117.65,3712.3,80.7,87.4,33.5,14.9
Chhattisgarh - North District 599,12568,1338.7,68.9,31.6,Wheat,30.0,145.04,2667.8,47.32,1483.3,64.1,92.1,61.5,24.5
Goa - Central District 600,71790,1293.6,54.7,22.2,Maize,182.3,1240.73,20085.2,599.37,3928.8,32.5,120.3,69.9,0.0
Meghalaya - Central District 601,70705,1305.8,43.9,29.1,Rice,127.4,779.05,18386.2,281.45,5383.0,45.4,108.1,63.4,0.0
Tripura - West District 602,14441,873.1,53.2,26.3,Wheat,30.0,84.57,3228.4,38.51,1521.2,59.8,117.9,9.1,23.2
Haryana - East District 603,51885,694.1,53.4,27.6,Rice,74.5,218.57,9865.8,141.45,3127.2,63.8,102.1,55.2,6.7
Madhya Pradesh - Rural District 604,7102,1163.0,87.8,23.4,Maize,30.0,235.97,2778.9,115.7,587.5,51.0,92.4,47.3,52.0
Sikkim - Urban District 605,33591,1311.7,65.9,27.8,Wheat,48.5,216.06,4831.7,70.3,2648.6,53.4,107.8,69.8,21.5
Ladakh - Coastal District 606,78286,1467.9,65.5,29.8,Pulses,133.1,342.97,5568.8,70.8,3776.8,59.7,110.5,53.3,0.0
Uttar Pradesh - Rural District 607,71731,882.0,23.7,30.6,Wheat,108.0,363.55,12279.4,174.42,5041.8,73.9,97.7,56.5,0.0
Karnataka - Coastal District 608,5907,1380.0,67.8,20.9,Maize,30.0,244.57,3108.3,92.78,657.3,58.1,104.3,49.5,53.4
Rajasthan - Coastal District 609,40729,1482.6,72.5,24.3,Maize,40.3,338.81,4365.7,101.42,749.7,45.9,111.7,43.6,29.5
Himachal Pradesh - Delta District 610,73922,757.0,72.4,28.3,Maize,116.7,560.16,12423.3,353.21,2341.7,69.9,104.9,39.1,0.0
Odisha - West District 611,44537,929.8,63.0,24.9,Pulses,92.2,204.2,3450.0,57.63,2768.6,62.8,110.6,50.4,16.5
West Bengal - East District 612,17771,865.5,40.6,27.0,Wheat,30.0,115.8,3057.3,39.6,1473.7,73.1,117.2,56.1,47.4
Nagaland - East District 613,20005,717.7,61.6,27.9,Wheat,33.6,87.62,3538.0,52.92,1721.9,68.4,91.0,59.4,32.5
Kerala - Hills District 614,65539,1217.6,53.3,29.7,Pulses,65.4,213.19,2622.3,53.53,2141.8,68.7,109.6,72.5,1.6
Nagaland - North District 615,24236,715.7,54.3,24.2,Maize,35.9,151.19,5026.8,73.58,763.4,75.2,106.2,38.1,41.3
Odisha - South District 616,12861,922.4,73.0,27.9,Wheat,30.0,150.81,2712.8,40.97,1380.0,61.0,92.2,63.3,40.6
Madhya Pradesh - West District 617,23743,701.0,55.9,27.4,Wheat,30.0,114.79,3185.2,44.44,1331.3,63.2,104.6,49.9,35.2
Tripura - North District 618,12402,1324.2,57.9,35.9,Maize,30.0,234.84,3769.5,93.55,604.3,54.4,101.5,44.6,41.8
Sikkim - Hills District 619,37862,824.7,54.3,24.3,Rice,50.2,278.59,6941.2,114.83,1961.1,70.2,105.5,57.2,24.5
Maharashtra - Plateau District 620,42754,636.5,68.5,28.9,Rice,82.1,363.77,9077.8,173.07,3303.3,67.0,85.8,66.8,0.0
Madhya Pradesh - South District 621,47706,723.9,61.2,33.8,Maize,30.0,123.31,3562.9,67.59,623.8,88.9,127.5,29.8,10.8
Manipur - Urban District 622,20550,1069.9,64.3,24.8,Wheat,34.4,172.99,3687.5,32.55,1867.5,54.6,94.0,40.2,21.3
Punjab - Valley District 623,11117,1037.0,64.7,27.5,Rice,30.0,174.93,3425.5,58.14,1268.8,59.2,105.2,46.3,38.0
Punjab - East District 624,35469,1314.9,64.8,29.5,Maize,62.5,450.74,6921.2,194.88,1154.1,63.2,103.6,39.4,17.4
Telangana - Coastal District 625,13885,1110.2,56.3,18.9,Maize,30.0,201.99,4003.7,92.64,673.0,55.7,105.8,61.2,48.3
Telangana - Coastal District 626,76776,948.1,68.0,22.3,Pulses,70.5,118.1,3154.4,42.92,2186.8,77.9,110.3,67.4,0.0
Rajasthan - Plains District 627,88036,1679.1,38.4,30.0,Maize,138.0,1292.07,17115.7,477.34,2522.2,39.9,101.0,64.3,0.0
Meghalaya - Coastal District 628,12862,602.8,42.8,19.6,Wheat,30.0,74.18,3600.2,33.65,1610.7,86.4,102.0,28.6,47.9
Himachal Pradesh - Central District 629,19125,1009.8,46.3,21.1,Wheat,31.6,131.42,3409.3,46.52,1646.2,63.4,117.6,67.7,32.5
Madhya Pradesh - Delta District 630,5145,930.9,100.0,34.7,Wheat,30.0,175.73,2321.2,58.45,1544.8,76.1,90.8,43.3,40.8
Sikkim - Plains District 631,14113,1508.1,53.6,27.1,Rice,30.0,212.11,3725.9,74.74,1223.0,52.7,108.5,50.8,45.8
Ladakh - East District 632,54919,1658.9,59.5,26.6,Pulses,74.4,192.63,3421.5,50.24,2362.8,45.7,96.4,64.0,2.6
Haryana - North District 633,20082,1451.4,67.7,28.0,Rice,42.0,260.85,5834.6,97.68,1570.8,58.0,107.9,72.1,33.8
Nagaland - Central District 634,13722,1254.1,89.4,24.2,Wheat,30.0,174.16,2458.7,47.63,1469.1,76.3,96.5,54.2,37.5
Uttarakhand - Hills District 635,43177,1292.6,70.5,30.8,Rice,50.4,361.19,5885.8,73.42,2115.2,54.8,121.0,59.8,15.6
Andhra Pradesh - North District 636,113424,1041.1,54.7,20.3,Rice,219.2,787.02,31155.3,343.56,9722.7,63.5,99.7,59.4,0.0
Manipur - North District 637,20666,1467.8,74.6,24.7,Maize,30.0,271.61,2923.0,105.29,625.6,38.0,104.9,50.9,30.6
Tripura - Valley District 638,34610,1397.6,59.5,21.2,Rice,64.1,433.0,7605.7,172.93,2544.8,39.5,109.4,51.5,8.7
Arunachal Pradesh - Rural District 639,19725,1119.4,62.0,26.8,Wheat,30.0,151.12,3196.7,40.08,1323.0,57.3,122.5,32.9,30.7
Himachal Pradesh - Plains District 640,16467,1293.2,55.3,36.2,Wheat,30.0,149.34,2811.1,41.78,1467.5,44.7,81.1,41.7,21.4
Madhya Pradesh - Delta District 641,11648,1500.4,59.2,22.5,Maize,30.0,256.38,3545.8,113.38,569.8,51.2,101.5,61.5,39.7
Karnataka - East District 642,199421,502.5,57.7,26.4,Wheat,335.0,1030.53,33110.6,567.7,16254.5,79.0,109.1,89.6,0.0
Karnataka - East District 643,14782,869.7,46.9,25.9,Wheat,30.0,96.54,3168.9,41.26,1516.4,61.0,99.6,40.4,50.1
Karnataka - Plateau District 644,80384,1278.7,63.9,31.2,Rice,95.3,628.92,11255.2,170.21,3361.5,49.2,108.9,52.6,0.0
Telangana - East District 645,20662,1074.1,63.3,24.1,Pulses,30.4,51.31,1350.9,19.41,926.3,57.6,107.6,65.8,21.3
Gujarat - Rural District 646,106562,444.0,28.0,24.4,Rice,144.1,447.77,23197.6,250.65,6049.5,73.2,118.1,57.8,0.0
Uttarakhand - Plateau District 647,64430,1330.0,77.2,19.6,Wheat,72.0,309.62,7465.1,102.65,3899.2,44.3,94.2,56.9,19.2
Arunachal Pradesh - West District 648,15919,1278.3,59.7,24.1,Maize,31.3,237.24,3550.7,110.04,630.2,40.4,88.7,46.8,12.3
Rajasthan - Central District 649,9368,940.8,39.2,26.9,Pulses,30.0,80.0,1231.9,26.11,887.3,75.0,111.5,38.6,11.6
Goa - East District 650,14043,1258.4,65.9,20.4,Rice,30.0,182.36,4050.5,72.18,1210.6,54.2,101.0,62.5,47.5
Jharkhand - North District 651,47872,759.3,81.0,30.4,Wheat,63.0,224.96,4885.2,101.76,3098.8,74.7,94.2,69.6,19.3
Telangana - Plains District 652,107611,1566.8,63.5,29.4,Wheat,154.6,1055.51,13920.3,222.39,7568.1,44.3,105.7,63.7,0.0
Arunachal Pradesh - Delta District 653,79228,722.3,74.0,32.1,Maize,96.3,430.71,10049.7,233.87,2142.9,69.1,100.1,65.2,0.0
Telangana - Valley District 654,18701,1049.6,77.2,26.2,Wheat,30.0,191.59,2476.6,39.46,1480.6,86.5,72.3,55.9,30.8
Nagaland - Coastal District 655,162729,1167.8,63.1,23.1,Maize,261.9,1866.25,29581.8,865.86,5070.9,72.1,112.1,99.5,0.0
Kerala - Delta District 656,17785,1511.1,38.4,21.2,Pulses,30.0,51.2,1463.5,17.53,888.4,65.5,112.7,60.1,40.1
Tamil Nadu - Urban District 657,16227,1211.9,49.3,27.3,Wheat,30.0,170.05,3586.4,54.64,1579.0,47.7,104.1,45.7,34.8
Tamil Nadu - Delta District 658,55613,1082.6,37.5,23.4,Rice,81.2,425.32,10818.9,135.2,3449.4,51.8,107.7,60.0,0.0
Sikkim - Coastal District 659,91191,662.9,71.5,29.7,Wheat,137.7,570.58,15585.7,188.58,5921.7,82.8,119.0,65.5,0.0
West Bengal - Hills District 660,26063,1203.8,48.1,23.7,Rice,54.4,364.19,8269.1,154.69,2140.8,57.7,111.9,46.1,16.9
Meghalaya - Coastal District 661,11680,994.6,54.7,23.1,Pulses,30.0,91.99,1154.8,22.12,940.8,62.5,115.1,43.8,51.2
Bihar - Plateau District 662,34419,704.6,63.1,28.3,Pulses,33.2,52.69,1259.1,20.17,951.2,81.5,109.8,54.2,8.9
West Bengal - Delta District 663,37743,1072.3,35.3,22.7,Wheat,57.7,270.86,6072.8,102.94,2670.2,65.8,114.2,67.7,25.1
Odisha - East District 664,19469,1205.7,27.3,23.1,Wheat,30.0,124.5,4384.0,35.75,1462.4,63.4,99.2,45.6,42.1
Tripura - Hills District 665,23662,797.4,50.2,27.4,Rice,30.0,126.76,3618.8,54.69,1285.7,93.6,101.5,57.1,21.4
Rajasthan - Valley District 666,10838,911.1,45.7,21.5,Maize,30.0,180.29,4304.0,101.74,600.8,71.6,101.2,66.5,61.8
Madhya Pradesh - North District 667,15248,1569.2,77.6,24.4,Wheat,30.0,161.92,2315.0,38.58,1511.4,16.7,117.0,45.5,38.3
Telangana - Plains District 668,28701,869.9,43.6,27.0,Maize,60.9,392.91,7202.4,237.08,1205.2,75.0,95.6,55.0,11.5
Gujarat - Urban District 669,8149,948.5,45.0,28.3,Rice,30.0,133.71,4792.6,38.98,1157.3,79.7,112.8,32.9,27.5
Uttar Pradesh - Rural District 670,41580,556.8,59.0,18.1,Maize,46.6,209.06,5218.1,118.75,1002.2,85.5,114.5,38.4,26.1
Telangana - South District 671,26083,1372.6,54.3,29.0,Rice,49.2,300.61,6372.1,84.17,1872.7,46.5,91.3,47.4,46.5
Andhra Pradesh - Coastal District 672,15975,1159.7,56.1,32.6,Pulses,30.0,108.08,1241.4,19.46,803.6,56.7,106.3,51.1,41.5
Bihar - Hills District 673,12364,485.0,57.6,31.4,Maize,30.0,75.73,3055.9,68.15,609.4,89.6,103.8,55.4,26.4
Gujarat - Hills District 674,7685,1069.3,58.0,26.2,Wheat,30.0,136.43,3041.8,38.47,1433.4,63.1,80.7,49.3,32.5
Jharkhand - Hills District 675,16763,723.0,43.3,29.0,Maize,30.0,123.2,3953.6,62.59,583.4,75.8,102.2,61.5,35.8
Bihar - Plateau District 676,19541,1358.2,79.6,22.8,Maize,30.0,167.42,3175.1,82.13,638.1,51.4,102.3,39.1,22.2
Odisha - Urban District 677,10336,1457.7,57.4,31.9,Rice,30.0,235.55,4428.2,65.32,1216.5,50.0,88.9,64.5,47.7
Arunachal Pradesh - West District 678,26806,661.6,26.3,23.6,Wheat,44.7,65.52,6359.8,61.72,2288.4,82.4,104.1,73.6,28.4
Manipur - North District 679,28189,973.7,50.6,25.6,Wheat,53.7,164.45,6641.4,63.68,2591.6,81.6,101.8,29.1,14.0
Jharkhand - Valley District 680,143686,899.0,51.0,32.0,Rice,247.4,1345.71,34995.4,547.39,10322.3,67.6,96.6,94.2,0.0
Tripura - East District 681,31689,1001.3,72.5,24.0,Maize,37.8,227.15,3691.8,124.54,728.5,61.8,83.4,66.3,32.0
Puducherry - West District 682,38466,1080.4,43.1,30.1,Maize,103.8,665.09,12846.3,304.52,2113.0,51.4,105.7,48.7,7.9
Jharkhand - East District 683,29737,1117.8,70.5,32.5,Rice,49.0,276.17,5611.1,103.17,2035.6,55.4,93.5,39.4,21.5
Nagaland - Valley District 684,54595,1043.1,68.5,29.0,Maize,50.3,342.86,5468.3,134.94,960.1,56.6,111.9,49.5,0.0
Arunachal Pradesh - Plains District 685,49505,629.6,73.0,25.7,Maize,52.2,197.97,4902.9,112.63,1026.0,77.9,111.5,53.1,21.6
Uttar Pradesh - North District 686,14646,397.2,71.0,28.0,Pulses,30.0,10.02,1240.5,17.26,891.0,65.0,105.5,38.1,42.2
Odisha - Plains District 687,25827,872.0,35.5,25.6,Rice,38.4,190.59,4821.7,60.09,1517.0,63.9,108.2,56.3,28.8
Telangana - North District 688,43932,794.4,92.0,30.5,Maize,62.3,336.42,5897.5,155.34,1197.2,79.0,99.8,48.4,14.6
Karnataka - West District 689,147497,865.7,51.7,32.1,Wheat,271.6,834.97,28028.6,331.3,13672.9,65.2,103.4,63.8,0.0
Punjab - Rural District 690,33361,1732.1,61.7,25.6,Maize,50.3,477.32,5531.4,170.74,904.9,30.3,107.7,48.4,17.7
Sikkim - North District 691,57663,660.5,48.3,25.6,Pulses,122.8,203.03,5658.7,89.25,4025.7,71.8,121.3,47.2,0.0
Jharkhand - South District 692,7941,1697.0,64.1,21.3,Pulses,30.0,77.38,1244.0,23.16,916.7,54.9,91.2,43.0,59.4
Punjab - Urban District 693,13589,987.4,15.1,21.9,Rice,30.0,92.52,5748.2,47.57,1243.1,62.6,107.5,47.0,29.1
Chhattisgarh - Rural District 694,12996,693.9,64.6,22.7,Maize,30.0,141.66,3610.2,68.75,568.4,77.5,91.2,62.9,56.8
Madhya Pradesh - Valley District 695,21264,1061.2,57.2,25.1,Rice,30.0,156.62,3531.8,57.99,1119.7,67.7,107.6,37.5,44.6
West Bengal - Plateau District 696,34965,1648.8,55.2,24.9,Maize,30.0,284.53,3965.2,110.92,662.8,37.4,106.5,61.5,24.9
Kerala - Central District 697,22590,1168.1,75.8,32.6,Wheat,33.8,137.78,3143.2,41.4,1703.7,74.2,132.0,29.7,26.2
Assam - North District 698,18599,1310.6,83.8,31.9,Maize,30.0,239.68,3179.6,96.09,610.6,42.8,95.0,51.1,41.6
Kerala - East District 699,80410,1467.4,61.3,23.0,Maize,108.3,960.86,12767.9,368.44,2045.9,48.1,113.5,69.0,0.0
Ladakh - Rural District 700,11499,1416.7,69.6,21.9,Wheat,30.0,204.25,2472.8,56.53,1520.2,62.8,119.2,39.5,41.7
Jammu & Kashmir - Valley District 701,31006,1100.5,57.2,30.0,Wheat,30.0,157.86,2887.9,47.75,1656.1,45.5,104.4,68.3,11.9
Gujarat - Coastal District 702,10159,1399.6,82.6,23.1,Rice,30.0,223.35,3817.3,68.41,1191.8,50.8,92.2,34.5,64.6
Jharkhand - Rural District 703,219720,949.1,32.4,22.1,Rice,386.6,1824.98,58762.9,858.65,14952.1,76.8,102.0,85.5,0.0
Telangana - East District 704,77978,944.4,63.5,25.4,Pulses,105.7,359.14,5072.1,79.17,3052.9,52.9,102.6,76.6,1.2
Arunachal Pradesh - West District 705,13309,1087.2,76.0,25.1,Wheat,30.0,168.1,3473.8,49.8,1477.9,63.5,101.4,49.4,16.3
Chhattisgarh - Valley District 706,166042,671.4,46.8,20.9,Rice,188.9,582.51,27429.0,297.78,7231.2,75.6,118.9,86.8,0.0
Jharkhand - Urban District 707,115355,893.5,75.4,25.0,Rice,129.5,826.78,13027.5,343.2,5020.6,57.6,104.9,65.5,0.0
Sikkim - South District 708,70101,930.5,44.3,28.0,Rice,66.6,328.4,9751.3,105.49,2500.6,66.4,107.3,71.8,0.0
Himachal Pradesh - Urban District 709,58052,1303.8,76.1,25.5,Rice,97.0,664.82,11082.2,231.21,4354.8,54.2,105.9,62.4,0.0
Uttarakhand - East District 710,33143,895.2,24.2,28.8,Maize,62.4,353.21,8729.7,179.62,1361.7,56.4,98.8,70.9,32.0
Gujarat - East District 711,1749,1183.3,67.0,27.0,Rice,30.0,185.93,4450.3,64.46,1221.8,74.1,98.4,55.3,52.7
Sikkim - Coastal District 712,51067,1524.2,38.7,24.8,Pulses,94.5,215.72,5224.5,61.79,2524.4,29.4,104.2,50.6,2.0
Arunachal Pradesh - East District 713,82834,756.5,34.9,20.2,Rice,102.9,393.58,14140.9,170.23,4051.9,76.7,112.4,48.3,0.0
Jharkhand - North District 714,27671,928.9,41.1,28.2,Maize,30.0,99.96,4040.7,74.92,590.8,72.1,108.9,24.2,18.5
Maharashtra - North District 715,18043,1094.8,69.6,27.9,Maize,41.5,287.09,4503.9,125.37,833.5,54.2,83.9,68.4,27.2
Kerala - Plateau District 716,16599,652.5,44.5,26.4,Wheat,30.0,119.55,2806.3,41.19,1545.0,88.2,84.5,33.8,46.5
Jharkhand - West District 717,14395,1167.6,26.2,26.2,Rice,30.0,160.59,5167.7,49.69,1203.4,56.6,115.7,65.8,42.0
Jharkhand - South District 718,9200,645.6,64.7,20.4,Rice,30.0,138.54,3191.7,56.59,1182.9,72.8,91.8,15.1,41.0
Karnataka - Valley District 719,60573,390.6,76.6,19.8,Rice,124.2,583.46,13978.7,192.39,5059.8,98.5,107.2,34.2,0.0
Puducherry - Rural District 720,31082,671.4,60.9,30.6,Maize,30.0,113.25,3804.8,75.07,593.4,86.3,86.3,36.0,21.9
Ladakh - Delta District 721,17534,805.9,55.2,28.9,Rice,30.4,105.39,4050.0,51.8,1274.8,63.4,94.6,49.0,24.2
Jammu & Kashmir - Valley District 722,45137,702.7,56.9,31.6,Maize,59.6,270.13,7550.8,146.76,1205.2,84.9,117.3,53.0,32.4
Uttarakhand - Urban District 723,32876,979.4,83.2,24.6,Maize,68.7,408.78,6692.0,188.44,1267.8,69.7,103.8,52.6,11.1
Tripura - South District 724,116964,1063.7,61.4,33.0,Rice,204.8,1219.16,25222.3,531.11,8011.6,67.2,115.1,64.6,0.0
Telangana - Delta District 725,54785,200.0,60.5,26.0,Maize,42.3,46.33,4440.4,89.08,920.6,92.5,105.9,38.5,7.6
Manipur - West District 726,88494,920.7,75.8,27.2,Wheat,159.1,620.01,17681.4,228.88,8277.5,44.4,108.9,50.6,0.0
Delhi - Urban District 727,14890,1570.0,66.7,28.2,Wheat,30.0,206.6,3342.5,60.82,1441.3,53.9,117.8,41.1,27.4
Haryana - Central District 728,10545,1622.1,62.8,20.7,Wheat,30.0,201.18,3470.0,64.03,1443.0,36.7,95.0,46.6,37.5
Karnataka - West District 729,9101,573.3,54.1,31.4,Wheat,30.0,95.39,3040.5,49.25,1634.9,85.1,108.4,46.0,46.0
Karnataka - North District 730,62105,546.2,57.3,24.7,Rice,89.2,380.91,13912.6,198.82,3185.7,76.9,118.6,43.0,12.2
Tripura - North District 731,27536,228.6,32.6,22.2,Rice,50.4,31.79,7481.4,66.23,2010.7,83.2,110.4,63.9,18.6
Telangana - Coastal District 732,152978,396.1,34.8,27.8,Rice,122.2,547.85,16674.8,242.73,4692.5,81.7,107.1,69.2,0.0
Chhattisgarh - Delta District 733,22127,910.8,75.5,24.4,Pulses,30.0,74.95,1142.2,20.49,892.2,61.9,113.7,66.3,46.5
Maharashtra - Central District 734,9670,1218.1,71.2,28.3,Rice,30.0,261.85,3652.6,85.56,1278.6,64.7,97.3,60.8,31.7
Andhra Pradesh - Central District 735,37479,1054.1,67.5,25.7,Pulses,33.0,95.4,1432.7,23.76,912.0,71.1,107.5,66.8,2.2
Haryana - Urban District 736,29503,1392.3,24.6,21.0,Wheat,80.3,375.53,10947.4,99.95,4213.8,43.1,103.5,58.1,22.7
Assam - Urban District 737,50619,1904.9,57.5,36.9,Rice,54.9,515.15,6416.8,122.3,2201.5,31.3,98.4,61.7,0.0
Nagaland - South District 738,14474,1238.4,63.3,24.4,Pulses,30.0,107.06,1485.1,27.47,991.0,63.5,115.7,53.1,15.4
Tamil Nadu - Delta District 739,87651,881.7,39.0,25.5,Rice,170.6,622.49,28233.1,304.82,6123.3,72.3,113.6,60.3,0.0
Bihar - West District 740,27215,688.2,93.6,32.9,Maize,39.0,221.25,3369.6,78.48,731.5,68.6,110.7,53.5,28.2
Jharkhand - Hills District 741,27001,887.0,47.4,20.5,Wheat,33.6,184.79,3874.4,56.17,1670.1,55.2,100.8,42.7,24.5
Bihar - Rural District 742,19133,1061.8,66.9,28.2,Maize,37.0,213.63,3519.1,97.17,795.1,76.0,97.5,52.9,20.5
Manipur - Central District 743,5295,411.3,60.4,25.1,Maize,30.0,113.67,3210.9,78.55,634.5,91.6,117.4,44.4,59.7
Assam - Rural District 744,203080,971.5,41.0,22.4,Wheat,376.6,1349.08,41529.5,601.58,20725.9,70.1,101.4,88.3,0.0
Ladakh - North District 745,30578,1330.4,64.8,29.1,Wheat,43.4,210.65,4396.9,63.84,2033.6,29.3,96.6,67.9,16.5
Bihar - South District 746,16346,896.7,85.4,17.9,Maize,30.0,183.36,2774.7,84.07,587.0,70.0,96.9,36.2,52.8
Jharkhand - Plains District 747,42463,1011.5,55.4,27.0,Wheat,44.8,218.24,4391.5,62.02,2209.2,71.8,109.2,83.8,24.2
Goa - Plateau District 748,33959,1582.9,41.5,28.6,Pulses,44.3,89.62,2211.2,32.72,1333.4,40.8,113.6,61.6,27.3
Kerala - Delta District 749,4693,724.2,64.5,25.7,Rice,30.0,62.0,3682.3,51.11,1089.4,63.0,115.7,37.2,51.4
Nagaland - Central District 750,39600,1152.5,39.4,26.4,Rice,50.9,302.47,7041.9,112.05,1888.7,65.7,120.0,34.3,40.9
Madhya Pradesh - Delta District 751,57101,884.9,49.3,17.4,Wheat,67.7,110.38,5261.9,85.19,3272.1,70.8,117.7,50.8,15.4
Uttarakhand - South District 752,138220,825.4,60.0,26.3,Wheat,274.9,1382.19,27010.1,434.87,13296.7,60.7,95.8,66.7,0.0
Rajasthan - Central District 753,10257,1465.6,26.6,29.8,Rice,30.0,179.94,5278.5,67.49,1168.5,48.1,101.9,55.9,9.7
Puducherry - Plateau District 754,128300,1144.3,54.2,28.0,Pulses,160.6,242.73,6725.5,80.54,4627.3,41.4,107.0,57.7,0.0
Jammu & Kashmir - Plateau District 755,58602,755.3,56.8,20.0,Maize,76.7,452.07,9085.2,211.29,1516.5,55.3,104.5,53.1,0.0
Uttar Pradesh - East District 756,30090,1035.9,56.9,26.2,Rice,35.8,140.07,5017.3,59.08,1536.8,62.3,116.9,46.0,16.8
Madhya Pradesh - Hills District 757,31572,517.5,68.8,25.7,Wheat,36.6,125.63,3752.8,60.8,1659.1,90.3,107.5,42.4,11.1
Uttar Pradesh - South District 758,24921,526.0,51.3,27.3,Wheat,30.0,72.0,3251.8,37.78,1524.2,80.5,108.4,35.0,25.1
Punjab - South District 759,27086,1098.6,34.5,22.6,Rice,31.3,121.32,4520.5,63.26,1251.8,52.6,114.2,58.4,23.3
Madhya Pradesh - Urban District 760,25255,961.2,39.8,32.7,Wheat,38.2,194.57,4537.6,56.76,1723.2,68.6,102.5,36.8,44.1
Jharkhand - Coastal District 761,28045,466.4,24.4,33.7,Rice,31.4,107.49,4858.1,50.5,1265.9,78.1,123.9,61.7,26.5
Jammu & Kashmir - Delta District 762,26422,1358.8,42.4,23.8,Wheat,58.2,355.56,7196.9,97.6,2780.0,67.6,107.2,45.8,22.7
Meghalaya - Central District 763,30498,1123.6,62.8,28.3,Wheat,61.5,292.2,5301.4,91.43,3071.3,57.2,115.7,63.9,51.1
Uttar Pradesh - West District 764,13548,1546.2,55.8,29.8,Wheat,30.0,147.19,2863.5,64.5,1478.4,50.7,113.3,51.9,30.3
Haryana - Plains District 765,32834,1426.8,39.6,22.3,Maize,46.1,314.69,6513.6,128.15,881.5,27.3,117.9,62.0,13.8
Jharkhand - Central District 766,164183,986.4,71.5,23.2,Rice,331.5,1436.44,40212.6,789.73,12919.0,66.3,123.1,73.2,0.0
Kerala - West District 767,73903,1253.1,64.3,29.8,Maize,158.4,1166.62,20153.4,426.05,3239.5,55.0,93.1,86.0,0.0
Sikkim - Urban District 768,24990,426.4,38.5,26.3,Pulses,30.0,8.61,1665.9,14.0,1008.4,81.2,104.0,60.3,20.5
Odisha - North District 769,26593,1086.4,37.2,27.9,Rice,32.6,193.48,4693.5,61.86,1218.9,49.0,103.2,59.9,17.5
Jammu & Kashmir - Delta District 770,148195,1297.2,100.0,30.4,Wheat,294.1,2123.4,23345.9,589.14,14592.6,63.6,131.9,100.0,0.0
Tripura - South District 771,7982,1311.2,77.4,23.9,Wheat,30.0,205.54,2662.0,49.06,1411.3,49.1,102.1,52.3,13.2
Meghalaya - East District 772,12076,1349.4,10.5,27.8,Rice,30.0,139.9,5071.6,39.23,1318.3,67.9,99.4,58.4,32.9
Andhra Pradesh - Central District 773,49082,1105.3,72.3,31.7,Maize,30.0,156.76,3368.1,75.05,609.1,59.2,111.0,47.2,2.8
Telangana - Hills District 774,17225,1057.1,43.0,25.0,Maize,30.0,187.18,3852.6,97.05,616.0,62.8,107.7,38.2,22.7
Nagaland - North District 775,22888,1557.8,49.3,30.2,Rice,30.0,190.28,4522.1,60.7,1312.6,43.0,96.2,42.8,40.3
West Bengal - Plateau District 776,23265,1398.0,69.0,27.6,Rice,30.0,200.2,4084.1,82.85,1283.4,55.2,106.5,43.9,55.6
Tripura - West District 777,12802,1275.2,42.8,23.5,Maize,30.0,246.9,4067.4,96.15,668.1,33.2,116.2,36.9,29.8
Gujarat - Hills District 778,12906,1486.1,80.9,27.3,Maize,30.0,303.27,3297.1,95.2,643.8,53.3,105.3,71.1,39.0
Sikkim - Rural District 779,22460,1248.5,74.4,24.8,Rice,52.6,338.54,6584.3,96.93,2072.7,55.2,91.5,48.0,27.7
Uttarakhand - Coastal District 780,48890,823.9,71.1,33.0,Wheat,75.7,284.3,7897.3,118.23,3542.5,66.1,129.8,37.8,0.0
Tamil Nadu - Hills District 781,15514,647.4,56.1,32.2,Rice,30.0,110.0,3479.3,49.95,1269.5,82.3,114.3,60.2,23.6
Delhi - Rural District 782,20774,1350.0,52.3,32.2,Maize,30.0,222.25,3782.7,92.17,619.8,47.7,113.5,35.8,36.3
Assam - Delta District 783,16562,1120.9,50.4,28.4,Rice,30.0,201.76,4486.8,64.28,1203.1,69.1,109.3,43.7,49.2
Kerala - West District 784,18979,822.1,53.0,28.9,Wheat,30.0,119.84,3191.3,44.97,1525.6,83.9,105.4,53.2,29.8
Telangana - North District 785,19287,994.1,52.1,32.6,Maize,31.6,167.49,3456.6,80.24,589.5,76.0,101.3,71.4,24.1
Bihar - Plains District 786,100969,1346.2,49.4,23.9,Rice,198.6,1319.21,24020.0,390.49,8541.4,62.8,113.4,55.2,0.0
Nagaland - North District 787,5335,673.4,19.3,30.1,Maize,30.0,84.63,3807.4,74.45,608.4,90.7,98.2,31.6,43.0
West Bengal - South District 788,21586,1269.6,65.7,22.0,Wheat,30.0,167.63,2882.0,40.33,1397.9,47.7,103.7,43.3,40.1
Sikkim - North District 789,164920,1503.5,60.8,26.7,Pulses,313.5,607.67,12757.2,226.73,9842.9,46.7,99.0,88.6,0.0
Odisha - East District 790,80987,845.8,98.0,22.3,Maize,108.2,827.34,9470.6,339.94,2205.1,63.0,94.1,75.3,0.0
Uttar Pradesh - North District 791,21546,1889.4,54.1,25.5,Rice,30.0,276.2,4108.3,72.77,1340.2,37.8,109.4,52.3,28.8
Chhattisgarh - Coastal District 792,31140,1345.0,52.1,27.5,Wheat,42.7,243.1,5118.5,83.75,2419.1,39.2,110.9,57.4,30.7
Rajasthan - West District 793,15663,826.5,74.1,22.7,Maize,30.0,153.91,3210.7,79.45,596.2,86.7,101.7,55.5,24.2
Tamil Nadu - Rural District 794,49182,850.7,16.5,24.2,Wheat,104.1,335.0,11639.8,163.56,5069.7,65.4,117.4,47.7,12.8
Andhra Pradesh - South District 795,10580,1539.8,74.1,27.0,Maize,30.0,245.46,2977.0,107.52,593.2,39.5,100.7,58.6,52.8
Sikkim - Delta District 796,105039,791.6,38.0,27.5,Maize,124.4,658.36,14763.7,356.4,2343.8,87.1,108.5,70.9,0.0
Bihar - East District 797,8955,708.5,78.6,29.2,Rice,30.0,140.39,4135.2,81.47,1060.3,66.9,111.4,32.4,25.6
Himachal Pradesh - Valley District 798,116368,901.1,48.4,28.1,Maize,149.2,839.66,18532.9,347.78,2961.1,58.7,104.8,78.7,0.0
Tamil Nadu - Plains District 799,4869,832.8,74.5,32.0,Wheat,30.0,111.08,3333.1,39.64,1555.1,77.0,105.3,37.2,20.5
Ladakh - West District 800,28707,2051.7,48.4,24.4,Pulses,30.0,77.09,1527.4,21.82,883.5,24.9,99.9,44.9,0.0
Odisha - Rural District 801,34054,848.4,34.5,31.4,Maize,68.6,359.19,10079.3,194.29,1464.6,57.3,96.8,71.0,34.1
Punjab - West District 802,28393,1389.3,58.8,20.2,Maize,32.9,229.53,3887.6,85.82,637.9,48.6,95.9,56.3,15.1
Chhattisgarh - Plains District 803,48254,1490.2,50.3,27.7,Rice,106.4,826.12,13180.3,209.66,3978.3,50.5,103.7,54.9,5.4
Odisha - Coastal District 804,12095,831.8,66.9,21.9,Pulses,30.0,85.57,1084.7,16.14,904.8,67.9,112.2,68.8,52.5
Manipur - Valley District 805,29026,1048.9,74.6,22.8,Rice,54.3,233.4,6718.8,97.22,1982.6,70.5,109.5,44.0,34.3
Bihar - Valley District 806,10308,1626.5,72.0,27.9,Rice,30.0,198.25,3591.4,72.82,1182.3,47.6,95.4,51.2,37.5
Maharashtra - South District 807,32098,1237.1,58.1,25.2,Rice,82.7,449.72,11947.5,197.64,3118.5,55.5,111.2,42.6,17.6
Punjab - South District 808,18236,1400.9,54.3,28.8,Wheat,47.7,242.53,5050.6,61.1,2420.7,55.6,104.4,26.5,43.9
Odisha - Plateau District 809,3468,1123.1,75.4,32.8,Wheat,30.0,174.69,2392.9,47.54,1527.0,53.2,100.0,56.9,50.4
Maharashtra - North District 810,15002,1376.7,62.3,31.5,Wheat,30.0,151.67,3071.0,47.98,1595.4,50.5,107.3,58.9,37.5
Arunachal Pradesh - East District 811,14611,794.5,75.3,22.1,Rice,30.0,163.77,2854.5,67.18,1135.4,75.4,100.2,47.5,41.3
Uttar Pradesh - Urban District 812,39693,814.5,66.4,27.8,Wheat,70.1,240.1,6655.1,105.91,3356.8,76.0,119.4,14.1,21.9
Uttarakhand - Valley District 813,20879,708.2,85.6,33.0,Maize,31.8,163.32,3322.8,72.74,591.7,72.2,101.2,47.3,37.3
Telangana - South District 814,5615,507.7,51.2,27.6,Maize,30.0,115.5,3982.1,85.97,617.6,79.2,105.7,42.2,29.1
Meghalaya - Hills District 815,14333,763.5,51.0,21.9,Maize,30.0,158.14,3362.3,84.56,606.6,84.8,112.0,56.4,30.1
Puducherry - Rural District 816,13314,1094.1,48.1,28.1,Maize,30.0,134.02,3926.6,80.03,667.8,68.2,87.5,35.2,39.0
Punjab - East District 817,53615,833.1,85.5,29.7,Maize,79.1,374.41,7163.8,206.51,1669.7,69.0,115.1,41.8,2.5
Haryana - Valley District 818,10793,1316.9,87.2,15.4,Wheat,30.0,193.86,2642.0,50.2,1411.5,57.3,108.0,59.2,32.6
Kerala - South District 819,17556,2350.1,65.5,31.0,Wheat,30.0,275.97,2909.7,70.64,1397.8,22.3,89.6,51.4,30.2
Jammu & Kashmir - Urban District 820,31296,1071.7,50.3,28.1,Maize,49.8,329.24,6123.1,122.86,1129.5,69.6,87.7,49.4,28.0
Jammu & Kashmir - North District 821,62913,973.2,56.1,27.0,Maize,117.9,601.09,15722.7,297.79,2571.8,66.8,96.7,73.6,22.0
Goa - Urban District 822,50381,439.2,58.3,19.5,Rice,116.7,413.91,15533.3,224.57,4737.0,90.1,108.5,67.8,0.0
Bihar - Coastal District 823,40251,836.0,74.8,29.8,Maize,67.3,288.43,8187.5,163.12,1302.1,56.7,115.2,46.9,0.0
Madhya Pradesh - North District 824,47520,920.8,84.9,28.1,Wheat,69.0,403.54,6945.8,125.14,3592.5,87.2,98.5,51.3,18.6
Telangana - West District 825,19676,759.7,40.6,25.0,Maize,45.6,204.38,6010.1,113.46,919.3,77.7,103.2,47.3,47.4
Delhi - Plains District 826,38115,301.1,77.7,26.4,Wheat,68.4,70.67,6458.6,91.31,3367.6,92.7,102.2,45.5,4.2
Delhi - Rural District 827,76465,1024.2,69.4,26.3,Pulses,148.1,393.87,5914.4,117.14,4738.7,58.1,97.6,63.3,0.0
Uttar Pradesh - Central District 828,46885,1156.1,58.9,27.7,Rice,92.4,551.88,11596.9,188.71,3788.8,55.9,95.3,35.9,12.6
Ladakh - Rural District 829,32821,982.2,43.4,30.0,Maize,55.1,359.37,7524.1,180.8,1097.5,62.6,125.6,59.7,18.3
Nagaland - Valley District 830,24097,560.9,77.5,26.5,Rice,30.0,185.84,3457.8,50.41,1185.0,90.1,105.3,43.9,26.7
Karnataka - South District 831,17104,1151.3,41.5,19.8,Rice,30.0,122.7,3702.7,54.42,1202.8,65.1,98.1,45.7,37.5
Haryana - West District 832,9098,1301.9,42.9,28.5,Rice,30.0,196.58,4584.2,75.45,1073.5,36.2,104.9,59.3,36.6
Madhya Pradesh - East District 833,7701,333.1,31.6,21.6,Pulses,30.0,6.0,1417.1,15.49,821.6,100.0,99.8,37.8,58.2
Kerala - Plains District 834,16929,705.3,39.6,23.5,Maize,30.0,126.81,3929.8,73.64,631.4,76.6,117.0,43.7,36.4
Uttar Pradesh - Urban District 835,57989,1169.4,51.6,36.3,Rice,53.2,312.04,7682.5,114.68,2173.1,50.2,98.1,56.7,0.0
Kerala - South District 836,10204,1042.9,63.7,23.9,Pulses,30.0,42.53,1517.5,19.92,853.5,56.0,112.6,47.3,50.0
Jharkhand - West District 837,46663,1486.3,80.4,36.3,Pulses,135.8,458.78,4555.4,105.61,4027.6,53.0,115.3,53.9,17.2
Jammu & Kashmir - South District 838,20055,659.4,41.8,28.4,Maize,30.0,121.89,3133.7,84.95,598.8,74.3,87.0,78.7,43.3
Rajasthan - North District 839,20727,606.6,37.7,31.5,Wheat,34.8,134.5,3571.1,49.46,1729.5,66.3,98.6,61.0,33.2
Telangana - North District 840,17865,1118.8,45.4,27.5,Rice,30.0,124.23,3728.1,54.78,1280.8,60.4,106.5,43.6,32.1
Jammu & Kashmir - North District 841,14560,855.4,66.8,23.7,Rice,30.0,136.67,3462.7,62.44,1355.9,64.3,103.0,58.0,22.9
Meghalaya - Hills District 842,25171,891.1,66.8,25.2,Maize,36.7,152.36,3796.3,95.41,776.6,71.3,109.0,33.7,51.1
Telangana - East District 843,35032,1469.6,48.3,22.7,Maize,59.6,374.6,6566.5,169.75,1182.9,61.1,97.6,46.1,35.2
Assam - Plateau District 844,32366,1369.2,73.7,27.0,Maize,55.6,486.17,5651.0,189.69,1118.8,63.3,109.4,59.6,11.2
Odisha - West District 845,35080,1177.9,84.0,28.8,Wheat,78.2,457.53,7116.9,138.13,3421.7,51.2,105.1,55.2,4.7
Goa - Central District 846,33239,1692.4,62.4,28.3,Wheat,35.8,234.89,3421.4,66.14,1810.0,45.8,119.7,33.6,11.7
Maharashtra - North District 847,28960,1294.9,60.5,24.7,Maize,39.1,296.59,4513.2,121.94,694.2,57.8,106.3,38.2,36.8
Goa - Valley District 848,51108,713.5,41.9,28.6,Wheat,114.0,479.78,13456.9,226.91,5811.4,61.4,121.4,52.8,1.5
Rajasthan - North District 849,28073,1291.5,38.2,22.3,Maize,53.7,372.0,6829.0,172.02,1264.9,43.6,109.9,67.4,3.1
West Bengal - South District 850,58152,1384.9,56.6,27.0,Maize,119.3,958.86,15954.1,407.99,2389.2,48.6,106.8,55.5,0.0
Punjab - Delta District 851,51926,1278.6,55.3,26.0,Wheat,73.9,444.18,7008.5,123.59,4121.2,44.1,98.7,61.9,25.0
West Bengal - North District 852,32140,1637.7,49.4,22.4,Rice,51.4,405.89,7457.1,139.94,1874.7,40.7,88.7,46.2,18.4
Andhra Pradesh - Urban District 853,21168,673.2,70.3,27.0,Wheat,34.1,142.81,3597.9,43.71,1670.4,67.2,107.3,45.8,26.6
Tamil Nadu - Central District 854,80940,1992.3,58.2,23.7,Rice,141.2,1355.06,18264.3,404.12,5251.7,15.2,98.0,74.8,0.0
Tamil Nadu - East District 855,56050,817.2,92.6,26.7,Rice,86.1,408.54,8749.5,166.07,3485.3,65.8,99.3,59.4,15.6
Tripura - Central District 856,30845,855.3,46.3,24.1,Wheat,30.0,92.94,3542.2,32.91,1503.4,86.4,102.9,63.7,27.9
Odisha - Delta District 857,38633,679.4,43.5,28.6,Maize,70.1,349.84,8036.0,192.34,1329.1,63.2,105.3,41.1,19.2
Assam - Central District 858,54763,1209.3,52.2,22.2,Rice,94.4,535.16,11688.6,237.43,3858.0,50.4,105.9,63.1,0.0
Assam - East District 859,8071,1515.2,50.1,28.2,Rice,30.0,207.96,3828.7,77.26,1094.9,36.7,97.1,26.5,38.6
Arunachal Pradesh - West District 860,13131,2206.7,73.3,19.9,Rice,30.0,310.5,3939.7,77.43,1085.2,24.9,106.6,50.8,34.2
Sikkim - Plains District 861,43107,466.1,60.0,25.8,Rice,97.8,299.06,13883.2,180.55,3793.0,73.5,117.1,66.1,11.2
Manipur - Plateau District 862,47706,996.7,42.7,31.7,Maize,70.6,412.71,9491.3,187.45,1363.3,61.4,95.6,71.7,0.0
Punjab - West District 863,14212,1213.1,61.0,31.4,Rice,30.0,164.03,3770.4,60.7,1105.5,69.3,110.4,56.1,21.5
Punjab - Rural District 864,51136,1001.6,74.0,27.2,Rice,107.9,786.21,10607.4,210.24,4224.8,67.6,110.6,68.7,0.0
Haryana - North District 865,59031,1120.2,37.0,25.4,Rice,92.0,544.66,14771.0,207.18,3283.6,62.7,94.4,52.7,17.0
Uttarakhand - Plateau District 866,48147,934.9,66.7,22.0,Maize,85.4,669.9,8752.5,264.39,1704.6,62.6,106.0,40.0,17.0
Delhi - East District 867,32835,1705.9,33.0,20.8,Maize,48.6,427.55,7426.2,131.02,977.4,32.2,111.6,34.1,10.7
Rajasthan - Central District 868,19215,776.9,47.8,30.8,Pulses,38.9,12.08,1604.3,20.95,1032.4,66.9,114.9,60.5,20.0
Andhra Pradesh - Hills District 869,47240,810.4,32.9,25.2,Maize,58.0,208.88,8032.8,148.4,1240.8,58.9,105.0,63.9,0.0
Jammu & Kashmir - Hills District 870,8024,907.4,75.5,25.8,Maize,30.0,155.23,3282.6,71.68,606.3,70.1,104.9,49.5,62.2
Jammu & Kashmir - Hills District 871,16491,1736.1,78.3,26.7,Rice,30.0,279.98,3433.9,78.22,1153.4,34.4,113.6,36.4,12.0
Gujarat - Plains District 872,11526,777.2,59.8,26.4,Maize,30.0,140.0,2839.0,86.9,575.0,78.4,99.2,56.9,58.3
Meghalaya - Plains District 873,13749,1446.7,38.9,25.9,Wheat,30.0,147.88,3277.5,52.24,1544.0,51.9,107.8,53.9,36.4
Ladakh - Delta District 874,40601,1159.9,37.8,27.9,Rice,82.2,388.03,12140.4,164.11,2972.3,61.4,109.0,50.5,22.2
Jharkhand - North District 875,26628,1076.1,62.6,26.5,Rice,35.3,145.52,4207.2,65.05,1422.9,60.3,119.2,52.0,30.3
Meghalaya - Coastal District 876,32878,1149.1,64.3,28.3,Maize,30.0,180.22,3501.5,73.77,589.9,67.9,94.9,34.1,26.0
Arunachal Pradesh - Plateau District 877,17315,1195.2,38.9,27.8,Wheat,30.0,138.17,3726.5,47.25,1683.6,65.5,113.3,40.7,26.6
West Bengal - Urban District 878,46449,666.4,63.2,27.5,Maize,86.0,356.44,8722.8,177.11,1814.0,74.1,135.8,40.4,0.0
Bihar - Central District 879,15643,911.4,56.9,31.6,Rice,30.0,108.3,4763.1,55.16,1178.1,62.0,114.0,66.5,28.8
Rajasthan - Central District 880,56061,763.6,81.6,25.3,Maize,65.7,389.43,6089.8,178.95,1254.8,57.5,117.3,57.2,0.0
Telangana - Coastal District 881,43764,1002.5,50.9,29.0,Maize,49.7,345.76,5827.1,123.1,1016.5,59.1,102.9,30.8,27.5
Arunachal Pradesh - South District 882,29648,1081.9,40.2,29.0,Maize,30.0,173.2,3681.3,93.24,639.1,62.9,109.4,35.4,14.1
Nagaland - Plains District 883,53453,819.9,77.1,27.8,Maize,127.0,860.99,14036.8,351.29,2590.9,53.3,107.5,75.5,5.9
Haryana - South District 884,7921,1411.2,46.4,31.5,Maize,30.0,175.58,3487.9,80.6,618.3,52.7,90.7,55.3,52.4
Andhra Pradesh - East District 885,23228,714.0,47.5,27.8,Rice,30.0,97.64,4089.9,55.91,1146.2,90.6,125.9,51.5,31.2
West Bengal - Hills District 886,114995,1302.7,59.8,29.0,Rice,206.5,1218.22,24134.7,471.45,8530.9,40.9,105.0,72.5,0.0
Sikkim - Central District 887,25006,549.8,69.1,33.3,Wheat,30.1,59.76,3447.4,47.32,1487.0,86.5,123.3,43.5,26.5
Delhi - Plains District 888,17285,680.4,47.7,25.1,Maize,30.0,93.27,3717.2,70.58,529.1,80.4,117.1,57.2,36.3
Chhattisgarh - Urban District 889,92079,1922.3,59.0,30.1,Wheat,126.7,834.85,13192.3,216.96,5513.4,34.6,96.1,49.2,0.0
Bihar - West District 890,15042,1251.3,47.0,24.6,Rice,34.3,229.79,4904.0,73.93,1388.2,61.3,114.4,67.9,44.1
West Bengal - Valley District 891,42646,973.9,57.7,24.7,Rice,51.3,250.85,7533.2,118.34,1730.3,66.6,99.7,65.2,5.2
Puducherry - Valley District 892,41152,1541.5,85.5,26.9,Maize,33.8,331.67,3359.3,108.69,687.3,43.0,88.3,45.5,24.3
Uttar Pradesh - West District 893,58874,1139.1,56.7,22.5,Maize,98.1,535.02,10702.8,300.39,2016.6,49.8,91.3,30.3,0.0
Assam - Hills District 894,14034,1373.9,70.4,22.3,Wheat,30.0,174.07,2990.8,64.23,1362.6,41.9,100.9,50.3,59.3
Puducherry - Delta District 895,38514,849.2,34.5,25.0,Wheat,78.4,213.36,8976.6,81.98,3999.7,59.6,104.7,41.3,28.4
Meghalaya - East District 896,171112,575.0,42.8,34.4,Maize,258.3,789.65,35015.5,458.58,4894.9,68.6,94.1,75.1,0.0
Uttar Pradesh - Delta District 897,33855,1402.2,52.0,24.2,Maize,66.0,502.77,9727.5,242.95,1596.9,47.7,102.1,59.5,0.6
Karnataka - Valley District 898,57481,1063.1,71.8,31.4,Rice,114.8,732.22,14538.7,182.36,4296.0,55.3,112.3,52.5,18.3
Ladakh - North District 899,19331,1028.0,42.6,24.6,Maize,30.0,157.75,3915.4,68.79,543.9,68.4,102.9,60.0,48.8
Bihar - Urban District 900,17815,966.1,66.7,27.0,Rice,32.7,175.5,3549.8,50.48,1412.1,56.8,100.2,45.9,57.5
Odisha - Rural District 901,35431,676.6,66.2,24.2,Maize,38.9,204.57,4260.2,125.46,781.1,81.7,97.1,45.5,17.9
Karnataka - Valley District 902,44121,1016.8,56.6,26.9,Maize,86.2,526.75,10870.3,257.59,1957.0,57.7,103.9,63.3,6.0
Bihar - West District 903,74803,902.2,72.3,23.1,Wheat,101.5,455.52,9004.1,136.91,5537.8,85.1,116.8,66.3,0.0
Kerala - Coastal District 904,38989,1547.4,61.1,30.8,Wheat,31.9,171.13,2846.4,46.85,1751.7,49.1,106.0,31.4,4.7
Meghalaya - Valley District 905,15024,1224.8,65.1,18.9,Rice,30.0,197.28,3776.5,78.17,1268.8,52.4,103.1,34.6,36.8
Rajasthan - Central District 906,41292,1364.2,75.1,25.6,Maize,42.1,325.67,4665.1,104.01,854.8,54.6,114.9,69.6,10.9
Puducherry - Plateau District 907,138179,932.8,70.8,30.2,Wheat,202.7,1262.81,17090.9,246.51,11144.2,64.2,83.1,80.6,0.0
Tripura - Coastal District 908,54105,1135.4,56.5,24.3,Rice,103.0,781.7,14319.4,295.38,4599.1,57.6,100.8,51.7,7.8
Arunachal Pradesh - East District 909,57248,2462.8,51.1,25.4,Maize,111.8,1425.26,12872.3,405.11,2293.2,13.8,106.3,76.4,0.0
Kerala - Coastal District 910,35270,1466.9,70.2,29.3,Rice,71.6,562.58,7655.8,162.2,3005.8,41.8,99.5,58.4,30.4
Puducherry - Delta District 911,3722,1032.6,61.9,23.7,Rice,30.0,148.98,4834.6,53.65,1192.0,63.8,86.4,51.7,43.3
Tripura - Urban District 912,2601,1199.4,43.5,27.6,Rice,30.0,133.01,4576.2,62.03,1161.2,43.2,104.7,47.0,48.8
Karnataka - Urban District 913,14271,1224.2,70.9,28.5,Maize,30.0,237.7,3212.8,91.73,608.5,53.2,105.7,76.3,40.7
Nagaland - Urban District 914,20657,1553.2,71.4,30.9,Wheat,42.4,321.61,3740.5,77.38,2167.7,45.4,96.9,29.7,27.9
Odisha - Delta District 915,79375,1428.1,59.3,29.0,Rice,165.4,1288.31,22228.8,342.02,7085.4,35.8,106.1,53.5,0.0
Himachal Pradesh - Plateau District 916,66016,582.7,27.7,22.6,Rice,80.1,184.36,12547.3,127.11,3201.9,76.9,119.0,25.3,0.0
Kerala - Urban District 917,23866,758.3,45.8,24.4,Wheat,31.1,99.39,3708.4,47.26,1678.9,86.8,105.6,59.5,39.3
Puducherry - East District 918,25760,1313.6,79.5,28.4,Maize,60.6,370.15,7277.4,147.32,1183.1,46.5,98.8,55.3,18.0
Telangana - East District 919,30510,1807.0,38.6,28.1,Wheat,60.6,445.01,6424.8,101.62,3043.1,40.4,101.3,57.1,12.5
Himachal Pradesh - Urban District 920,44361,545.2,61.0,33.4,Wheat,82.5,286.67,7769.4,85.44,4048.0,71.6,128.2,64.1,0.0
Gujarat - Central District 921,14866,1445.3,47.0,24.6,Rice,30.0,175.9,4108.5,60.01,1329.7,63.6,101.6,48.6,42.9
Jharkhand - Urban District 922,11278,1085.0,40.1,20.5,Maize,30.0,141.52,3766.6,74.14,586.8,65.1,122.6,35.2,31.9
Nagaland - Hills District 923,109475,1206.2,52.7,29.1,Rice,312.5,1642.54,45439.8,583.44,11522.2,73.1,98.7,53.8,0.0
Goa - Coastal District 924,66305,1295.8,61.1,27.8,Wheat,118.5,757.91,11128.9,172.99,5882.5,61.7,104.5,65.8,7.0
Odisha - Urban District 925,26283,878.8,81.8,29.7,Wheat,37.4,183.58,3320.2,44.62,1758.9,68.4,92.6,47.6,13.1
Assam - Plains District 926,72354,1198.3,49.1,23.8,Pulses,76.0,169.96,4058.0,56.57,2122.0,54.7,105.3,76.5,0.0
Himachal Pradesh - Urban District 927,50297,1160.2,50.7,22.0,Pulses,82.3,237.5,3196.7,73.06,2629.7,62.1,102.6,60.1,0.4
Madhya Pradesh - East District 928,19557,1548.9,60.0,28.7,Rice,33.7,288.99,4038.7,105.43,1387.6,37.0,88.4,63.1,13.1
Maharashtra - Rural District 929,55117,1081.5,58.5,27.8,Rice,94.4,513.64,13594.5,213.61,3915.9,86.2,113.0,55.3,11.0
Jharkhand - Hills District 930,30462,545.6,65.9,28.8,Wheat,38.5,156.15,4168.7,41.97,1998.1,88.7,114.0,54.9,27.2
Chhattisgarh - Rural District 931,22302,1219.2,50.8,32.3,Pulses,30.0,52.74,1463.6,16.53,840.3,64.5,110.9,53.8,18.5
Punjab - South District 932,74052,918.4,66.2,25.0,Pulses,169.0,161.38,7138.0,125.48,4629.8,67.0,108.6,86.5,0.0
Kerala - Valley District 933,26937,1904.9,50.3,22.1,Rice,30.2,257.39,4568.5,68.58,1230.0,33.3,98.5,60.3,43.6
Uttarakhand - South District 934,89754,1255.9,65.8,29.0,Maize,110.3,666.93,13759.5,349.78,2211.0,52.4,106.8,51.0,0.0
Puducherry - Central District 935,16844,1348.8,61.0,24.5,Rice,33.2,224.33,4452.8,51.69,1394.8,56.6,112.2,67.5,40.7
Haryana - Rural District 936,34733,658.5,61.9,34.6,Wheat,52.3,129.73,5763.5,71.37,2461.2,67.5,110.3,59.8,0.3
Goa - East District 937,18863,1259.0,66.5,26.5,Maize,33.9,223.11,4129.7,94.04,678.2,49.3,98.8,22.9,20.9
Himachal Pradesh - Coastal District 938,89389,1465.4,57.0,23.0,Rice,183.2,1234.31,27099.3,372.12,8076.2,51.2,109.6,49.8,0.0
Bihar - East District 939,13068,526.9,43.5,27.6,Rice,30.0,82.89,4287.2,57.22,1134.4,93.4,102.9,43.9,14.4
Sikkim - Rural District 940,7125,602.9,81.4,28.8,Wheat,30.0,95.14,2383.4,54.82,1579.5,73.5,102.3,37.6,58.0
Odisha - Central District 941,51845,1309.6,76.4,25.5,Rice,116.0,595.72,13275.3,208.85,4736.9,55.7,101.4,69.2,2.4
Goa - Plateau District 942,20694,1274.5,56.5,30.1,Wheat,39.3,220.13,3446.5,80.12,2138.4,50.0,106.2,58.7,31.9
Nagaland - Central District 943,30877,592.3,37.4,23.0,Rice,30.0,82.45,4663.5,40.96,1101.7,56.8,91.6,26.9,31.4
Puducherry - North District 944,22170,1532.4,61.6,24.4,Wheat,30.0,163.28,3264.7,40.54,1638.8,51.0,109.6,47.4,29.0
Delhi - Coastal District 945,44317,1658.1,59.1,32.4,Rice,69.7,529.31,11108.9,175.67,2907.2,63.6,107.5,36.0,0.0
Ladakh - West District 946,36311,993.4,73.9,25.8,Rice,50.6,303.11,5707.8,126.79,1963.1,68.4,104.3,68.4,14.3
Sikkim - Plateau District 947,31896,1253.8,62.0,20.2,Pulses,45.5,121.88,1722.9,30.61,1316.7,51.3,102.9,63.6,13.2
Tamil Nadu - Rural District 948,24952,746.4,71.9,23.7,Rice,33.7,142.67,3987.2,65.94,1660.4,73.5,103.2,50.3,28.7
Jammu & Kashmir - Valley District 949,27381,1182.9,50.5,26.4,Maize,35.2,222.09,4264.0,74.15,794.0,59.0,100.5,69.1,28.0
Gujarat - Coastal District 950,78185,956.1,47.7,28.3,Rice,184.5,733.22,23557.5,353.78,7909.8,76.9,105.9,59.0,0.0
Haryana - West District 951,45753,1379.9,45.5,23.0,Pulses,61.9,130.77,2617.6,40.45,1831.7,44.9,123.0,59.6,10.1
Telangana - Urban District 952,45805,625.7,33.8,20.8,Wheat,49.3,173.73,6334.2,69.96,2732.9,85.4,117.1,59.9,13.3
Uttarakhand - Central District 953,68391,779.0,56.4,28.7,Pulses,106.4,146.98,4544.2,62.13,2856.6,72.2,98.2,90.4,9.6
Rajasthan - Central District 954,118449,1227.6,68.0,29.9,Rice,173.9,1105.23,20842.4,332.64,7487.0,48.9,85.9,92.2,0.0
Punjab - Rural District 955,15508,339.3,100.0,24.4,Maize,30.0,101.72,2644.5,70.58,663.5,88.5,108.1,25.5,47.6
Meghalaya - South District 956,25870,1211.4,66.3,22.9,Maize,49.6,391.66,5607.9,172.92,948.4,47.5,98.4,32.9,22.1
Rajasthan - Hills District 957,61362,566.4,29.4,35.3,Wheat,87.4,177.34,10513.0,113.69,4279.4,64.0,103.4,54.3,4.3
Telangana - Valley District 958,25443,1440.4,31.8,21.0,Wheat,39.7,232.98,4033.3,61.12,1959.6,60.9,109.9,53.1,29.9
Uttarakhand - Central District 959,4655,950.2,82.2,23.9,Wheat,30.0,122.71,2600.7,32.74,1372.3,62.3,96.1,67.5,41.3
Tamil Nadu - Plains District 960,37063,1424.5,57.1,18.4,Wheat,70.1,350.96,7341.3,87.49,3109.1,57.0,111.6,91.6,32.3
Rajasthan - Delta District 961,18345,1694.7,51.8,28.3,Pulses,43.9,159.42,1918.8,37.83,1300.0,36.6,93.4,68.3,26.2
Chhattisgarh - Coastal District 962,20359,1115.2,47.9,24.4,Wheat,30.0,170.06,3097.6,49.5,1428.3,66.1,103.1,39.8,10.6
Uttarakhand - South District 963,15982,1098.3,49.0,23.6,Maize,30.0,174.7,3723.1,74.0,554.6,67.4,102.4,42.4,49.6
Punjab - West District 964,37962,932.2,64.9,28.0,Rice,34.7,165.84,4187.7,80.49,1536.0,62.8,95.8,44.1,5.2
Tripura - Delta District 965,23670,945.7,42.8,20.2,Rice,30.0,125.57,4229.6,49.9,1330.6,57.7,107.2,66.3,48.7
Odisha - Hills District 966,28954,1210.3,50.6,24.1,Wheat,64.7,424.13,7945.4,103.81,3511.5,39.5,106.0,56.8,19.7
Himachal Pradesh - West District 967,14467,638.5,40.3,25.3,Wheat,30.0,66.06,3992.3,38.62,1531.2,73.2,93.4,58.5,49.4
Odisha - Rural District 968,68452,1309.1,13.7,15.2,Rice,51.0,251.02,8382.2,105.97,2087.7,49.1,108.9,65.5,0.0
Haryana - Hills District 969,47176,689.5,71.5,23.9,Rice,84.2,453.7,10203.0,179.12,3394.7,67.0,121.4,58.4,0.0
Chhattisgarh - West District 970,18433,1196.7,27.3,22.3,Rice,42.7,236.04,7178.6,84.29,1739.5,45.0,109.1,80.5,31.0
Meghalaya - Urban District 971,40886,449.6,45.4,28.4,Wheat,66.0,184.0,7458.4,84.8,3108.3,100.0,112.9,71.6,26.4
Puducherry - Rural District 972,60252,780.2,68.6,24.8,Wheat,143.8,447.48,13187.1,201.23,6639.8,67.3,111.7,52.6,0.0
Chhattisgarh - Hills District 973,14406,1369.3,53.5,31.4,Rice,30.0,171.14,3980.1,72.16,1268.7,49.8,120.7,38.2,44.5
Delhi - West District 974,69290,865.7,35.7,24.8,Wheat,77.7,248.72,8096.7,118.36,4358.0,75.0,99.4,66.1,0.0
Chhattisgarh - Plains District 975,18531,739.5,71.4,22.8,Maize,30.0,161.1,2974.3,90.51,605.1,82.4,95.6,60.6,54.2
Himachal Pradesh - Urban District 976,47102,340.3,59.2,22.7,Rice,89.3,208.85,11124.0,123.75,3599.9,100.0,124.1,50.7,0.0
Nagaland - Central District 977,18619,1147.4,72.2,25.1,Rice,45.8,266.01,5471.4,101.28,2003.9,57.1,111.0,53.8,30.5
Goa - Delta District 978,29269,1654.1,48.7,28.6,Rice,53.5,385.44,7866.7,141.52,2002.6,49.5,107.9,51.1,23.7
Manipur - Plateau District 979,26765,1136.7,62.6,28.4,Rice,42.5,173.73,6227.5,73.58,1565.5,41.5,93.2,38.9,11.1
Sikkim - Rural District 980,16056,602.8,55.6,22.1,Maize,30.0,114.36,3822.3,70.67,610.4,71.7,106.6,36.7,38.3
Chhattisgarh - Urban District 981,53245,1177.3,61.1,28.9,Maize,83.8,564.07,9129.2,155.52,1705.5,66.1,111.5,72.9,0.0
Karnataka - West District 982,19336,494.0,78.0,27.7,Rice,34.7,154.26,4560.2,60.91,1453.9,87.5,100.5,27.1,42.9
Tamil Nadu - South District 983,40551,1514.9,63.7,16.6,Rice,71.8,479.13,8370.3,133.03,2921.9,41.6,99.0,44.0,16.5
Delhi - Hills District 984,26967,699.6,65.3,21.5,Maize,45.3,238.11,5158.5,148.09,829.3,85.3,117.6,42.7,33.3
Uttar Pradesh - Plains District 985,184115,608.4,52.5,22.0,Wheat,296.6,842.63,29304.1,418.06,14803.3,73.2,126.1,94.8,0.0
Uttar Pradesh - East District 986,31479,1626.2,92.4,25.6,Maize,38.8,384.86,3786.4,121.69,723.7,54.4,100.3,29.1,13.2
Arunachal Pradesh - South District 987,54605,1032.6,47.0,26.7,Maize,83.2,527.6,11118.9,182.06,1792.0,61.2,115.9,67.0,0.0
Karnataka - North District 988,31057,903.3,58.0,25.8,Rice,44.3,238.88,5979.6,91.71,1763.5,83.5,123.3,65.0,30.7
Assam - Plains District 989,29884,1506.2,44.7,20.4,Wheat,30.0,168.44,3069.5,60.25,1663.1,42.8,107.2,73.5,17.2
Nagaland - Central District 990,6705,803.0,60.6,24.0,Wheat,30.0,132.71,2917.8,40.75,1416.4,77.1,123.7,49.6,29.6
Delhi - Plains District 991,66291,1458.9,65.3,21.8,Wheat,114.2,694.49,10977.0,178.4,5723.1,48.5,100.4,74.7,0.0
Ladakh - East District 992,44160,1142.5,68.6,25.7,Maize,51.0,336.26,5780.3,141.0,856.0,66.1,105.6,42.8,16.9
Nagaland - Rural District 993,24860,1247.0,76.3,27.7,Maize,30.0,209.82,3031.6,107.27,637.5,50.8,89.3,28.0,51.2
Delhi - South District 994,42988,1023.5,56.7,31.6,Wheat,97.4,588.76,9231.8,167.9,4593.8,64.3,101.0,35.5,18.5
Karnataka - Hills District 995,25211,1652.7,57.8,24.9,Wheat,32.6,231.3,3104.3,67.99,1553.5,31.3,111.4,57.9,26.8
Uttarakhand - West District 996,34787,1095.6,42.6,27.8,Wheat,43.8,217.43,5000.9,77.57,2153.2,55.0,93.3,66.3,9.0
Rajasthan - Delta District 997,13873,886.4,66.3,28.8,Wheat,33.0,170.85,2857.3,48.8,1592.6,66.6,94.7,34.0,52.5
Gujarat - Urban District 998,18364,964.3,33.9,21.0,Rice,36.1,140.64,5543.3,75.92,1514.1,59.8,99.8,32.9,28.4
Goa - Urban District 999,18464,1039.6,36.2,22.3,Rice,30.0,111.16,4393.0,54.56,1273.3,59.4,116.4,53.2,27.1
Goa - East District 1000,45689,987.6,58.1,25.1,Rice,78.7,291.8,10024.2,143.76,3171.3,69.1,108.5,34.3,25.6
Chhattisgarh - Plateau District 1001,12994,1068.7,63.3,21.3,Maize,30.0,203.36,3453.5,71.62,630.2,64.5,100.3,69.8,40.3
Ladakh - Coastal District 1002,7459,1325.9,45.9,31.4,Maize,30.0,203.11,3949.5,75.08,551.1,41.8,104.7,34.2,18.2
Jharkhand - Coastal District 1003,5643,1162.6,58.3,21.2,Rice,30.0,216.98,4349.5,71.38,1165.5,49.0,103.9,36.3,29.3
Sikkim - Coastal District 1004,79057,647.2,81.3,31.9,Rice,155.6,555.48,15935.0,321.21,6695.4,73.2,106.3,70.6,0.0
Ladakh - Rural District 1005,17945,211.3,46.8,27.8,Rice,38.2,122.92,5362.2,69.12,1650.0,100.0,109.7,46.9,27.4
Arunachal Pradesh - Rural District 1006,6140,1370.5,36.7,26.2,Wheat,30.0,152.41,3251.5,51.12,1497.7,44.7,100.2,23.6,37.5
Nagaland - South District 1007,35729,604.2,40.3,24.3,Maize,61.5,234.04,9187.2,146.36,1329.3,85.6,83.7,57.1,15.5
Maharashtra - Valley District 1008,12045,1487.3,44.1,31.0,Pulses,30.0,60.4,1149.6,21.42,840.5,37.1,96.7,42.0,50.7
Tamil Nadu - Plateau District 1009,115145,1423.7,44.7,16.5,Rice,108.1,689.31,13838.8,264.77,4156.4,53.4,99.5,60.2,0.0
Jammu & Kashmir - Valley District 1010,12422,753.8,60.3,21.5,Wheat,30.0,114.66,2906.3,35.61,1304.3,70.0,110.0,62.0,33.0
Jammu & Kashmir - West District 1011,77789,753.1,75.0,33.3,Maize,102.1,592.67,10072.0,254.15,2087.7,69.4,112.4,42.3,0.0
Puducherry - Central District 1012,27732,585.0,56.3,27.1,Maize,34.1,88.47,4113.9,63.91,677.9,100.0,100.3,68.1,22.3
Chhattisgarh - Rural District 1013,54218,1986.9,70.8,33.1,Rice,62.0,561.92,6666.6,141.67,2138.9,36.0,100.3,60.4,4.6
Karnataka - Plateau District 1014,42999,1702.3,52.0,26.2,Maize,71.6,686.92,7618.4,239.47,1542.6,42.5,96.0,57.5,0.0
Haryana - West District 1015,5258,1225.8,31.0,30.1,Maize,30.0,144.14,4123.3,94.05,577.7,53.0,116.7,32.2,56.2
Himachal Pradesh - Rural District 1016,15493,1440.1,60.4,32.0,Pulses,30.0,43.82,1278.6,17.77,874.3,43.9,103.4,40.4,35.8
Chhattisgarh - Rural District 1017,40474,1512.5,87.4,34.1,Pulses,89.6,275.92,3309.0,73.93,2369.8,43.5,99.5,72.5,19.2
Uttarakhand - West District 1018,63006,1008.2,67.0,28.8,Maize,105.1,698.51,11142.2,353.85,1913.6,71.3,101.0,66.8,11.7
Tripura - West District 1019,25808,702.3,77.2,29.7,Wheat,40.6,189.45,3713.8,49.68,2013.5,66.7,131.8,52.8,46.0
Uttarakhand - Coastal District 1020,23178,1275.4,56.5,22.3,Pulses,38.0,42.12,1772.4,26.52,1065.0,43.0,98.3,48.9,25.2
Rajasthan - Delta District 1021,7461,1079.5,33.7,25.2,Pulses,30.0,86.12,1576.5,24.04,955.7,58.3,93.2,41.6,28.6
Tripura - Coastal District 1022,27166,1058.9,58.2,34.3,Wheat,30.0,177.88,3057.9,51.5,1411.6,68.8,112.7,57.5,26.7
Ladakh - Central District 1023,18302,1032.4,59.5,30.9,Wheat,30.0,127.4,3143.4,34.44,1487.8,62.6,81.5,60.0,52.3
Uttarakhand - Coastal District 1024,23242,575.0,51.7,29.0,Rice,30.0,68.47,3762.2,47.97,1165.7,78.0,112.0,40.0,22.5
Nagaland - West District 1025,59997,1161.1,60.4,30.3,Wheat,67.7,325.03,7795.1,111.0,3410.7,52.1,92.4,46.0,0.0
Bihar - Rural District 1026,103964,1110.5,69.7,32.9,Maize,198.7,1099.67,19705.5,493.89,3944.3,69.3,105.5,59.6,0.0
Uttarakhand - East District 1027,4757,1718.3,49.0,26.9,Rice,30.0,268.85,4772.7,84.36,1256.1,32.7,109.6,60.3,60.5
Manipur - South District 1028,19735,1048.3,51.2,27.9,Maize,30.0,109.37,3983.3,61.36,591.8,62.2,101.7,57.7,26.7
Sikkim - Urban District 1029,76570,1187.9,81.8,26.6,Wheat,88.2,505.45,7864.6,127.43,4288.6,55.9,110.7,51.0,0.0
Uttar Pradesh - East District 1030,50534,896.6,28.8,29.0,Wheat,82.7,367.98,9846.8,118.77,4543.4,57.8,107.9,47.8,0.0
Madhya Pradesh - West District 1031,64390,831.9,38.3,31.2,Wheat,48.8,245.6,5449.0,72.51,2411.4,78.7,109.4,55.4,0.0
Nagaland - East District 1032,13797,828.9,77.0,31.8,Wheat,30.0,69.47,3267.7,41.0,1355.0,69.3,103.3,58.3,44.3
Tripura - Hills District 1033,41093,1130.4,63.5,24.4,Maize,30.5,166.21,3382.6,74.01,601.1,58.8,100.4,51.6,3.8
Meghalaya - Hills District 1034,90230,1167.1,55.7,24.5,Pulses,117.3,336.94,4527.8,95.06,3570.0,61.0,109.3,77.8,0.0
Madhya Pradesh - Urban District 1035,18903,904.2,54.2,29.0,Maize,30.5,210.46,4122.9,93.58,614.8,68.8,112.1,42.4,28.9
Punjab - South District 1036,7603,715.3,49.0,28.0,Pulses,30.0,61.77,1293.5,18.25,775.4,77.2,100.2,59.7,40.1
Telangana - Plains District 1037,20877,601.2,42.0,30.9,Rice,34.5,111.47,4985.5,58.24,1428.0,75.2,96.4,59.9,25.1
Meghalaya - East District 1038,27631,1039.2,62.2,29.2,Maize,30.0,163.07,3459.7,78.18,623.9,54.1,107.0,44.2,29.9
Uttar Pradesh - South District 1039,8941,880.8,46.5,32.9,Maize,30.0,170.2,2982.8,62.23,593.2,70.6,104.9,40.8,45.3
Chhattisgarh - West District 1040,24996,268.5,51.1,24.9,Wheat,33.7,44.38,3192.7,36.4,1738.8,88.1,88.5,68.7,39.2
Jharkhand - Plains District 1041,12222,1610.2,85.2,24.2,Rice,30.0,294.46,3519.6,85.87,1104.7,42.2,100.7,60.6,31.0
Nagaland - West District 1042,19966,1102.7,81.1,27.7,Maize,39.3,268.39,3504.7,92.37,783.6,61.2,114.1,44.9,27.1
Manipur - Coastal District 1043,28511,834.6,78.2,23.3,Wheat,48.8,246.83,4540.3,69.3,2560.7,70.7,104.9,46.4,17.4
Rajasthan - South District 1044,9440,1080.8,65.2,26.9,Maize,30.0,215.37,2981.6,80.76,619.1,62.9,99.0,44.2,40.9
Haryana - Central District 1045,33537,919.1,51.9,29.7,Maize,55.3,257.26,5807.4,169.47,1075.4,62.9,109.9,60.1,13.9
Telangana - South District 1046,7789,1116.5,57.7,23.1,Wheat,30.0,142.33,2989.5,59.03,1547.4,72.3,104.5,44.0,46.2
Rajasthan - Plains District 1047,18188,1451.2,43.6,29.4,Rice,30.0,203.25,4483.3,81.31,1090.2,42.1,108.4,32.5,16.2
Sikkim - West District 1048,37788,1238.4,67.5,21.6,Maize,37.8,222.13,3700.4,132.33,700.7,55.1,116.3,30.3,23.7
Rajasthan - Valley District 1049,46177,507.0,60.3,30.1,Maize,57.7,168.03,7053.4,135.79,1123.6,91.2,113.1,54.3,11.2
Karnataka - Delta District 1050,59016,712.6,45.2,23.5,Wheat,52.1,187.99,5148.3,85.04,2628.4,65.6,111.9,52.3,4.2
Madhya Pradesh - East District 1051,28215,1264.7,73.9,15.2,Wheat,30.0,175.82,2768.6,40.92,1592.6,49.1,89.5,55.8,23.6
Arunachal Pradesh - Plains District 1052,33740,577.4,74.1,26.5,Rice,71.5,258.62,9426.2,151.91,2622.4,93.0,121.6,51.5,35.0
Himachal Pradesh - Plateau District 1053,24401,832.6,80.4,28.2,Pulses,40.4,84.13,1760.0,26.92,1416.6,65.2,121.2,45.9,36.2
Rajasthan - Hills District 1054,205548,1436.6,39.3,27.0,Pulses,251.7,297.61,12741.2,157.26,7517.0,38.7,121.9,93.7,0.0
Nagaland - Coastal District 1055,30409,1285.1,43.3,32.1,Maize,30.0,232.81,3996.9,84.99,632.3,58.0,106.2,56.0,51.7
Uttar Pradesh - South District 1056,54475,641.5,64.5,21.9,Rice,100.6,499.15,13526.4,193.02,4159.2,89.2,101.7,61.5,2.7
Odisha - Delta District 1057,22385,1368.0,44.2,20.0,Rice,30.0,206.13,3721.1,56.72,1238.3,53.9,94.7,52.9,21.5
Uttar Pradesh - Central District 1058,57860,552.0,58.9,23.9,Pulses,100.6,326.5,4189.2,81.83,3286.6,79.4,112.0,44.2,0.0
Jharkhand - Coastal District 1059,119042,1451.8,37.1,21.4,Wheat,72.5,460.3,7017.0,127.61,3257.2,45.2,99.8,70.9,0.0
Maharashtra - Valley District 1060,34696,722.6,49.7,30.7,Wheat,34.2,99.39,3844.0,46.28,1469.1,57.6,108.8,37.8,12.1
Jammu & Kashmir - Hills District 1061,31666,843.9,79.4,27.1,Pulses,50.3,113.25,2300.9,31.17,1394.9,63.9,92.4,69.5,34.2
Odisha - Hills District 1062,54618,1337.4,51.0,29.3,Maize,51.3,374.36,5604.6,166.92,1063.9,63.6,109.3,48.5,16.5
Meghalaya - Plateau District 1063,64518,1124.0,25.0,21.8,Rice,88.1,410.23,13855.2,188.14,3302.7,55.0,110.8,67.4,3.4
Sikkim - West District 1064,13931,939.0,79.8,19.2,Wheat,30.0,173.92,2743.5,54.22,1561.9,76.3,103.8,23.9,46.5
Delhi - Central District 1065,33143,486.6,63.6,25.5,Maize,40.4,110.98,3866.8,101.91,863.2,83.1,98.5,46.3,11.6
Assam - West District 1066,22883,948.5,69.9,29.5,Rice,44.2,193.65,6219.3,77.9,1627.9,57.0,95.2,47.5,16.8
Gujarat - West District 1067,10969,313.5,54.5,19.7,Wheat,30.0,40.83,3133.6,41.25,1611.2,82.1,117.4,28.6,37.9
Punjab - Plateau District 1068,21822,1188.4,87.5,28.4,Wheat,30.0,190.63,2846.6,49.5,1378.3,53.7,108.1,28.1,37.0
Puducherry - Central District 1069,11087,1398.6,74.9,27.5,Maize,30.0,242.03,2893.1,96.64,589.1,49.6,80.6,45.1,30.6
Jammu & Kashmir - Urban District 1070,61921,1536.6,72.3,28.7,Rice,67.9,461.89,7795.7,140.32,2873.6,57.2,121.6,74.6,0.0
Nagaland - Hills District 1071,31438,388.4,44.0,26.9,Maize,63.6,183.89,9562.1,156.67,1327.0,83.4,109.4,42.0,34.6
Manipur - Hills District 1072,26817,762.8,50.1,27.9,Pulses,30.0,43.89,1446.4,18.1,933.3,56.0,113.2,57.7,33.7
Uttarakhand - South District 1073,13510,1053.9,57.7,30.0,Rice,30.0,164.19,3998.1,65.67,1173.0,69.5,99.8,44.7,31.3
Delhi - Plateau District 1074,98634,1288.8,71.9,29.9,Rice,123.5,794.77,13514.1,240.51,5142.4,51.3,90.9,74.4,0.0
Andhra Pradesh - South District 1075,28979,1818.4,55.3,24.4,Rice,34.6,272.41,4822.5,82.76,1403.2,36.4,107.8,67.4,40.5
Haryana - Coastal District 1076,27367,714.3,75.5,31.9,Wheat,32.6,93.91,3030.9,39.69,1685.7,56.7,106.3,44.8,25.5
Meghalaya - West District 1077,12364,1158.3,45.3,21.7,Maize,30.0,194.33,3816.0,72.79,656.9,74.3,101.8,67.6,39.0
Arunachal Pradesh - East District 1078,56070,650.9,54.7,22.8,Wheat,62.9,201.07,6967.9,96.89,3137.6,75.0,102.1,34.4,0.0
Gujarat - Urban District 1079,37615,203.0,64.9,30.0,Maize,37.0,70.04,3822.8,79.14,809.6,84.4,116.9,57.4,35.9
Himachal Pradesh - West District 1080,28579,1274.4,60.0,28.1,Pulses,44.7,50.58,2218.4,27.41,1219.6,42.8,116.5,61.1,44.7
Rajasthan - South District 1081,60262,1187.9,72.1,23.4,Rice,73.9,450.21,9800.6,150.32,2955.1,61.3,109.9,28.6,0.0
Uttar Pradesh - South District 1082,2965,1534.4,60.6,25.4,Maize,30.0,220.64,3916.0,106.06,623.6,52.1,104.8,39.1,37.5
Jharkhand - Central District 1083,11901,200.0,67.2,23.0,Rice,30.0,67.52,4341.3,53.2,1110.9,91.2,93.9,42.9,24.6
Nagaland - North District 1084,58486,1272.3,71.3,27.3,Wheat,71.2,416.83,6535.6,124.31,3320.8,49.5,107.6,72.6,0.0
Andhra Pradesh - Delta District 1085,47386,705.0,51.0,22.5,Wheat,73.5,255.16,7919.2,87.17,3280.1,77.5,118.9,47.6,24.7
Goa - Rural District 1086,37133,815.7,47.5,26.6,Rice,82.1,412.3,13934.4,213.29,3308.1,58.4,131.9,46.9,10.7
Jammu & Kashmir - West District 1087,41536,505.5,74.3,23.5,Wheat,70.0,128.8,6573.9,87.74,3417.0,97.8,115.9,65.0,0.0
Bihar - Plateau District 1088,9055,796.8,54.9,29.2,Wheat,30.0,110.37,2708.3,42.63,1637.7,79.4,98.9,30.3,39.3
Maharashtra - West District 1089,44266,656.5,52.1,33.6,Maize,44.5,136.77,5657.9,108.05,897.9,64.4,112.7,63.5,0.0
Punjab - West District 1090,40928,985.8,57.9,25.3,Wheat,51.7,198.25,5265.6,84.52,2813.4,61.0,98.3,60.9,8.5
Telangana - East District 1091,13310,1139.0,54.9,23.5,Wheat,35.7,156.34,3957.1,64.72,1736.3,62.4,94.0,45.8,28.3
Jammu & Kashmir - Plains District 1092,7107,967.3,65.6,25.0,Rice,30.0,159.07,3688.7,51.63,1237.9,72.0,86.8,60.7,33.5
Haryana - Plateau District 1093,54864,1401.7,84.9,26.0,Wheat,90.3,561.6,7941.7,153.95,4387.2,51.1,116.3,58.1,1.5
West Bengal - Plains District 1094,15943,200.0,44.4,28.0,Rice,41.3,86.51,6882.5,52.97,1646.8,97.4,116.9,33.8,49.2
Chhattisgarh - West District 1095,20537,373.1,74.1,18.0,Rice,30.0,70.92,3297.8,57.63,1222.6,91.2,88.0,68.9,29.5
Assam - Central District 1096,22748,1371.6,58.0,22.2,Maize,30.7,224.49,3713.1,107.79,608.3,39.0,102.3,56.9,47.5
Punjab - Plains District 1097,120759,739.1,65.6,32.7,Wheat,115.7,522.55,11078.1,211.81,5785.3,66.8,113.7,81.2,0.0
Arunachal Pradesh - North District 1098,36402,1024.2,55.2,25.8,Pulses,67.1,116.72,3089.9,41.02,2082.1,50.6,109.8,68.4,23.3
Chhattisgarh - Central District 1099,14766,1086.4,39.2,29.2,Wheat,30.0,172.11,3565.7,40.26,1480.3,63.8,107.4,52.9,26.8
Sikkim - North District 1100,12646,527.6,70.9,29.7,Rice,30.0,157.1,3824.2,53.24,1247.6,97.0,116.4,56.4,35.5
Tripura - Plateau District 1101,19081,932.8,54.4,27.4,Rice,30.0,165.21,3841.2,73.75,1299.2,66.3,111.2,45.7,46.8
Punjab - Plateau District 1102,23329,828.7,57.1,30.5,Maize,53.2,198.22,6748.9,114.56,953.0,75.4,109.9,47.6,30.8
Maharashtra - West District 1103,37812,1235.6,35.2,27.4,Wheat,49.9,217.66,5811.9,90.55,2344.2,69.9,110.9,51.1,0.0
Chhattisgarh - Hills District 1104,39506,1286.9,53.5,31.7,Rice,65.4,324.23,8401.2,122.14,2515.9,43.9,118.6,31.5,33.5
Arunachal Pradesh - South District 1105,21806,1617.0,55.5,22.6,Wheat,34.2,233.39,3931.1,57.3,1778.1,49.8,111.8,48.0,30.0
Karnataka - Central District 1106,24661,1119.0,52.7,21.1,Rice,34.8,198.96,4566.7,75.95,1273.3,59.0,120.0,53.5,44.1
Uttarakhand - South District 1107,52315,1440.9,61.8,27.3,Wheat,30.4,153.54,2997.7,55.07,1508.3,41.2,105.4,51.3,14.6
Delhi - Rural District 1108,7082,1002.0,47.3,26.0,Rice,30.0,120.13,3678.1,62.13,1139.6,62.8,102.9,5.0,57.9
Telangana - West District 1109,48621,1121.8,49.4,22.7,Wheat,87.6,382.67,9438.7,140.98,4272.5,62.5,100.3,68.0,0.0
Manipur - West District 1110,17439,1251.6,50.0,31.0,Wheat,34.0,207.32,3376.4,51.25,1639.1,50.4,103.3,52.2,7.5
Himachal Pradesh - Valley District 1111,13792,1181.1,58.3,20.9,Wheat,30.0,168.07,3312.9,46.14,1524.2,61.8,89.4,56.6,36.9
Haryana - Plains District 1112,4510,1440.6,78.6,23.2,Wheat,30.0,151.27,2482.6,54.41,1562.9,50.1,99.9,38.9,54.8
Rajasthan - Plateau District 1113,35481,1173.0,89.1,26.9,Rice,33.4,277.74,3003.0,78.84,1374.6,71.0,111.1,44.5,17.3
Sikkim - Coastal District 1114,28841,922.5,42.2,31.2,Pulses,41.2,27.28,2016.2,28.17,1234.2,64.4,103.1,40.4,2.7
Uttarakhand - South District 1115,17053,1304.6,53.4,22.4,Wheat,30.0,150.6,3226.5,48.96,1474.9,57.5,99.9,65.8,30.4
Uttarakhand - Central District 1116,38957,1524.8,46.1,24.9,Rice,44.4,345.0,7671.0,114.98,1634.7,48.5,108.6,53.0,34.2
Andhra Pradesh - Urban District 1117,11326,906.8,49.4,22.0,Wheat,30.0,144.02,3352.5,31.64,1659.9,49.1,89.5,61.6,50.7
Goa - Plains District 1118,4654,1153.6,30.9,23.6,Rice,30.0,203.42,4642.9,77.78,1258.5,60.9,96.8,65.4,42.8
Delhi - Coastal District 1119,27565,742.3,71.9,31.5,Rice,39.5,173.07,4618.7,90.12,1560.7,73.8,96.0,72.6,25.6
Haryana - Central District 1120,29747,1189.0,62.8,24.0,Rice,65.6,370.12,8756.7,151.57,2940.1,59.8,88.1,65.5,35.5
Delhi - Rural District 1121,9136,589.5,42.4,24.4,Wheat,30.0,89.38,3088.7,42.34,1372.3,93.5,93.5,44.3,36.6
Uttarakhand - North District 1122,63618,702.7,40.3,21.1,Rice,88.6,200.65,13226.6,135.36,3794.3,82.2,104.1,50.4,0.0
Punjab - Urban District 1123,33728,1366.8,45.2,29.6,Wheat,30.0,81.58,2942.6,36.48,1372.4,51.0,107.7,53.0,23.8
Karnataka - West District 1124,6924,1116.5,29.9,20.9,Pulses,30.0,24.63,1527.4,18.86,993.2,72.9,109.6,70.4,55.9
Maharashtra - Rural District 1125,102129,724.8,64.7,30.2,Pulses,90.8,140.06,4184.4,61.88,2484.2,69.0,106.8,61.0,0.0
Manipur - Urban District 1126,58030,706.0,34.1,30.0,Maize,98.7,305.68,13288.8,226.22,2018.8,92.1,107.1,63.4,0.0
Uttar Pradesh - Coastal District 1127,49087,911.8,30.3,25.2,Rice,86.4,324.84,10261.6,154.79,3821.1,87.5,89.4,49.3,5.5
West Bengal - South District 1128,49614,783.7,83.3,30.0,Rice,107.7,544.0,12685.1,270.09,4316.4,75.1,123.0,57.8,0.0
Uttarakhand - Rural District 1129,16658,1540.4,85.2,23.8,Wheat,30.0,191.49,1998.1,46.83,1504.7,53.3,117.5,25.0,45.2
Kerala - North District 1130,11145,723.3,60.4,23.7,Wheat,30.0,89.52,2750.8,37.38,1505.5,90.1,111.4,53.2,25.5
Jammu & Kashmir - Urban District 1131,13675,1076.2,58.0,16.4,Rice,35.7,181.02,4661.8,84.64,1450.4,62.8,84.9,55.9,51.5
Nagaland - Hills District 1132,188656,1229.8,73.7,29.7,Wheat,238.5,975.29,20028.2,348.94,12642.6,57.7,103.1,95.4,0.0
Assam - Delta District 1133,27623,1226.1,76.3,24.8,Rice,49.0,352.7,5850.8,106.5,2132.4,52.4,102.4,43.2,33.1
Assam - Valley District 1134,14281,1321.9,62.3,28.1,Rice,30.0,167.3,4284.2,68.0,1357.4,59.7,108.9,76.0,29.0
Delhi - Coastal District 1135,48092,668.3,67.9,21.4,Pulses,94.6,77.6,3473.1,63.5,3041.9,72.0,101.0,32.3,10.0
Nagaland - Hills District 1136,27052,852.0,51.2,32.4,Wheat,42.4,156.74,4661.5,44.6,2137.5,60.8,110.7,45.6,23.5
Jharkhand - Plateau District 1137,58513,837.6,57.9,25.5,Maize,82.9,338.34,9951.2,259.43,1672.7,78.6,116.5,54.3,0.0
Puducherry - Urban District 1138,108420,1032.0,24.5,21.8,Wheat,196.8,716.84,28271.7,316.91,9494.9,63.1,102.0,85.3,0.0
Himachal Pradesh - Plateau District 1139,26695,1495.6,56.6,29.5,Maize,54.1,451.04,5738.9,177.46,1108.3,35.6,112.7,40.6,14.9
Jammu & Kashmir - West District 1140,40127,1120.6,55.6,16.6,Wheat,37.6,149.0,3531.9,48.3,1854.9,67.0,114.8,36.8,34.1
Himachal Pradesh - Urban District 1141,38544,862.9,64.7,27.9,Wheat,82.0,426.23,7876.5,124.45,3993.3,58.2,104.8,50.4,7.6
Andhra Pradesh - Hills District 1142,31536,1355.0,71.1,26.1,Wheat,30.0,183.18,2757.2,38.47,1503.5,55.1,109.9,38.6,51.6
Uttarakhand - Rural District 1143,25501,1331.3,46.2,27.9,Wheat,49.6,290.36,5927.5,74.07,2239.2,63.8,110.0,48.7,33.5
Sikkim - Plateau District 1144,14391,514.3,79.1,22.7,Wheat,30.0,112.57,2573.5,36.13,1490.4,76.4,95.9,29.9,36.4
Arunachal Pradesh - West District 1145,35175,1348.9,91.5,27.5,Maize,49.3,375.49,4574.5,125.28,898.5,52.3,111.7,55.8,31.7
Jammu & Kashmir - Urban District 1146,28693,487.2,78.0,29.0,Maize,39.2,102.89,3875.8,81.08,818.7,89.4,128.5,42.5,8.2
Jammu & Kashmir - Rural District 1147,17427,1035.8,27.8,18.8,Pulses,30.0,162.75,1473.5,23.62,947.2,54.0,97.6,53.5,19.9
Rajasthan - Plains District 1148,86676,976.6,50.5,29.6,Maize,78.5,447.74,10451.9,197.48,1683.5,54.2,113.4,35.9,0.0
Goa - Coastal District 1149,33429,547.4,44.9,22.2,Maize,30.0,161.78,4100.8,68.24,615.0,71.4,97.9,54.9,0.0
Karnataka - Rural District 1150,45132,1356.0,68.2,25.5,Wheat,45.6,210.33,4414.1,69.78,2354.6,45.6,118.1,47.5,7.9
Jharkhand - Urban District 1151,20906,1273.2,54.3,28.5,Wheat,33.6,158.32,3166.4,48.12,1623.4,49.0,95.5,72.2,35.6
Delhi - Plateau District 1152,32433,520.6,60.2,30.9,Wheat,47.5,106.09,4471.4,48.12,2155.8,80.3,102.8,33.0,19.5
Nagaland - Rural District 1153,21051,588.5,41.8,22.7,Maize,34.0,183.19,4186.0,87.79,675.7,78.3,101.0,54.6,25.4
Himachal Pradesh - North District 1154,23233,665.1,33.0,28.5,Maize,31.0,99.3,4499.5,77.79,690.4,75.6,108.3,70.9,47.9
Kerala - Plateau District 1155,24388,1856.9,53.9,30.2,Rice,52.1,476.07,6510.4,114.93,2047.3,48.4,106.8,49.5,26.3
Puducherry - South District 1156,28700,813.6,76.2,23.5,Wheat,56.2,366.97,5419.6,113.9,2560.9,75.4,98.2,31.0,17.0
Punjab - Coastal District 1157,48385,1224.6,46.2,29.9,Rice,71.0,380.89,8916.6,154.71,2720.3,54.8,91.8,71.1,27.8
Maharashtra - Coastal District 1158,54321,1251.4,51.1,31.6,Wheat,97.3,643.9,9600.9,204.04,5052.6,64.4,104.5,43.8,9.9
Manipur - Urban District 1159,31072,1147.3,39.0,29.0,Rice,30.0,206.01,4224.0,83.81,1222.6,54.0,110.4,30.3,3.0
Maharashtra - South District 1160,112692,1557.9,55.3,33.4,Wheat,136.4,758.09,18151.1,259.12,7386.8,45.5,104.7,70.2,0.0
Goa - Rural District 1161,35937,1564.4,61.7,31.5,Wheat,50.1,369.03,4949.3,95.91,2227.3,47.7,126.0,43.2,26.0
Jharkhand - Rural District 1162,9299,1304.8,86.6,28.5,Rice,30.0,201.31,3513.4,80.14,1266.0,49.2,102.0,38.9,34.5
Sikkim - Central District 1163,14531,1686.0,70.6,23.5,Rice,30.0,273.88,3550.0,80.84,1148.2,43.3,96.6,44.7,34.2
Nagaland - West District 1164,19026,1891.7,34.4,20.9,Wheat,30.0,211.64,3495.0,52.34,1420.4,38.8,102.1,33.8,43.9
Delhi - Hills District 1165,15674,1350.5,77.0,27.5,Rice,30.0,245.29,4030.0,72.19,1064.7,25.9,102.1,19.3,44.6
Chhattisgarh - North District 1166,13776,1121.6,49.1,22.0,Rice,30.0,141.57,4069.2,54.97,1269.7,62.3,110.8,35.5,23.5
Manipur - Rural District 1167,21586,1108.9,69.8,20.0,Rice,30.0,209.55,4016.5,72.58,1162.9,54.6,93.5,39.8,53.6
Himachal Pradesh - Delta District 1168,33076,1422.5,71.2,33.2,Rice,48.1,352.93,5952.0,108.18,2128.7,51.6,106.4,79.1,24.8
Tamil Nadu - Urban District 1169,8308,698.4,41.8,34.8,Maize,30.0,87.97,3977.3,53.06,621.9,79.8,99.7,49.8,68.3
Jammu & Kashmir - Plateau District 1170,38485,1598.7,68.9,24.4,Rice,72.4,504.75,8129.3,169.3,2718.7,45.4,112.2,60.4,18.5
Puducherry - Urban District 1171,13596,1021.6,40.6,22.2,Wheat,30.0,138.14,3574.1,43.1,1464.4,71.8,120.1,72.1,54.7
Gujarat - Plateau District 1172,10634,1222.6,28.0,32.2,Wheat,30.0,185.18,3515.0,45.4,1410.5,41.9,93.0,61.5,48.5
Haryana - Rural District 1173,33670,1652.1,64.2,24.2,Maize,75.4,554.73,9674.2,221.41,1624.1,58.6,83.0,47.4,25.1
Ladakh - Plateau District 1174,28695,1340.4,80.5,21.3,Wheat,38.4,238.58,3130.7,67.96,1732.2,43.3,99.1,54.1,21.5
Andhra Pradesh - West District 1175,13100,1352.6,79.4,26.7,Pulses,30.0,69.66,1100.8,24.48,992.4,60.0,106.8,49.8,14.8
Chhattisgarh - East District 1176,17556,1032.0,79.9,25.4,Maize,30.0,194.18,3294.4,75.68,617.2,58.0,105.3,40.6,39.6
Assam - East District 1177,38978,226.1,67.0,29.5,Rice,64.2,155.05,9143.6,111.01,2537.3,96.0,107.5,25.2,7.0
Kerala - Hills District 1178,10781,1464.8,60.9,21.9,Rice,30.0,193.77,3661.4,72.3,1224.2,33.7,115.7,34.5,67.6
Maharashtra - Urban District 1179,21047,802.1,73.3,33.9,Rice,40.7,221.8,5163.2,63.19,1643.5,83.6,105.6,54.9,48.5
Delhi - Coastal District 1180,75385,1444.9,39.0,22.9,Wheat,86.9,480.21,9943.0,127.72,4626.2,54.4,110.1,59.9,0.0
Andhra Pradesh - Coastal District 1181,33477,1788.3,60.3,25.1,Rice,42.2,306.43,5159.6,114.35,1628.3,24.4,114.8,52.4,40.0
Odisha - Central District 1182,1500,771.2,50.4,21.5,Wheat,30.0,89.04,3230.0,42.8,1488.0,73.7,98.5,34.1,45.8
Telangana - Delta District 1183,42613,1145.3,69.6,17.8,Maize,76.9,586.8,8331.8,279.02,1412.7,45.9,109.3,63.7,14.6
Ladakh - East District 1184,17672,659.8,68.4,21.6,Pulses,30.0,22.67,1286.6,16.64,853.8,73.5,102.2,59.1,28.2
Puducherry - Hills District 1185,5588,1228.8,49.6,22.7,Maize,30.0,199.03,3464.8,89.48,679.7,62.7,114.9,72.8,39.9
Tamil Nadu - Valley District 1186,9356,400.2,54.1,28.4,Wheat,30.0,80.62,3320.2,40.05,1474.9,80.4,103.7,58.4,54.1
Ladakh - Delta District 1187,29881,995.5,51.6,26.9,Maize,49.9,342.64,5958.2,147.1,915.3,52.2,110.5,39.5,0.0
Uttarakhand - Valley District 1188,12965,1920.3,71.3,29.1,Rice,30.0,286.54,3518.0,72.68,1240.1,40.1,121.4,48.4,28.9
Himachal Pradesh - South District 1189,15360,1655.8,26.5,24.8,Rice,30.0,206.47,4795.4,73.43,1115.7,37.9,93.4,58.9,50.6
Punjab - West District 1190,15007,700.5,20.7,24.6,Wheat,30.0,90.9,3901.1,37.32,1498.7,78.2,95.8,37.0,24.7
Jammu & Kashmir - West District 1191,103532,1425.5,76.1,28.0,Pulses,193.2,574.66,7148.1,131.94,6094.6,52.0,97.8,70.1,0.0
Telangana - Central District 1192,153465,1252.3,68.2,25.9,Pulses,139.5,353.01,6006.3,67.33,4513.9,57.6,90.8,75.7,0.0
Uttar Pradesh - Urban District 1193,15335,421.3,60.4,29.1,Wheat,30.0,111.55,3121.0,39.02,1469.0,68.0,99.1,68.1,28.4
Manipur - Urban District 1194,50168,437.8,40.7,20.3,Maize,92.5,326.99,12022.6,224.65,1796.4,75.1,119.9,46.2,1.1
Meghalaya - Coastal District 1195,33998,999.9,60.0,24.1,Wheat,38.9,153.05,3483.6,50.37,1941.8,51.3,99.9,60.4,3.1
Rajasthan - Rural District 1196,16216,1348.4,86.3,28.6,Maize,30.0,242.88,3430.6,109.37,610.6,53.1,104.7,27.6,41.6
Manipur - Plains District 1197,73870,1077.9,42.6,27.0,Wheat,113.0,468.51,14298.2,172.15,5844.1,61.8,107.9,58.5,0.0
Karnataka - Valley District 1198,24222,943.7,53.2,19.2,Rice,38.8,248.99,5622.4,67.66,1472.3,68.6,106.3,64.4,34.7
Tamil Nadu - Urban District 1199,25853,1147.2,71.1,26.4,Rice,30.0,165.58,3465.5,65.58,1159.5,52.3,99.3,22.6,20.8
Jharkhand - Coastal District 1200,84759,928.8,83.8,25.1,Rice,136.0,722.75,16547.7,222.85,4814.8,64.5,106.1,55.4,0.0
Karnataka - West District 1201,43474,837.6,64.2,28.5,Maize,69.5,383.95,8862.3,213.83,1363.2,72.4,105.7,80.1,10.5
Odisha - East District 1202,51720,981.3,84.5,25.0,Rice,63.3,398.62,6916.0,135.54,2383.1,66.1,113.9,56.8,5.8
Ladakh - Delta District 1203,9315,1499.2,78.6,25.0,Wheat,30.0,237.72,2494.7,59.97,1402.6,47.5,104.8,19.5,49.0
Telangana - Rural District 1204,7441,1050.1,61.9,22.9,Rice,30.0,170.9,3721.5,65.11,1304.0,56.2,106.5,28.1,44.4
Telangana - Rural District 1205,5365,726.4,55.2,31.5,Maize,30.0,126.21,3673.4,64.26,567.0,90.3,100.3,46.2,51.8
Assam - Coastal District 1206,44056,841.8,53.8,27.6,Pulses,72.4,151.16,3493.6,39.28,2090.0,81.6,114.5,57.0,21.1
Madhya Pradesh - Plains District 1207,86247,498.7,57.0,30.6,Rice,160.2,581.09,21724.9,270.0,6687.5,76.1,103.7,58.8,0.0
Jharkhand - North District 1208,25774,1044.3,54.9,27.4,Pulses,36.0,21.29,1584.3,20.4,1086.7,72.6,93.4,44.5,8.2
Manipur - Delta District 1209,42751,1012.1,84.4,25.9,Maize,65.3,420.48,6891.3,172.48,1368.1,59.6,96.8,38.9,2.8
Puducherry - West District 1210,44370,1301.5,34.5,28.2,Rice,96.1,593.45,13715.6,186.98,3667.5,56.1,119.2,60.5,14.1
Himachal Pradesh - Valley District 1211,87788,693.8,77.4,27.4,Wheat,147.5,793.76,11595.0,226.34,8148.8,77.4,109.0,71.5,0.0
Uttar Pradesh - East District 1212,122649,1344.5,77.7,30.9,Pulses,189.7,654.19,7680.8,144.37,5911.4,45.6,96.6,45.2,0.0
Ladakh - Plains District 1213,19769,1143.8,85.8,32.8,Maize,37.2,274.0,4222.2,129.01,713.6,63.4,97.7,49.2,25.4
Punjab - Urban District 1214,27369,1405.1,78.9,25.9,Pulses,37.0,70.09,1318.0,23.6,1065.0,48.4,97.5,46.9,24.1
Ladakh - Plains District 1215,56671,799.4,48.1,25.0,Wheat,90.6,316.6,10073.5,118.41,4574.8,74.4,117.4,57.2,0.0
Karnataka - Coastal District 1216,37464,600.4,49.3,28.0,Wheat,46.5,129.43,5539.6,60.3,2742.6,82.9,97.5,27.8,25.2
Tamil Nadu - Coastal District 1217,40939,1015.5,44.6,29.2,Rice,65.6,374.62,8913.3,116.28,2483.7,61.8,100.4,56.6,0.0
Kerala - Rural District 1218,21286,1005.9,58.9,28.3,Maize,30.0,182.83,3208.4,83.48,652.0,77.1,112.3,57.3,21.1
Telangana - Valley District 1219,6697,599.2,39.9,24.3,Rice,30.0,134.2,3800.8,51.18,1078.7,69.3,100.2,12.5,56.8
Chhattisgarh - Valley District 1220,33134,1204.9,77.0,32.1,Wheat,45.9,200.76,4368.9,82.6,2439.1,45.3,104.7,52.2,19.1
West Bengal - Plains District 1221,62761,666.1,52.5,21.0,Wheat,153.9,445.08,17381.3,196.04,8006.9,90.8,103.5,47.9,0.0
West Bengal - Rural District 1222,14392,583.3,69.7,24.6,Maize,30.0,135.31,4085.1,72.07,571.6,79.1,81.7,30.4,38.8
Assam - Plains District 1223,20017,572.0,55.1,31.4,Wheat,40.3,111.73,4602.1,62.62,1975.4,68.6,108.0,64.0,34.5
Chhattisgarh - North District 1224,14192,1605.9,44.6,24.3,Pulses,30.0,70.57,1463.8,23.62,907.8,44.5,98.5,38.6,41.6
Bihar - South District 1225,19732,964.7,61.7,23.6,Maize,30.0,198.43,4093.3,89.38,617.4,62.1,120.5,66.6,37.8
Meghalaya - Delta District 1226,8340,1044.5,68.1,17.8,Wheat,30.0,177.1,2596.5,59.78,1430.6,55.0,105.6,68.8,42.9
Arunachal Pradesh - Valley District 1227,24877,949.4,42.6,31.0,Wheat,30.0,91.13,3033.5,46.19,1651.1,75.9,110.5,22.7,12.9
Karnataka - West District 1228,22908,1270.5,100.0,28.0,Maize,37.4,305.09,3579.9,133.07,702.3,64.0,100.2,38.7,36.4
Kerala - South District 1229,58067,1299.6,67.7,22.4,Wheat,75.6,405.16,7965.1,109.67,3923.0,51.1,120.4,47.7,0.0
Gujarat - North District 1230,11348,636.1,63.5,28.3,Wheat,30.0,56.93,2957.6,43.42,1399.5,80.5,104.2,54.5,32.9
Gujarat - Valley District 1231,87921,968.2,69.1,24.0,Rice,116.0,544.24,11448.6,241.05,5081.8,57.1,110.4,58.6,0.0
Himachal Pradesh - North District 1232,16586,1186.9,63.3,25.9,Maize,30.0,237.52,3504.8,80.13,563.9,55.1,109.8,31.5,36.7
Sikkim - Central District 1233,106459,839.4,47.9,32.0,Rice,100.3,415.97,14244.1,190.68,3833.3,48.3,103.8,55.3,0.0
Sikkim - North District 1234,61820,1165.1,63.6,27.6,Rice,75.1,474.71,10034.4,192.42,3297.3,58.6,115.7,52.7,0.0
Rajasthan - Central District 1235,27435,989.3,22.0,29.5,Wheat,42.1,121.75,5346.5,60.84,2108.3,55.1,96.2,18.1,20.4
Rajasthan - Hills District 1236,25248,919.4,57.2,38.5,Rice,30.0,196.78,3614.6,62.46,1232.2,65.3,116.5,51.9,12.6
Uttarakhand - Rural District 1237,26081,1242.2,74.2,30.1,Maize,44.0,361.74,4470.4,119.44,912.3,55.5,96.3,53.9,43.4
Karnataka - Plateau District 1238,24303,1188.0,49.7,26.5,Wheat,34.7,121.25,3199.9,42.46,1575.3,66.7,120.1,78.1,32.7
Jharkhand - Rural District 1239,27289,1722.1,58.9,22.0,Wheat,55.2,377.09,6162.1,118.55,2867.5,44.9,117.8,57.9,13.8
Chhattisgarh - North District 1240,46957,569.3,61.4,21.8,Rice,64.2,120.04,8253.7,107.1,2771.4,77.9,108.9,38.9,0.0
Goa - Plateau District 1241,36520,1894.0,59.6,29.0,Maize,45.5,413.7,5521.6,175.62,958.9,49.8,107.3,26.2,10.6
Chhattisgarh - Delta District 1242,48644,1184.5,64.7,29.4,Maize,84.8,667.13,10619.1,255.65,1791.8,59.7,87.7,42.9,19.5
Ladakh - Central District 1243,81315,971.1,75.8,30.8,Rice,130.8,554.77,17514.6,290.68,4913.3,72.3,96.9,55.2,0.0
Nagaland - North District 1244,86882,799.9,56.6,20.4,Pulses,135.8,338.47,7257.0,103.29,4278.5,62.8,95.5,43.8,0.0
Andhra Pradesh - Valley District 1245,7783,693.8,54.3,27.6,Rice,30.0,117.46,3837.0,56.25,1162.3,78.5,107.8,78.3,52.4
Goa - Hills District 1246,11647,1106.3,44.2,22.4,Wheat,30.0,103.52,3888.7,41.53,1528.4,60.0,96.2,62.5,32.2
Tripura - Valley District 1247,39906,426.3,88.1,27.9,Rice,79.8,266.91,8652.4,145.37,3210.2,71.5,99.3,48.2,0.0
Rajasthan - North District 1248,32605,778.1,65.1,28.3,Rice,68.2,277.42,8448.6,160.94,3039.3,78.3,106.3,64.8,19.9
Jammu & Kashmir - Central District 1249,49007,1173.3,48.0,20.0,Wheat,80.8,342.6,9448.3,110.92,4163.4,65.3,104.9,36.9,20.4
Odisha - Coastal District 1250,98533,623.4,35.6,24.4,Rice,55.6,89.07,9081.4,83.7,2119.9,76.3,118.3,58.9,0.0
Delhi - Urban District 1251,68829,1074.7,61.9,27.4,Wheat,140.2,596.26,12734.1,242.01,6346.6,62.0,117.4,73.3,0.0
Arunachal Pradesh - Valley District 1252,41677,1172.8,63.1,26.3,Maize,72.6,516.25,7781.1,224.15,1295.2,47.0,126.6,45.7,22.7
Jharkhand - Central District 1253,18905,982.8,89.8,24.4,Wheat,30.0,176.45,2701.1,53.86,1585.4,55.2,99.0,48.7,17.6
Assam - Rural District 1254,30260,1481.6,84.6,28.6,Rice,45.5,334.22,5541.3,89.75,1814.3,44.7,88.5,48.0,8.3
Bihar - Coastal District 1255,92252,691.3,74.1,30.1,Rice,83.9,489.92,8992.5,202.06,3393.2,63.8,104.0,67.5,0.0
Meghalaya - Plateau District 1256,12879,1293.6,53.4,24.4,Wheat,30.0,159.79,2785.4,53.5,1285.6,46.8,111.9,73.5,42.6
Rajasthan - South District 1257,21204,1043.1,54.2,30.3,Maize,30.0,169.86,3572.7,85.88,588.1,65.7,105.4,48.3,36.2
Arunachal Pradesh - Central District 1258,7573,1188.6,92.7,26.1,Pulses,30.0,122.37,968.3,22.01,943.7,64.1,89.3,43.2,36.5
Himachal Pradesh - Plateau District 1259,47498,1883.8,59.5,20.6,Maize,65.2,666.07,6603.6,221.7,1337.2,22.8,102.0,43.7,9.8
Rajasthan - Delta District 1260,27283,1401.3,72.9,26.6,Rice,30.0,233.33,4093.5,75.66,1166.1,55.1,106.2,57.4,31.3
Delhi - North District 1261,15535,1338.9,77.3,25.4,Rice,30.0,207.97,3866.6,63.91,1144.6,49.3,105.8,45.5,32.9
Madhya Pradesh - South District 1262,11581,841.5,58.8,29.5,Maize,32.0,189.74,3467.0,89.22,637.4,72.7,98.1,54.1,54.6
Sikkim - Plains District 1263,40213,611.1,55.3,30.2,Pulses,61.3,38.38,2766.1,34.82,1627.5,73.4,116.9,50.4,42.1
Himachal Pradesh - Plateau District 1264,16984,650.4,33.0,14.5,Pulses,30.0,28.74,1378.6,20.36,896.7,71.0,107.2,40.4,17.2
Tripura - Hills District 1265,86055,990.6,64.8,26.4,Wheat,186.6,942.04,19234.5,294.12,9797.0,65.2,95.2,77.9,0.0
Nagaland - Central District 1266,88650,1447.2,82.2,32.8,Rice,242.5,1858.53,22630.9,544.09,10259.8,54.1,100.0,76.7,0.0
Maharashtra - Plateau District 1267,38361,1436.0,40.8,28.3,Maize,68.1,488.89,9326.7,199.19,1384.9,51.5,101.5,54.3,5.5
Sikkim - Valley District 1268,14505,645.9,72.1,32.9,Rice,30.0,127.71,3735.5,56.87,1284.1,60.5,120.3,65.2,36.1
Arunachal Pradesh - Rural District 1269,24053,764.5,25.9,31.2,Maize,31.3,138.81,4090.8,67.86,651.6,81.9,93.7,59.0,30.5
Goa - Plains District 1270,49234,826.0,56.1,25.8,Rice,107.1,411.62,13603.6,226.41,4576.9,79.6,102.5,41.3,8.2
Goa - Rural District 1271,97679,738.1,55.9,28.3,Rice,177.7,491.04,21985.5,310.57,7371.7,73.0,108.5,48.5,0.0
Goa - Delta District 1272,14607,1646.6,29.2,24.2,Maize,30.0,265.47,4321.3,107.45,619.3,35.4,102.2,52.4,20.3
Madhya Pradesh - Plains District 1273,12936,570.9,57.2,27.3,Maize,30.0,134.84,3877.9,69.78,618.2,92.4,118.3,53.5,6.6
Tamil Nadu - Valley District 1274,11593,737.7,71.5,24.9,Pulses,30.0,35.1,1127.9,16.81,923.9,82.8,101.6,60.9,38.1
Karnataka - North District 1275,74291,1099.9,41.9,29.4,Rice,60.0,344.97,7430.6,132.85,2480.7,65.7,107.1,78.2,0.0
Manipur - Urban District 1276,11439,710.2,44.4,33.8,Rice,30.0,119.17,4884.8,46.13,1193.9,77.9,99.2,44.4,45.3
Kerala - Plains District 1277,12826,1139.7,71.5,24.1,Maize,30.0,253.04,3470.7,91.89,629.8,51.2,99.0,66.8,19.9
Karnataka - Hills District 1278,31960,914.1,64.2,26.2,Wheat,63.4,210.9,6363.8,96.02,3385.7,63.6,101.6,43.2,33.1
Tamil Nadu - West District 1279,55040,1244.4,57.2,27.2,Rice,118.6,724.6,14596.8,302.5,5021.0,62.8,105.1,60.2,0.0
Bihar - East District 1280,11720,1103.4,85.1,26.8,Wheat,30.0,147.36,2189.3,47.5,1475.7,63.3,131.0,21.5,28.7
Gujarat - Plateau District 1281,86849,1186.5,91.0,17.8,Rice,174.5,1487.54,17039.1,398.25,6566.2,51.7,106.5,46.8,0.0
Sikkim - North District 1282,86441,869.1,64.5,30.9,Maize,45.2,246.44,5729.6,97.2,929.5,66.7,108.1,70.2,0.0
Karnataka - South District 1283,21789,1193.9,41.9,21.2,Maize,38.9,242.43,4668.6,130.66,692.8,64.9,110.7,68.2,41.0
Andhra Pradesh - Hills District 1284,73113,713.8,88.6,20.6,Pulses,118.3,366.42,3641.2,94.38,3673.4,73.7,112.2,69.2,0.0
Punjab - Central District 1285,77215,1704.9,22.2,27.1,Wheat,110.7,602.97,14734.1,169.45,5632.7,35.7,113.2,68.4,0.0
Sikkim - Plateau District 1286,34656,1091.4,53.6,18.4,Rice,54.3,359.41,6997.0,132.57,2019.9,55.9,102.7,63.6,28.5
Punjab - West District 1287,21796,868.0,8.0,19.4,Rice,30.0,108.67,5094.2,47.91,1282.9,71.7,107.6,71.1,0.1
Jammu & Kashmir - Plateau District 1288,17148,1364.1,59.8,21.3,Wheat,33.2,145.98,3670.8,54.88,1662.8,56.7,117.3,68.7,28.6
Arunachal Pradesh - East District 1289,11050,774.8,64.8,26.0,Wheat,30.0,85.86,2834.0,33.75,1600.9,71.4,91.3,55.8,62.5
Punjab - Delta District 1290,21766,1216.5,49.6,23.8,Wheat,30.0,140.67,3616.4,42.77,1463.7,60.8,96.7,33.5,14.3
Jharkhand - Central District 1291,37293,1222.4,56.1,29.4,Wheat,56.7,330.17,5454.6,94.99,2838.4,55.2,120.9,53.0,11.9
Chhattisgarh - Plains District 1292,65961,1168.5,80.4,25.8,Rice,178.6,893.5,23204.2,305.94,7948.2,53.8,117.3,63.9,0.0
Gujarat - Coastal District 1293,17207,1413.2,90.8,27.6,Wheat,30.0,204.98,2773.9,56.39,1423.1,65.7,96.7,43.0,49.3
Meghalaya - North District 1294,51490,815.9,71.5,27.3,Wheat,75.4,332.69,7024.8,113.24,3717.9,80.5,94.0,47.8,0.0
Andhra Pradesh - Urban District 1295,25577,1660.8,55.1,29.5,Pulses,52.2,129.43,2196.5,28.91,1609.1,30.1,113.1,71.9,10.4
Telangana - North District 1296,14440,1095.9,73.1,30.9,Rice,30.0,165.02,3509.5,63.61,1164.7,49.1,102.1,39.4,41.2
Nagaland - Valley District 1297,87907,479.3,32.0,25.5,Maize,147.6,466.44,20470.8,287.25,2750.8,97.4,101.4,56.4,0.0
Nagaland - Coastal District 1298,20878,1195.6,61.5,23.5,Pulses,40.0,8.0,1837.6,25.78,1244.9,58.2,99.9,48.7,24.3
Manipur - South District 1299,26176,813.4,58.7,28.2,Rice,33.0,136.97,4039.8,75.09,1264.5,71.5,102.8,33.8,26.0
Punjab - Valley District 1300,8902,673.9,65.4,24.9,Rice,30.0,102.51,3480.2,57.09,1187.4,75.5,95.1,38.4,23.9
Kerala - Central District 1301,21081,1276.1,56.5,24.7,Maize,40.9,322.04,4937.9,121.39,778.7,60.1,105.2,53.8,35.0
Telangana - Valley District 1302,25890,1726.8,46.6,36.0,Rice,48.8,365.16,7650.2,101.25,1958.2,42.6,106.8,49.9,62.7
Maharashtra - Urban District 1303,13075,784.4,53.4,23.7,Rice,30.0,143.24,3767.8,68.67,1038.0,68.4,113.6,31.9,46.1
Maharashtra - Central District 1304,51497,505.1,66.1,21.2,Pulses,62.3,97.66,2274.6,49.31,1941.4,75.0,101.2,71.6,29.2
Telangana - East District 1305,29642,939.9,49.6,16.1,Rice,41.0,169.4,6376.3,71.28,1609.8,52.7,105.3,63.5,8.0
Jammu & Kashmir - Plateau District 1306,11379,1012.7,50.8,33.5,Wheat,30.0,129.13,3252.3,49.89,1661.8,68.1,92.1,53.9,27.4
Sikkim - Plains District 1307,10501,788.9,49.3,26.9,Rice,30.0,128.33,4214.3,73.64,1114.2,63.5,97.8,38.8,46.9
Tripura - Central District 1308,66908,891.9,57.5,18.9,Rice,83.5,404.16,11790.7,148.61,3558.8,88.8,105.2,34.3,0.0
Arunachal Pradesh - Rural District 1309,7480,1039.4,49.0,25.0,Maize,30.0,184.41,3376.8,74.71,592.0,66.9,95.8,30.6,55.8
Manipur - Coastal District 1310,49758,395.5,40.1,19.8,Rice,78.6,226.24,10734.6,132.46,2991.3,83.0,117.2,62.1,8.1
Karnataka - North District 1311,14228,1312.8,68.3,29.5,Wheat,30.0,155.74,2946.6,37.52,1483.2,53.7,107.2,41.4,31.3
Assam - Central District 1312,28965,1559.5,44.5,21.9,Rice,44.2,238.16,6880.8,97.09,1668.5,58.2,96.3,34.9,32.9
Haryana - Coastal District 1313,16317,701.8,45.3,30.0,Wheat,30.0,68.61,2966.8,46.94,1477.5,72.0,109.6,60.9,80.2
Tripura - Delta District 1314,55364,1377.9,68.1,26.8,Maize,46.5,356.75,5043.9,159.97,903.6,42.9,107.8,56.5,4.3
Rajasthan - Rural District 1315,14980,1234.4,29.7,28.3,Wheat,30.0,143.68,3610.3,42.26,1446.8,51.7,106.7,60.6,20.8
Rajasthan - South District 1316,39701,997.2,68.3,22.0,Maize,57.8,263.54,6651.1,147.28,1221.5,61.7,105.9,53.2,24.1
Bihar - East District 1317,13951,1536.3,68.7,29.3,Rice,33.5,265.88,4079.3,88.05,1511.2,29.1,87.2,39.5,43.2
Jammu & Kashmir - Rural District 1318,27890,1170.3,65.4,26.2,Rice,55.6,363.12,6578.0,114.81,2287.8,49.9,96.6,41.9,51.9
Chhattisgarh - Central District 1319,24506,1239.9,51.9,23.4,Pulses,44.9,86.48,1989.4,24.93,1375.6,50.3,103.5,62.8,41.6
Uttarakhand - Plateau District 1320,122751,986.1,40.2,27.5,Maize,171.1,1247.41,24764.8,431.18,3544.8,69.0,114.2,63.1,0.0
Meghalaya - Delta District 1321,26563,1136.7,94.9,24.4,Wheat,31.5,166.0,2238.8,50.12,1511.8,64.1,104.4,50.7,47.4
Uttar Pradesh - East District 1322,65855,399.8,59.5,22.0,Rice,75.6,264.82,10056.2,118.84,2773.2,74.2,107.9,65.8,0.0
Himachal Pradesh - Urban District 1323,13231,824.2,55.2,20.9,Maize,30.0,156.56,3773.0,83.79,616.7,72.2,124.3,86.4,24.2
Telangana - West District 1324,43848,1791.5,47.3,23.1,Maize,49.6,439.9,6548.5,156.97,1067.9,37.1,104.8,45.7,26.4
Telangana - Plateau District 1325,17154,1319.8,65.6,27.5,Maize,30.0,230.94,3460.0,65.13,612.9,53.3,121.6,50.5,16.5
Odisha - Coastal District 1326,46042,827.2,56.5,32.0,Rice,102.4,372.46,13547.2,199.68,3940.3,88.3,125.2,27.9,25.5
Uttarakhand - Plains District 1327,22672,1119.8,67.2,25.0,Wheat,34.8,190.36,3410.3,54.31,1696.3,50.3,111.5,65.5,18.1
Uttar Pradesh - Rural District 1328,15248,896.3,67.6,25.3,Rice,30.0,151.58,4075.2,54.5,1271.6,86.7,99.8,47.7,40.7
Odisha - Central District 1329,5561,1072.2,57.9,24.9,Maize,30.0,213.97,3581.4,88.01,615.1,49.0,106.1,55.9,30.8
Uttarakhand - Rural District 1330,74867,1241.9,66.9,25.0,Wheat,136.5,768.85,12832.3,230.1,7060.6,52.8,126.3,55.4,0.0
Maharashtra - Urban District 1331,104283,1708.1,49.7,25.1,Wheat,171.1,1100.2,17046.2,231.5,8832.4,51.9,101.8,66.0,0.0
Gujarat - Valley District 1332,32525,681.3,37.5,26.1,Wheat,38.8,91.65,4900.6,52.18,1912.8,84.1,103.4,52.3,17.8
Maharashtra - Urban District 1333,34648,736.9,57.3,27.3,Wheat,59.0,150.5,5306.3,80.49,3071.0,82.9,104.1,45.6,35.0
Andhra Pradesh - South District 1334,76283,975.7,28.3,28.6,Maize,82.5,300.32,11055.9,204.99,1673.4,82.6,107.2,58.5,19.7
Ladakh - East District 1335,12036,601.4,87.7,25.4,Wheat,30.0,112.84,2374.9,55.06,1444.7,85.0,97.6,56.8,36.1
Ladakh - North District 1336,25775,1193.0,59.7,22.2,Rice,44.3,269.06,6554.6,89.69,1714.2,40.9,106.2,39.2,28.3
Goa - Plains District 1337,24059,1249.4,29.1,24.4,Pulses,31.9,100.72,1556.7,20.39,988.4,52.4,109.3,31.2,33.0
Kerala - Coastal District 1338,40553,1507.1,51.3,33.2,Rice,47.3,362.41,6324.5,109.89,2118.0,42.1,104.3,72.3,29.1
Odisha - Central District 1339,36162,644.1,34.0,28.3,Wheat,52.8,95.48,6007.2,56.43,2727.2,85.0,99.5,67.3,11.5
West Bengal - Coastal District 1340,7097,1439.7,75.2,30.7,Maize,30.0,196.43,3815.3,85.78,537.9,33.2,105.2,17.5,46.3
Maharashtra - Plains District 1341,105237,1035.1,77.6,24.7,Rice,58.2,314.65,5405.3,99.08,2158.0,62.8,109.0,81.7,0.0
Madhya Pradesh - Plains District 1342,18064,1327.9,57.6,24.0,Wheat,35.1,141.42,4123.7,49.35,1709.6,68.3,106.6,59.8,27.2
Ladakh - South District 1343,55853,1434.6,67.6,25.8,Maize,104.0,834.18,9323.1,252.79,1924.1,54.0,107.7,50.0,19.0
Assam - East District 1344,9211,566.8,64.7,29.9,Maize,30.0,165.45,3030.3,73.72,608.6,74.4,84.2,39.8,35.6
Sikkim - Rural District 1345,55721,1173.7,72.0,18.0,Rice,61.2,321.86,7334.5,143.11,2364.9,57.6,93.2,43.8,0.0
Nagaland - Valley District 1346,9444,789.3,69.0,29.1,Wheat,30.0,73.76,2908.8,38.8,1543.2,45.2,94.0,45.3,34.4
Punjab - Rural District 1347,3285,852.5,52.3,35.3,Rice,30.0,125.19,4052.4,48.22,1288.7,60.6,120.6,30.3,64.1
Maharashtra - Hills District 1348,62522,1007.0,66.4,28.2,Maize,91.3,639.91,12718.4,314.72,1805.1,48.5,110.0,48.0,0.0
Jharkhand - Central District 1349,36040,888.7,68.9,32.4,Wheat,43.9,221.81,4397.0,80.92,2135.5,65.6,93.4,56.2,19.3
Haryana - Coastal District 1350,150942,924.1,72.0,21.2,Wheat,226.7,897.94,20864.7,285.45,11318.0,54.8,116.6,86.4,0.0
Telangana - Plateau District 1351,14071,1114.1,81.8,31.0,Pulses,30.0,70.24,1148.0,20.41,875.4,58.3,113.5,57.1,27.9
Madhya Pradesh - Plains District 1352,21540,1595.6,50.5,26.3,Wheat,31.4,196.56,2996.7,51.42,1469.5,45.8,123.7,64.0,8.2
Meghalaya - Delta District 1353,27108,1647.8,62.4,30.8,Rice,30.2,260.23,4097.7,90.5,1063.3,36.3,100.8,83.6,24.2
Odisha - Rural District 1354,138571,545.3,59.4,24.8,Pulses,197.6,59.86,8711.3,128.28,6559.4,78.8,113.0,74.3,0.0
Andhra Pradesh - Urban District 1355,20691,1295.6,77.7,21.2,Maize,37.1,309.37,3560.3,116.52,732.2,68.7,105.2,64.5,26.7
Ladakh - Plains District 1356,8788,1029.7,63.5,27.2,Rice,30.0,134.75,4220.7,66.31,1140.8,67.6,97.1,43.2,48.3
Jammu & Kashmir - Hills District 1357,34772,937.1,64.4,25.1,Pulses,57.8,48.84,2166.1,25.3,1769.4,71.9,95.9,54.1,14.0
Himachal Pradesh - Coastal District 1358,9666,1703.1,64.5,25.7,Wheat,30.0,161.84,2842.3,40.22,1548.3,44.9,102.7,29.5,46.4
Bihar - Plateau District 1359,17483,260.5,52.2,22.1,Maize,30.0,43.39,3736.0,65.64,585.2,93.4,123.4,35.3,48.2
Arunachal Pradesh - East District 1360,30167,1109.6,39.1,24.7,Rice,59.9,284.04,9088.3,129.52,2474.8,64.9,103.5,53.8,20.9
Gujarat - Valley District 1361,36081,999.8,68.1,30.1,Rice,38.1,251.82,5507.0,95.31,1385.3,70.6,96.9,47.2,14.1
Kerala - Hills District 1362,151104,1023.0,22.9,24.8,Wheat,163.5,700.11,24072.3,262.5,8787.6,74.1,98.7,89.8,0.0
Nagaland - Rural District 1363,47149,1123.7,69.7,29.3,Wheat,35.1,165.13,3398.8,58.16,1820.5,52.8,119.4,71.5,18.9
Assam - Coastal District 1364,88609,1575.8,78.4,31.2,Rice,149.5,1152.36,16855.9,381.4,6151.9,36.8,111.1,45.8,0.0
Gujarat - West District 1365,3840,1103.7,64.8,20.3,Wheat,30.0,148.59,2899.1,45.58,1572.8,64.0,89.0,24.8,56.1
Manipur - Plateau District 1366,55386,1369.8,89.3,24.9,Rice,67.6,522.13,6464.2,173.34,2834.6,48.9,109.8,53.9,5.3
Sikkim - Urban District 1367,19344,1279.5,66.3,25.3,Wheat,33.7,180.7,3284.6,59.81,1579.1,68.7,120.9,69.6,24.1
Himachal Pradesh - Delta District 1368,25188,1066.5,59.8,28.4,Wheat,34.5,190.16,4216.1,58.04,1750.9,64.6,102.2,34.3,13.1
Tripura - Plains District 1369,35197,200.0,55.4,29.5,Rice,38.4,43.96,5110.5,56.4,1558.2,87.1,115.6,27.7,20.6
Meghalaya - East District 1370,70836,888.4,78.5,27.5,Maize,97.2,431.29,9076.2,291.28,2012.6,66.1,114.6,62.9,0.0
Andhra Pradesh - Plateau District 1371,44584,1617.4,43.1,31.5,Wheat,41.9,252.73,4940.6,62.67,2184.7,33.3,130.5,42.9,8.8
Arunachal Pradesh - Hills District 1372,19928,1728.4,63.0,26.0,Maize,30.0,267.84,3064.1,108.37,623.7,35.6,83.7,54.5,18.9
Rajasthan - Valley District 1373,10252,1451.3,26.4,29.3,Wheat,30.0,150.14,3430.9,38.6,1324.5,58.5,101.3,15.1,5.3
Jharkhand - Central District 1374,57591,1256.6,68.6,22.0,Rice,57.6,420.34,6751.6,129.91,2479.1,46.7,111.5,52.6,0.0
Karnataka - Hills District 1375,31750,982.8,57.0,27.9,Maize,32.6,159.74,4261.9,98.06,651.2,69.6,99.4,56.2,1.8
Telangana - Central District 1376,12304,1732.5,58.7,28.7,Wheat,30.0,205.94,3062.1,58.42,1456.5,36.9,97.0,34.3,25.7
Andhra Pradesh - South District 1377,9461,1094.8,26.6,27.2,Rice,30.0,147.09,4663.5,77.39,1218.2,52.9,111.4,51.3,49.5
Madhya Pradesh - West District 1378,16586,1515.8,77.6,25.8,Wheat,37.9,248.51,3961.1,57.53,1722.0,54.1,102.5,31.9,36.9
Punjab - West District 1379,29699,643.9,33.2,25.5,Maize,53.4,193.82,7173.6,165.91,1025.3,70.9,113.8,50.4,28.4
Ladakh - Delta District 1380,34464,1672.6,64.2,25.4,Wheat,59.6,442.38,5431.4,115.4,3214.7,29.0,121.6,52.6,21.9
Telangana - Plains District 1381,182635,1022.2,48.1,25.8,Wheat,317.4,1328.87,42128.3,512.78,16878.0,64.9,120.0,71.7,0.0
Andhra Pradesh - South District 1382,101235,1137.1,31.8,27.6,Rice,168.3,1040.62,26509.0,276.3,7390.1,69.7,105.2,71.5,0.0
West Bengal - Hills District 1383,81432,1156.4,71.5,26.2,Maize,128.2,992.59,14618.7,408.15,2462.3,62.9,110.2,74.2,0.0
Nagaland - Central District 1384,4874,1262.5,77.5,28.9,Maize,30.0,223.66,3411.6,103.7,569.9,45.7,118.1,35.8,33.2
Sikkim - East District 1385,14211,1017.0,55.8,24.6,Rice,30.0,158.63,3984.7,58.21,1114.8,66.2,98.9,61.4,56.4
Jharkhand - West District 1386,13576,978.8,58.6,29.1,Maize,30.0,129.04,3513.5,75.69,597.9,80.5,93.6,40.0,26.7
Tamil Nadu - Rural District 1387,51580,866.8,66.7,26.7,Rice,87.9,415.47,14751.0,176.22,4041.0,66.7,91.8,81.6,1.5
Rajasthan - Delta District 1388,14286,962.8,62.6,23.7,Rice,30.0,129.12,3476.1,51.1,1188.3,63.2,115.3,47.3,40.5
Jammu & Kashmir - Central District 1389,14862,820.7,69.6,25.9,Maize,30.0,177.4,3378.7,71.85,620.3,65.0,99.6,43.1,37.6
Meghalaya - Delta District 1390,19957,648.8,88.5,22.5,Rice,33.7,157.78,3601.7,67.37,1352.2,88.2,124.7,61.8,27.3
Delhi - Rural District 1391,14097,801.5,49.1,23.6,Rice,30.0,122.3,4084.9,67.46,1195.4,84.3,101.3,42.0,19.1
Telangana - Rural District 1392,188476,770.1,53.9,28.4,Maize,359.4,1734.06,46586.2,1077.14,6978.4,88.6,94.2,91.0,0.0
Nagaland - Plateau District 1393,23293,1156.2,62.9,30.4,Maize,56.6,314.62,5784.4,140.76,1014.4,65.2,95.6,45.8,21.9
Goa - South District 1394,11712,968.3,49.8,26.6,Wheat,30.0,62.51,4030.3,39.64,1258.3,53.9,104.3,36.8,24.2
Sikkim - Valley District 1395,9099,868.9,46.9,22.3,Wheat,30.0,124.51,3198.8,40.44,1484.3,68.8,121.7,57.0,42.2
Kerala - Coastal District 1396,62820,600.5,81.6,30.1,Wheat,75.4,371.4,5764.7,129.55,3895.6,80.3,114.7,57.1,0.0
Karnataka - Valley District 1397,163842,1282.3,74.6,21.9,Wheat,250.9,1837.69,24123.0,512.9,12611.4,55.7,109.2,52.8,0.0
Jammu & Kashmir - Rural District 1398,29971,1104.7,85.5,28.9,Maize,52.1,334.13,5123.4,199.08,1027.4,66.1,105.4,23.6,36.4
Tripura - West District 1399,32289,635.0,29.4,26.2,Rice,75.3,327.21,11472.6,139.39,3214.7,72.6,115.7,65.0,37.9
Tamil Nadu - Rural District 1400,39015,1052.1,65.7,27.2,Maize,66.0,393.66,7695.1,212.21,1226.5,64.8,108.9,78.8,36.0
Delhi - East District 1401,20609,1557.6,61.9,22.9,Rice,30.0,192.07,4160.9,74.9,1293.4,45.4,106.4,21.4,17.2
Punjab - Hills District 1402,15495,1402.0,47.4,20.5,Maize,30.6,250.57,3823.4,97.63,537.7,52.8,91.7,50.6,40.8
Sikkim - West District 1403,186888,1118.1,93.0,25.3,Wheat,251.6,1087.02,20149.5,380.61,12140.5,48.9,98.0,88.9,0.0
Odisha - Plains District 1404,9555,1413.1,47.2,22.8,Wheat,30.0,147.78,3308.3,46.22,1523.6,55.8,104.1,44.1,41.5
Tripura - Coastal District 1405,81499,1649.5,27.1,30.3,Maize,73.9,597.04,10589.2,240.38,1543.1,44.2,106.1,64.9,0.0
Tripura - Urban District 1406,18886,921.8,53.9,24.5,Maize,30.0,160.36,3164.4,85.19,606.9,87.2,87.2,46.6,18.1
Telangana - Urban District 1407,23116,1331.2,67.7,25.1,Rice,46.4,330.62,5398.9,129.06,1764.7,44.8,103.1,35.4,41.9
Maharashtra - Plateau District 1408,56341,1150.1,39.6,24.9,Wheat,48.8,223.55,4853.4,69.15,2322.0,65.4,103.4,60.4,0.0
Chhattisgarh - East District 1409,32707,1285.5,69.2,26.0,Maize,39.2,286.6,4245.2,118.39,780.1,61.1,110.3,53.7,26.3
Andhra Pradesh - East District 1410,60403,1193.4,68.3,26.2,Rice,59.1,396.7,7456.1,139.16,2558.1,60.2,119.9,47.4,12.6
Uttar Pradesh - Valley District 1411,43524,1420.3,66.6,29.8,Pulses,78.6,134.8,3498.5,52.83,2173.8,51.8,118.9,36.1,0.0
Jharkhand - Rural District 1412,31629,1015.7,82.9,27.1,Rice,33.5,222.92,4151.4,87.32,1267.0,61.4,93.4,55.5,25.2
Arunachal Pradesh - Plateau District 1413,8325,1170.5,100.0,20.2,Wheat,30.0,175.25,2396.3,55.29,1578.3,75.5,92.7,55.2,44.8
Bihar - Urban District 1414,27787,1156.9,74.8,23.0,Rice,50.9,303.72,5761.3,96.2,1846.0,51.1,129.5,43.7,21.4
Arunachal Pradesh - Urban District 1415,14266,982.5,50.8,25.5,Rice,30.0,116.09,3747.5,52.22,1223.7,66.7,119.1,60.0,25.9
Madhya Pradesh - Valley District 1416,16858,832.2,67.1,29.1,Wheat,30.0,132.15,2634.0,39.27,1480.8,71.6,101.9,63.6,38.2
Meghalaya - Valley District 1417,85710,1782.7,80.8,16.7,Rice,134.4,1043.42,15669.3,343.71,5408.9,37.7,110.3,58.9,0.0
Ladakh - Urban District 1418,24801,1342.5,52.4,20.3,Rice,30.0,168.19,4299.5,78.63,1166.7,60.6,106.5,67.4,26.2
Uttarakhand - Rural District 1419,52218,1018.3,54.6,28.8,Wheat,129.9,288.36,15430.7,192.51,6950.2,73.1,112.1,53.8,0.5
Jammu & Kashmir - Plains District 1420,12161,1224.9,93.6,23.7,Rice,30.0,193.47,2856.0,63.18,1186.1,66.2,106.6,49.9,34.1
Ladakh - West District 1421,22920,1503.4,80.3,21.1,Rice,41.0,271.98,4331.4,82.67,1595.8,50.8,114.1,36.1,26.7
Jammu & Kashmir - Central District 1422,12348,1441.5,57.9,27.5,Wheat,30.0,165.34,3091.0,47.63,1475.1,39.2,106.3,63.2,32.6
Himachal Pradesh - Urban District 1423,32369,1435.8,50.7,26.2,Pulses,38.4,115.98,1491.0,23.53,1140.4,47.1,104.3,69.6,0.0
Punjab - Hills District 1424,11586,815.9,38.9,28.6,Wheat,30.0,105.78,3400.2,44.19,1550.5,72.5,102.4,33.3,34.4
Puducherry - Rural District 1425,36888,1314.2,32.3,28.5,Rice,37.3,271.72,5342.6,94.65,1313.5,51.2,100.2,47.2,6.2
Meghalaya - South District 1426,18362,1101.9,65.4,28.2,Maize,30.0,228.22,3649.3,65.9,594.8,66.5,118.7,52.7,42.8
Delhi - Hills District 1427,6997,993.3,74.1,30.8,Rice,30.0,198.72,3768.7,71.88,1159.4,58.9,93.1,34.4,37.1
Rajasthan - South District 1428,14308,1125.8,69.9,26.8,Maize,30.0,155.15,3133.2,86.1,534.4,60.8,103.7,66.8,32.4
Punjab - Rural District 1429,19539,1239.8,63.3,20.9,Maize,30.0,270.91,2963.1,114.21,619.9,56.9,96.6,55.0,33.3
Goa - Plateau District 1430,17647,918.7,60.8,25.7,Wheat,30.0,132.47,2850.5,36.39,1474.8,65.0,101.2,46.0,49.8
Karnataka - Urban District 1431,73751,484.6,64.8,24.1,Maize,98.0,250.37,11532.6,228.61,1579.3,76.0,87.7,50.0,0.0
West Bengal - Urban District 1432,10068,1327.6,62.8,30.1,Rice,30.0,149.52,3777.8,55.58,1203.7,80.6,126.1,27.5,30.3
Tripura - Hills District 1433,80309,809.5,51.1,26.5,Rice,178.3,1043.7,27544.7,393.49,7758.2,70.3,108.4,64.6,0.0
Puducherry - Central District 1434,35480,588.6,35.6,25.2,Maize,35.3,172.0,5622.3,90.92,722.5,82.3,99.5,63.3,11.0
Arunachal Pradesh - Rural District 1435,291171,1204.6,43.6,26.2,Maize,277.2,1485.65,38423.3,743.52,5836.1,62.6,107.5,100.0,0.0
Puducherry - Rural District 1436,72332,1241.6,89.4,28.7,Rice,88.5,576.52,9973.1,212.32,3186.6,46.2,106.5,55.3,0.0
Delhi - West District 1437,26809,979.0,64.2,22.7,Maize,52.1,362.12,6771.8,158.57,1017.5,66.6,118.8,45.6,45.6
Bihar - North District 1438,26227,538.6,57.3,33.7,Wheat,33.5,63.36,3577.3,45.66,1617.4,96.7,99.6,18.5,22.2
West Bengal - Plains District 1439,21875,1352.9,83.8,26.0,Wheat,30.0,206.21,2353.0,49.54,1603.7,58.8,120.1,47.4,4.7
Punjab - Rural District 1440,38431,1322.3,61.2,30.8,Rice,79.5,577.81,11285.6,189.51,2810.0,43.6,119.3,65.5,0.0
Jammu & Kashmir - Coastal District 1441,21585,1634.4,56.0,28.8,Wheat,46.6,291.04,4971.4,68.59,2397.1,35.1,107.6,28.4,31.2
Jharkhand - East District 1442,64690,962.9,55.7,22.2,Rice,110.4,506.66,13742.7,230.32,4162.6,45.3,124.8,62.9,4.1
Delhi - West District 1443,42256,1654.5,64.5,20.1,Wheat,41.3,296.67,4048.9,67.96,1979.7,39.0,113.4,48.6,33.8
Delhi - Valley District 1444,11211,1642.4,59.0,24.4,Rice,30.0,219.81,4646.2,55.82,1320.0,45.4,96.4,46.4,49.0
Nagaland - Plateau District 1445,19667,1129.2,32.6,21.0,Rice,37.8,166.68,5790.9,77.29,1653.9,76.3,106.1,61.0,63.8
Maharashtra - North District 1446,7784,1445.4,62.2,28.7,Wheat,30.0,178.36,2865.3,44.18,1405.5,48.6,113.9,43.2,50.5
Jammu & Kashmir - Central District 1447,50397,700.6,77.9,20.5,Wheat,59.0,154.41,5343.6,64.27,3040.3,94.0,99.0,53.5,0.0
Himachal Pradesh - East District 1448,12200,1956.8,52.5,24.6,Rice,30.0,262.61,4142.7,79.78,1227.1,3.5,121.6,39.4,52.4
Bihar - South District 1449,15598,1247.5,39.4,25.1,Wheat,36.5,125.27,4087.1,50.32,1685.1,47.0,105.7,45.1,11.1
West Bengal - West District 1450,59589,988.5,41.2,25.3,Rice,103.5,320.29,14677.8,178.53,4049.4,72.0,101.6,57.2,0.0
Odisha - North District 1451,3620,792.1,62.5,27.7,Rice,30.0,160.95,4094.2,72.83,1151.6,78.0,107.0,49.7,45.6
Gujarat - Plateau District 1452,45774,1292.4,41.8,28.9,Maize,56.8,364.62,7723.9,193.38,1087.8,54.1,103.3,49.0,12.5
Manipur - Plains District 1453,70060,1548.4,45.3,24.4,Rice,113.4,835.87,17061.2,292.94,4402.5,51.2,90.0,74.2,0.0
Manipur - Plateau District 1454,26449,476.3,45.9,25.6,Rice,30.0,88.15,3957.7,52.8,1214.8,70.7,109.0,32.4,22.4
Jharkhand - Rural District 1455,11060,1225.2,57.4,30.6,Wheat,30.0,204.55,3163.9,53.84,1274.8,51.1,105.1,36.5,59.8
Meghalaya - West District 1456,14702,1075.9,53.4,31.3,Wheat,30.0,144.92,3217.0,49.31,1526.6,64.2,116.8,49.9,42.6
Chhattisgarh - Coastal District 1457,29914,1343.0,57.1,16.7,Rice,49.8,354.64,6980.7,83.98,1947.8,62.4,117.8,33.8,25.3
Rajasthan - West District 1458,23658,686.6,25.5,23.6,Maize,37.4,213.21,6047.7,103.6,650.4,81.9,95.8,51.1,9.1
Uttar Pradesh - Plains District 1459,59532,951.9,70.2,24.4,Rice,76.9,461.84,10284.1,196.48,2921.3,83.1,98.4,75.2,0.0
Kerala - Plateau District 1460,82670,1385.7,65.4,21.5,Maize,183.8,1836.96,20496.5,567.06,3508.8,48.3,94.8,61.5,0.0
Jammu & Kashmir - Plateau District 1461,23355,475.4,73.0,30.7,Rice,34.8,157.69,4396.6,64.6,1414.3,83.3,86.5,50.7,40.6
Tripura - West District 1462,51615,709.7,32.3,21.2,Rice,106.8,185.08,17632.4,139.58,4184.8,80.8,103.6,49.5,0.0
Arunachal Pradesh - Hills District 1463,71928,1462.4,47.7,24.5,Wheat,106.4,590.28,12485.9,167.82,5185.4,57.1,93.5,62.5,0.0
Chhattisgarh - East District 1464,27926,1185.2,41.7,26.1,Rice,43.4,203.08,6106.6,85.85,1664.4,75.6,101.4,40.2,26.5
Meghalaya - Rural District 1465,35257,1495.4,56.1,26.0,Rice,34.8,206.7,4571.0,65.18,1442.0,43.5,92.6,46.9,20.5
Karnataka - West District 1466,44530,1770.5,34.7,24.2,Rice,108.7,1045.9,18843.1,388.36,4605.7,37.2,119.8,72.3,16.4
Telangana - Hills District 1467,30880,1275.2,58.4,31.6,Maize,56.3,444.92,6869.8,200.31,1037.1,66.6,111.5,51.4,35.6
Maharashtra - Delta District 1468,58550,1154.3,69.8,24.9,Pulses,92.2,256.75,3105.7,61.42,2792.5,48.7,115.1,42.0,20.7
Manipur - Central District 1469,28964,1249.6,93.4,31.0,Wheat,39.6,249.76,3105.0,71.62,1950.2,55.6,102.4,50.7,4.5
Manipur - Delta District 1470,16060,902.7,63.1,26.9,Wheat,32.6,120.04,3352.1,46.98,1702.6,73.6,110.2,42.2,10.2
Haryana - North District 1471,21752,1340.1,56.2,27.9,Maize,30.2,260.8,3485.3,121.51,636.1,46.8,104.6,37.8,27.2
Manipur - Plateau District 1472,105903,1455.2,94.3,22.8,Maize,176.1,1411.34,14354.2,693.88,3732.5,68.0,120.0,100.0,0.0
Madhya Pradesh - Urban District 1473,20649,1047.7,40.2,31.8,Wheat,30.0,158.91,3183.8,39.99,1486.2,71.0,125.6,46.6,34.1
Manipur - West District 1474,38812,1120.8,62.0,26.0,Rice,64.4,411.89,6765.2,126.68,2515.6,61.6,100.5,35.5,14.4
Arunachal Pradesh - Coastal District 1475,32584,1214.1,49.3,26.5,Wheat,51.2,275.75,5408.8,62.56,2241.1,73.5,114.1,49.6,17.4
Sikkim - West District 1476,70951,998.9,89.0,31.8,Wheat,103.9,378.2,9434.5,133.91,4907.0,64.1,120.3,81.9,0.0
Karnataka - East District 1477,12588,1402.5,35.4,27.8,Rice,30.0,198.13,4807.9,71.25,1219.6,55.4,109.8,58.9,12.5
Chhattisgarh - Hills District 1478,25022,1046.4,44.7,27.3,Wheat,33.4,139.95,3661.9,50.86,1667.4,73.4,98.4,54.3,35.9
Assam - South District 1479,65741,776.6,56.4,28.8,Pulses,64.6,95.69,2668.0,39.72,1960.9,69.2,118.6,65.5,0.0
Puducherry - Valley District 1480,22488,1576.1,81.5,17.9,Maize,35.0,325.73,3686.3,111.78,712.2,43.1,99.4,62.7,35.2
Arunachal Pradesh - Delta District 1481,21543,1079.3,72.5,34.0,Maize,30.2,173.02,3358.9,68.98,580.4,68.5,81.1,44.9,17.1
Tripura - Hills District 1482,19661,865.2,45.5,24.3,Maize,30.0,155.5,3600.7,80.28,562.3,70.2,96.8,55.5,38.6
Delhi - West District 1483,51433,523.1,63.6,26.2,Rice,113.2,465.46,15626.7,228.05,4550.0,91.3,104.3,73.7,9.3
Chhattisgarh - West District 1484,24896,1129.1,84.7,24.0,Maize,38.9,282.64,3933.8,136.68,833.7,63.6,122.3,28.8,59.7
Jharkhand - Delta District 1485,39246,848.9,55.4,35.4,Maize,51.3,268.83,4218.7,150.12,891.3,83.6,115.4,55.2,1.8
Assam - Central District 1486,18360,1135.3,62.5,32.3,Rice,30.0,185.93,4038.4,79.14,1177.0,57.8,102.9,28.7,26.1
Punjab - Central District 1487,62444,664.9,50.3,27.0,Wheat,135.3,331.05,15596.0,123.85,6247.6,84.8,109.7,80.1,0.0
Gujarat - Coastal District 1488,9433,967.4,92.9,33.5,Rice,30.0,188.47,3391.7,65.23,1146.2,64.7,96.4,51.8,47.3
Tripura - Plains District 1489,11208,1049.8,50.9,35.3,Pulses,30.0,82.51,1309.1,23.09,909.9,48.1,110.3,5.0,22.8
Nagaland - Delta District 1490,73988,1426.4,31.6,29.2,Rice,120.1,851.4,19896.6,267.93,5072.2,45.5,115.9,76.3,0.0
Manipur - North District 1491,47667,1242.0,76.8,25.4,Maize,76.8,557.13,6731.7,226.76,1506.6,57.8,114.8,51.9,18.1
Goa - Valley District 1492,99149,910.7,51.6,23.2,Maize,189.0,779.69,23835.2,525.73,3880.7,62.6,121.6,72.9,0.0
Uttar Pradesh - Coastal District 1493,36535,1534.2,79.6,32.7,Rice,74.8,617.36,8928.5,203.19,3336.8,31.3,112.8,41.6,23.6
Delhi - Plateau District 1494,16474,1044.9,43.0,25.5,Maize,30.0,193.45,3758.3,79.21,561.1,64.9,122.3,52.5,17.0
Assam - Plains District 1495,45351,1594.8,58.7,27.9,Pulses,92.1,255.16,4132.9,70.05,2713.9,59.0,114.7,69.7,3.4
Punjab - West District 1496,16248,1480.4,30.9,33.1,Wheat,39.1,249.18,5004.0,67.26,2047.6,51.4,106.0,58.1,40.3
Delhi - Delta District 1497,11411,1536.4,67.8,18.9,Maize,30.0,255.02,3315.2,83.07,684.5,40.9,97.6,54.5,23.5
Assam - Plateau District 1498,18821,897.4,78.1,21.9,Rice,30.0,117.21,3183.4,59.24,1105.6,71.1,101.3,61.7,43.3
Ladakh - East District 1499,29883,466.4,78.8,30.9,Rice,57.2,190.64,6586.8,116.94,2321.9,79.4,94.4,47.5,11.0
West Bengal - North District 1500,44786,906.4,73.5,28.6,Maize,77.0,318.1,8368.2,209.79,1588.7,74.1,107.5,49.4,0.0
Arunachal Pradesh - North District 1501,19951,1269.6,52.6,30.0,Wheat,30.0,172.49,2950.1,49.84,1527.8,52.4,119.7,25.1,12.8
Maharashtra - Plains District 1502,8084,1551.6,68.4,26.7,Wheat,30.0,196.44,2954.1,48.57,1484.9,36.8,105.1,36.2,55.1
West Bengal - Central District 1503,40485,980.7,50.8,28.9,Rice,50.9,252.51,6274.4,127.51,2034.6,71.5,97.2,37.4,16.6
Odisha - Plains District 1504,42491,1460.9,37.0,27.5,Rice,61.9,451.78,8897.0,172.97,2128.5,29.0,102.7,74.3,14.6
Assam - Plains District 1505,27000,1030.6,54.3,25.8,Maize,30.0,174.83,3788.9,86.4,565.7,68.4,107.7,57.0,15.0
Gujarat - Plateau District 1506,98346,1198.8,53.5,22.4,Wheat,151.9,888.12,16404.5,243.96,7542.9,57.2,96.3,55.0,0.0
Tripura - Coastal District 1507,45863,1125.5,58.3,26.2,Wheat,83.5,279.06,7955.1,126.56,4135.0,63.0,108.0,64.0,6.0
Telangana - Rural District 1508,11524,346.2,56.1,24.6,Maize,30.0,97.1,4036.0,63.28,608.5,96.7,91.5,50.4,54.6
Jharkhand - North District 1509,32279,990.3,29.1,27.3,Wheat,68.8,259.47,8272.2,106.4,3458.6,52.5,106.2,35.0,20.1
Chhattisgarh - South District 1510,11484,1208.6,45.3,23.6,Maize,30.0,223.09,3679.2,98.32,605.3,49.4,111.1,41.5,38.9
Uttarakhand - Urban District 1511,20141,993.1,76.1,31.6,Rice,30.0,186.53,3207.8,64.22,1133.2,72.0,102.6,34.0,34.3
Telangana - Delta District 1512,42295,836.1,77.0,28.9,Pulses,43.7,31.53,1868.1,22.58,1255.2,75.4,97.7,45.2,11.1
Sikkim - Rural District 1513,19663,856.1,47.5,27.8,Rice,30.0,146.86,3600.3,60.65,1152.3,55.9,102.8,34.6,48.0
Rajasthan - Coastal District 1514,21744,919.7,65.6,23.7,Wheat,30.0,128.36,3001.1,48.85,1556.3,71.1,94.7,67.4,47.2
Odisha - East District 1515,8266,1350.2,74.7,25.4,Maize,30.0,218.45,3131.9,94.6,591.6,45.1,106.5,54.1,46.9
Karnataka - West District 1516,68106,694.3,55.5,31.5,Wheat,71.5,281.45,6171.1,104.04,3689.2,64.8,100.4,32.1,0.0
Arunachal Pradesh - South District 1517,48675,1080.9,60.0,27.7,Rice,84.4,520.56,10592.0,182.44,3567.2,59.3,119.8,53.1,0.0
Tamil Nadu - Urban District 1518,59329,1127.3,78.3,25.0,Maize,71.0,496.01,7057.6,210.31,1413.6,51.0,108.7,71.6,10.1
Punjab - South District 1519,36426,1393.5,80.5,35.8,Pulses,30.0,97.28,1008.4,20.97,912.7,43.4,105.5,59.7,35.9
Puducherry - Urban District 1520,18679,1026.7,78.0,27.5,Rice,30.0,180.74,3025.1,61.95,1274.0,71.4,130.2,28.7,34.0
Jharkhand - Coastal District 1521,23946,765.0,45.2,22.4,Pulses,30.0,6.0,1457.8,13.71,860.1,74.8,115.5,35.2,23.8
Uttarakhand - Central District 1522,12327,1902.7,62.3,23.1,Maize,30.0,355.27,3317.4,108.95,664.9,28.9,100.5,44.7,50.3
Rajasthan - Delta District 1523,71854,1343.7,70.2,26.6,Rice,34.3,170.26,4372.4,77.0,1348.2,61.3,121.6,61.7,0.0
Maharashtra - Coastal District 1524,12717,1311.1,57.7,26.2,Rice,30.0,151.91,4309.3,48.49,1200.9,51.9,106.7,47.6,45.9
Assam - Hills District 1525,10297,916.7,47.7,28.4,Rice,30.0,146.1,4357.7,62.83,1185.5,70.3,109.4,51.9,44.8
Rajasthan - Plains District 1526,79528,1080.8,39.0,30.2,Rice,163.3,902.88,25060.8,361.43,6366.0,78.1,107.5,42.1,0.0
Tamil Nadu - Plateau District 1527,23936,1569.8,40.1,25.9,Rice,38.8,282.19,6283.5,88.24,1750.4,39.8,95.0,64.4,38.1
Meghalaya - Plateau District 1528,20771,1213.2,28.8,25.6,Wheat,33.9,189.09,4252.3,53.65,1571.7,56.4,103.2,40.3,35.0
Goa - Delta District 1529,5976,927.4,51.4,27.9,Wheat,30.0,153.48,3074.9,42.08,1367.2,74.9,113.6,64.4,36.1
Tamil Nadu - Hills District 1530,44994,1019.7,54.2,27.2,Rice,30.0,200.21,4224.6,66.45,1128.8,59.6,105.6,62.1,13.8
Meghalaya - Rural District 1531,53153,529.9,50.8,25.9,Wheat,96.0,102.26,9076.4,94.62,4993.2,90.9,104.2,52.7,4.9
Goa - Coastal District 1532,5804,761.4,37.3,23.8,Wheat,30.0,139.09,3039.2,41.77,1414.6,70.0,94.3,34.1,52.6
Manipur - North District 1533,27970,694.2,50.0,31.4,Maize,48.3,152.91,5114.8,134.28,980.2,88.2,101.6,50.9,22.0
Rajasthan - South District 1534,18185,515.9,84.3,20.5,Pulses,30.0,6.0,1242.6,15.5,826.0,100.0,105.5,34.9,30.1
Maharashtra - South District 1535,39989,978.8,67.3,25.5,Maize,52.7,330.52,5584.8,137.91,1079.4,73.2,106.4,51.8,13.7
Ladakh - Central District 1536,24082,1099.8,80.3,26.8,Rice,49.4,231.07,5763.3,94.36,2295.8,55.6,109.0,43.5,25.6
Uttarakhand - North District 1537,30963,326.7,66.7,25.4,Wheat,55.0,177.71,5042.8,69.48,2607.3,71.9,94.1,41.4,25.7
Jammu & Kashmir - Central District 1538,124247,993.0,47.5,29.4,Wheat,154.8,548.83,17684.2,220.46,7466.3,64.1,102.1,53.9,0.0
Puducherry - Coastal District 1539,113022,1227.1,43.4,23.3,Pulses,134.0,365.61,6171.2,99.32,4115.1,56.3,97.4,74.5,0.0
Delhi - Urban District 1540,31275,944.7,38.1,31.9,Wheat,79.2,341.75,10163.1,113.57,4235.2,66.9,100.5,47.9,40.9
Himachal Pradesh - Valley District 1541,88108,1189.3,36.2,20.9,Pulses,98.1,179.54,4867.7,70.43,3203.4,51.3,96.4,65.3,0.0
Tripura - Hills District 1542,17158,422.9,58.8,22.2,Maize,30.0,44.18,3530.4,59.0,628.5,99.3,111.0,48.6,23.5
Jammu & Kashmir - East District 1543,37698,922.8,63.6,30.5,Maize,30.0,151.87,3224.4,75.32,624.9,52.9,96.2,54.4,19.9
Rajasthan - East District 1544,8141,1723.7,85.0,33.5,Rice,30.0,252.13,2941.6,70.55,1203.5,29.2,101.0,62.5,38.2
Bihar - Rural District 1545,20279,980.2,58.3,25.2,Maize,30.0,170.31,3844.7,89.91,577.0,70.7,109.7,41.9,19.0
Tamil Nadu - East District 1546,36309,1476.6,74.4,19.9,Wheat,67.5,499.0,6729.2,100.09,3428.1,49.0,100.2,66.2,19.4
Delhi - East District 1547,14910,984.6,51.7,27.5,Wheat,30.0,150.62,3145.6,56.6,1591.2,57.7,115.5,37.6,38.6
Delhi - West District 1548,59451,688.7,20.0,34.8,Maize,108.6,232.44,12680.6,170.27,2380.9,80.9,113.5,58.3,0.0
Sikkim - Plateau District 1549,13992,1529.2,51.9,28.7,Rice,30.0,209.53,4218.1,78.84,1212.2,41.4,106.5,33.5,40.5
Sikkim - Valley District 1550,11082,917.1,70.3,28.1,Rice,30.0,129.96,4197.0,60.72,1094.3,62.0,96.2,59.6,56.6
Andhra Pradesh - Urban District 1551,51658,1009.3,70.7,24.5,Wheat,38.9,209.89,4536.9,42.22,1802.2,56.4,124.8,56.8,23.2
Telangana - Coastal District 1552,17110,658.6,62.5,25.7,Wheat,30.0,73.38,2989.7,41.38,1459.6,92.2,112.4,45.3,37.7
Ladakh - Rural District 1553,31447,1186.6,59.1,26.5,Wheat,72.5,413.64,8013.1,116.02,3648.5,56.1,105.1,44.6,5.0
Ladakh - Rural District 1554,29341,616.2,59.3,29.0,Maize,43.5,148.47,5025.0,118.9,892.6,72.2,104.5,37.8,47.9
Punjab - East District 1555,52177,1724.3,77.3,26.4,Rice,109.8,949.78,14627.5,247.56,4914.0,35.2,123.3,50.3,6.5
Rajasthan - Plateau District 1556,20656,1078.9,37.7,27.1,Maize,39.3,229.04,5823.8,107.89,775.4,55.5,99.1,36.9,15.8
Arunachal Pradesh - Central District 1557,29683,1241.5,88.1,20.3,Rice,61.7,307.78,6716.0,121.11,2548.9,61.7,107.6,59.5,1.3
Bihar - Urban District 1558,31547,571.6,44.4,29.1,Maize,51.1,196.52,6554.8,122.89,1111.6,70.9,108.0,60.4,33.7
Madhya Pradesh - Valley District 1559,15107,1142.2,55.2,27.6,Rice,31.9,177.4,4202.2,67.46,1273.5,49.6,111.8,35.7,28.3
Maharashtra - Urban District 1560,11375,1347.1,83.2,21.6,Wheat,30.0,171.32,2719.8,59.73,1471.2,55.5,106.4,41.2,25.3
Tripura - Urban District 1561,56819,1593.7,90.8,25.6,Pulses,67.7,112.82,2181.0,31.07,2247.0,37.3,99.8,66.6,0.0
Sikkim - Urban District 1562,11461,861.5,60.6,28.0,Wheat,30.0,120.93,2976.7,51.07,1467.0,86.2,99.9,40.5,36.1
Uttar Pradesh - South District 1563,39768,1185.2,49.7,34.5,Rice,46.6,312.32,6598.7,125.83,2004.9,68.6,100.1,52.4,18.8
Nagaland - Rural District 1564,27578,1037.8,61.0,23.0,Rice,33.4,217.42,4613.5,64.91,1470.7,41.4,99.1,61.3,20.1
Haryana - Coastal District 1565,22321,1335.1,57.7,29.1,Pulses,30.0,65.77,1417.4,18.11,880.7,39.2,113.3,40.0,31.9
Gujarat - Hills District 1566,42689,689.1,55.1,28.9,Maize,90.7,316.91,10903.8,234.61,1741.2,71.6,101.4,82.6,0.0
Meghalaya - Rural District 1567,11759,1479.2,48.1,20.3,Maize,30.0,209.83,3542.5,90.54,625.8,39.8,116.6,57.8,24.7
Chhattisgarh - East District 1568,54649,1180.0,58.7,29.7,Maize,77.1,515.06,8471.0,249.96,1554.1,62.1,107.0,47.2,19.4
Puducherry - Valley District 1569,19974,812.4,72.6,23.7,Rice,45.6,207.16,5851.3,71.29,2095.1,60.3,95.2,65.6,12.9
Ladakh - North District 1570,27030,1234.8,50.9,30.6,Wheat,34.2,155.24,3274.2,51.26,1838.6,53.0,87.6,40.5,21.7
Tamil Nadu - Valley District 1571,17125,450.8,69.8,25.5,Rice,33.7,113.27,4452.0,67.23,1212.8,79.2,105.3,43.4,40.0
Jharkhand - East District 1572,7754,833.9,44.6,22.7,Maize,30.0,123.22,4117.8,82.29,621.8,60.5,95.1,32.3,57.0
Odisha - Valley District 1573,35228,814.6,70.5,21.6,Rice,30.0,113.46,3825.0,48.71,1263.7,54.7,103.1,51.8,34.9
Assam - Plateau District 1574,38073,716.4,74.3,23.6,Wheat,73.1,408.47,7017.0,119.85,3747.7,68.0,104.8,48.9,12.8
Gujarat - Hills District 1575,110149,1079.7,91.2,32.6,Rice,186.9,1322.51,20891.5,369.68,7019.0,65.8,106.5,58.0,0.0
Tripura - North District 1576,14156,1705.2,49.6,32.3,Wheat,30.0,207.47,2878.2,65.63,1602.1,37.9,95.7,41.3,33.3
West Bengal - Rural District 1577,12382,916.7,63.5,30.5,Maize,30.0,178.81,3029.6,81.73,576.8,77.7,104.0,31.4,27.6
West Bengal - Urban District 1578,81035,920.5,64.0,22.7,Maize,93.1,506.22,9085.4,227.28,1836.7,74.8,106.5,62.9,0.0
Manipur - Hills District 1579,68588,1577.2,70.7,26.2,Rice,94.1,874.91,10072.6,277.19,4093.6,37.8,117.1,46.6,0.0
Jammu & Kashmir - Hills District 1580,17623,1326.3,55.2,19.9,Rice,30.0,141.74,3745.7,60.36,1280.7,47.1,99.2,24.6,17.0
Rajasthan - Central District 1581,60612,1587.0,83.8,36.5,Rice,64.9,434.0,6986.6,160.0,2780.0,51.5,113.4,87.5,0.0
Odisha - East District 1582,27151,1675.9,90.5,23.1,Maize,30.0,319.76,2374.2,113.96,563.4,31.8,110.5,67.1,7.4
Delhi - Valley District 1583,29725,829.0,52.9,26.5,Maize,30.0,168.46,3965.6,77.1,633.7,70.6,106.2,22.6,15.9
Nagaland - East District 1584,19816,1087.1,57.0,26.9,Wheat,37.0,200.63,4448.8,64.58,1849.5,63.1,100.3,32.5,41.9
Telangana - South District 1585,25322,1446.3,30.8,26.0,Rice,30.0,199.13,5248.8,67.01,1172.5,52.5,87.4,48.9,28.3
Maharashtra - Valley District 1586,49835,1276.6,67.8,25.7,Rice,85.3,416.37,10957.0,149.04,3815.8,65.2,110.6,65.2,0.0
Punjab - Hills District 1587,18516,554.6,39.3,29.9,Wheat,31.9,78.26,3119.8,40.83,1464.9,85.5,87.9,43.2,27.3
Rajasthan - Valley District 1588,84824,988.0,71.3,27.9,Wheat,137.9,779.57,12995.4,279.03,6221.1,46.8,92.2,53.1,0.0
Rajasthan - North District 1589,28220,942.2,49.5,29.0,Rice,49.7,261.49,6610.6,80.46,1911.0,75.5,112.3,59.6,11.8
Andhra Pradesh - Plains District 1590,43757,843.5,75.5,26.6,Rice,44.6,223.84,5720.0,89.81,1671.2,71.8,109.6,42.7,9.2
Maharashtra - Plains District 1591,18592,853.2,16.7,25.2,Rice,46.4,239.34,8402.3,109.16,1757.9,78.4,117.9,39.3,31.9
Karnataka - South District 1592,32208,1529.7,36.7,31.7,Maize,63.0,476.5,10300.5,210.32,1114.5,60.8,114.9,50.3,11.7
Haryana - Delta District 1593,61575,883.2,61.5,32.8,Maize,51.5,373.07,6091.7,130.59,951.5,45.6,95.9,55.9,2.1
Telangana - Central District 1594,34413,1039.0,29.9,22.0,Rice,46.6,183.13,7855.6,79.83,1793.3,74.7,94.8,48.0,26.3
Karnataka - Plains District 1595,56345,1337.8,48.6,33.2,Wheat,130.3,720.75,14360.7,179.38,6425.3,44.9,89.4,59.6,11.6
Kerala - South District 1596,96309,1012.4,33.0,26.8,Rice,126.6,435.02,18606.3,228.61,5203.6,41.4,92.3,47.2,0.0
Tripura - Central District 1597,52055,353.0,57.8,28.2,Maize,55.3,170.25,6135.3,116.83,1180.8,91.1,117.8,52.1,3.5
Uttarakhand - Delta District 1598,87460,1108.6,50.6,29.4,Rice,110.6,703.25,16936.8,146.48,4006.6,79.2,105.7,86.3,0.0
Punjab - East District 1599,8819,1150.2,72.3,22.6,Rice,30.0,143.79,3345.0,50.35,1214.4,60.8,95.7,50.8,76.2
Rajasthan - Valley District 1600,73636,1288.8,41.1,32.2,Wheat,119.7,580.55,11203.2,167.31,6014.9,48.2,116.4,46.4,0.0
Puducherry - East District 1601,40822,1026.4,78.7,28.9,Wheat,41.3,194.62,3401.6,69.59,2168.7,65.9,85.5,35.5,0.0
Gujarat - South District 1602,35812,1259.8,72.9,30.2,Pulses,50.9,133.99,2088.6,35.27,1649.4,56.6,92.2,41.9,5.1
Himachal Pradesh - Rural District 1603,42243,1668.9,72.4,28.2,Rice,37.4,317.44,5317.0,104.45,1658.1,30.5,115.6,20.8,5.5
Uttarakhand - Central District 1604,7872,1135.7,52.6,33.4,Pulses,30.0,28.33,1235.8,17.74,954.1,66.4,84.2,57.6,42.1
Nagaland - Hills District 1605,15508,1275.7,69.9,25.4,Wheat,40.1,230.31,4657.3,61.18,2184.3,52.2,115.5,53.2,17.9
Goa - Coastal District 1606,91014,1041.0,47.1,31.0,Wheat,105.2,395.9,11630.4,150.35,5490.2,53.2,107.6,49.4,0.0
Ladakh - Hills District 1607,34787,512.3,43.7,24.3,Rice,40.4,156.15,5714.1,67.44,1707.2,82.1,124.3,33.2,38.0
Tamil Nadu - Delta District 1608,14385,1196.4,34.2,26.4,Rice,30.0,157.13,4362.5,70.24,1126.4,61.8,118.1,39.2,30.0
Bihar - Rural District 1609,16979,782.1,66.3,28.2,Wheat,30.0,104.69,2510.2,40.15,1283.3,58.0,98.9,32.7,26.5
Uttar Pradesh - Delta District 1610,8476,1207.1,45.8,30.0,Maize,30.0,192.34,3701.8,100.81,611.4,60.5,101.0,27.5,47.5
Himachal Pradesh - Delta District 1611,14363,1618.0,58.9,30.8,Maize,30.0,256.63,3508.4,113.83,587.3,37.8,108.5,51.7,52.8
Chhattisgarh - Central District 1612,12532,1329.7,52.8,22.6,Maize,30.0,225.07,3380.9,88.32,557.7,35.7,106.3,52.2,62.1
Arunachal Pradesh - Delta District 1613,115525,1078.8,65.7,26.8,Maize,206.4,1577.39,24227.8,514.46,4231.3,71.2,103.7,61.9,0.0
Puducherry - Coastal District 1614,54128,883.1,69.7,26.9,Maize,80.3,512.22,8610.3,261.63,1524.5,78.8,102.7,31.0,0.0
West Bengal - Delta District 1615,37212,682.2,62.3,30.2,Rice,82.5,255.39,10901.4,158.56,3149.7,74.9,107.7,74.2,8.6
Meghalaya - South District 1616,52564,1587.6,73.2,28.6,Wheat,58.4,339.9,4930.2,88.71,2944.3,48.2,102.1,43.8,0.0
Maharashtra - Urban District 1617,8268,1798.6,53.6,26.4,Wheat,30.0,196.3,3030.7,47.47,1629.8,30.5,110.0,50.1,35.4
Nagaland - Valley District 1618,18672,1090.4,32.2,22.1,Rice,30.0,202.47,3864.7,74.25,1253.5,59.3,102.6,46.3,28.0
Madhya Pradesh - West District 1619,6969,1060.3,53.4,30.4,Wheat,30.0,141.06,3219.1,47.99,1452.5,55.9,104.3,55.6,47.3
Jammu & Kashmir - Valley District 1620,85787,1281.6,71.5,29.4,Maize,125.0,961.73,15055.4,381.86,2341.5,47.6,110.2,63.8,0.0
Sikkim - Plains District 1621,27850,828.0,62.4,29.7,Wheat,37.0,109.89,4098.9,49.94,1938.0,82.1,112.8,53.6,27.3
Tamil Nadu - Plateau District 1622,76145,963.0,71.7,24.1,Rice,131.0,610.72,19094.5,261.18,5333.0,63.8,108.5,51.0,0.0
Assam - Coastal District 1623,14153,858.1,44.4,30.0,Rice,30.0,99.99,5427.9,54.74,1244.2,67.7,113.8,81.2,21.5
Telangana - Delta District 1624,33016,444.5,46.4,27.3,Maize,50.0,187.88,6647.3,123.28,924.5,68.7,116.8,61.9,32.9
Goa - East District 1625,12402,836.9,39.5,32.9,Maize,30.0,170.14,3995.4,75.16,583.0,55.3,99.4,41.0,68.6
Himachal Pradesh - East District 1626,19154,2007.2,81.1,28.5,Rice,30.0,312.14,4077.3,85.32,1227.0,19.9,107.9,55.1,16.0
Uttar Pradesh - Delta District 1627,18308,672.7,37.9,24.1,Rice,30.0,102.8,4528.5,60.92,1095.5,84.4,107.4,74.9,24.4
Manipur - Valley District 1628,22162,1244.8,55.0,27.3,Wheat,47.9,242.76,5200.9,71.13,2403.8,66.4,115.0,74.2,21.8
Jammu & Kashmir - South District 1629,16679,1058.9,54.0,28.8,Wheat,30.0,160.68,3003.7,52.49,1449.9,72.7,116.2,54.7,26.0
Ladakh - Plateau District 1630,47893,1442.9,56.3,33.6,Wheat,88.6,484.83,8931.0,159.26,4878.3,49.9,111.4,39.1,0.0
Jharkhand - Plains District 1631,7041,1464.8,85.2,26.8,Rice,30.0,192.41,3318.6,75.54,1106.6,37.7,96.7,47.0,47.8
Maharashtra - Urban District 1632,21157,1306.0,66.2,22.0,Rice,37.2,293.22,5488.4,73.59,1491.6,54.6,119.1,31.3,27.4
Punjab - Plateau District 1633,71334,710.7,53.4,28.6,Wheat,83.6,383.1,8495.8,106.79,4320.0,72.0,114.3,40.5,5.8
Haryana - Central District 1634,62346,200.0,69.6,24.1,Wheat,54.7,98.15,5929.6,70.09,2438.0,100.0,107.5,46.1,0.0
Puducherry - Plateau District 1635,13939,1545.8,57.7,29.2,Maize,30.0,260.28,3423.5,114.16,624.1,55.1,104.3,13.1,42.6
Maharashtra - Plains District 1636,7303,761.7,60.3,21.2,Wheat,30.0,106.5,2557.0,37.17,1633.0,67.3,107.1,62.6,43.6
Andhra Pradesh - East District 1637,74482,608.5,47.7,22.4,Wheat,107.3,398.09,9824.7,177.95,5605.7,91.3,102.3,54.7,0.0
Uttar Pradesh - Delta District 1638,23405,1049.5,54.5,27.3,Maize,41.5,266.28,4837.8,100.57,702.8,71.1,104.5,62.8,27.9
Ladakh - Hills District 1639,5478,672.5,37.2,32.6,Pulses,30.0,20.83,1597.9,16.46,795.0,76.2,100.9,45.1,53.3
Haryana - Valley District 1640,21159,1534.6,61.8,25.8,Maize,31.6,274.24,3845.0,126.12,616.8,34.6,108.8,32.1,30.7
Tamil Nadu - Central District 1641,17949,604.1,35.6,33.3,Pulses,30.0,46.99,1549.0,16.83,942.3,85.0,106.9,78.8,22.3
Manipur - Rural District 1642,33582,776.4,69.7,28.9,Maize,60.1,374.0,6930.0,207.88,1353.9,67.8,107.9,46.3,22.1
Ladakh - Plateau District 1643,22645,653.5,81.3,22.6,Rice,40.6,208.59,3919.0,90.58,1844.0,77.8,115.9,57.9,27.1
Arunachal Pradesh - Delta District 1644,13038,817.2,56.0,27.9,Wheat,30.0,120.87,3068.6,48.46,1445.1,76.3,97.9,59.6,30.6
Rajasthan - Coastal District 1645,53458,998.3,53.8,27.3,Wheat,68.8,232.38,7503.2,91.4,3493.8,58.7,106.2,35.7,0.0
Assam - Plateau District 1646,41890,740.5,36.4,19.3,Maize,43.9,150.15,5802.9,81.99,796.1,82.2,99.8,78.3,26.1
Maharashtra - South District 1647,339281,974.9,66.4,32.1,Rice,468.6,2443.25,62281.9,874.18,21604.0,69.7,110.4,100.0,0.0
Telangana - Plains District 1648,16425,1170.6,69.8,22.5,Rice,30.0,175.3,3343.6,66.49,1192.9,76.9,126.2,68.4,35.3
Uttar Pradesh - Plains District 1649,142264,1265.0,14.3,30.8,Rice,192.3,1080.96,31313.9,373.6,7675.1,67.7,90.8,64.8,0.0
Kerala - Plateau District 1650,31667,814.8,66.1,18.9,Rice,57.9,177.49,6611.8,106.19,2047.1,64.1,106.7,37.1,25.6
Tripura - South District 1651,17294,1050.0,68.1,22.5,Wheat,30.0,182.33,3154.8,52.3,1486.5,49.7,114.4,66.2,24.7
Chhattisgarh - Plateau District 1652,193279,848.8,47.7,19.3,Wheat,234.0,501.26,24470.3,242.27,10236.0,60.9,94.6,100.0,0.0
Goa - Central District 1653,51037,871.2,45.6,21.1,Wheat,59.2,224.64,6773.2,59.53,2935.4,53.8,103.8,50.4,12.0
Nagaland - Coastal District 1654,13834,853.4,77.3,25.1,Rice,30.0,160.47,3548.4,51.9,1257.7,65.2,106.9,37.7,31.3
Andhra Pradesh - North District 1655,3005,1327.4,65.6,18.2,Pulses,30.0,100.99,1423.9,22.59,832.2,61.9,111.6,58.3,42.9
Madhya Pradesh - South District 1656,17888,952.4,73.9,27.1,Rice,30.0,199.44,3232.5,73.59,1165.3,67.8,102.8,44.3,37.5
Jharkhand - Rural District 1657,70069,1090.5,67.3,25.0,Wheat,88.0,437.2,9617.5,158.09,4495.6,61.9,77.0,61.0,0.0
Assam - North District 1658,41733,690.2,43.4,33.2,Rice,60.6,257.74,9069.1,81.94,2645.8,91.1,102.0,79.6,15.0
Gujarat - West District 1659,63486,957.1,80.8,27.0,Wheat,92.5,558.69,7899.8,137.24,4583.9,71.5,109.8,53.1,0.0
Maharashtra - South District 1660,6419,286.2,31.0,28.6,Maize,30.0,78.96,4018.5,74.77,505.1,100.0,113.2,56.3,27.7
Andhra Pradesh - Valley District 1661,22992,1431.5,32.0,26.3,Wheat,38.6,243.02,4746.9,78.52,1930.6,52.9,115.2,58.0,18.1
Uttarakhand - Rural District 1662,42052,703.1,46.6,26.7,Rice,59.8,142.8,8764.9,97.65,2585.0,75.6,113.6,73.6,0.0
Nagaland - Delta District 1663,9570,935.1,41.7,27.3,Maize,30.0,85.21,3856.4,67.88,624.8,80.6,110.2,64.4,38.4
Meghalaya - Rural District 1664,15182,949.6,74.9,19.9,Maize,30.0,192.87,3023.3,72.62,638.3,59.7,93.9,46.7,33.7
Sikkim - Delta District 1665,41896,1033.6,62.9,23.4,Rice,55.7,348.48,6802.9,123.01,2105.0,51.7,93.4,53.5,28.9
Odisha - Plains District 1666,30680,1070.2,47.9,20.9,Maize,30.0,160.31,3740.5,82.19,514.0,62.2,133.4,58.9,15.6
Gujarat - Urban District 1667,13667,1313.7,37.2,25.2,Rice,30.0,237.92,3607.0,62.04,1157.8,35.6,114.9,34.6,29.6
Tamil Nadu - Plateau District 1668,83805,639.1,43.0,26.7,Pulses,67.1,13.42,3272.4,31.6,2004.8,72.8,112.7,46.9,0.0
Jharkhand - East District 1669,9049,642.7,72.5,28.4,Rice,30.0,184.91,4100.1,83.78,1331.6,68.9,87.4,43.1,46.9
Assam - Delta District 1670,10408,1141.5,74.4,18.8,Maize,30.0,185.8,3013.9,102.95,580.1,67.8,98.2,76.6,49.7
Chhattisgarh - Central District 1671,22534,923.0,80.6,25.7,Wheat,41.7,168.26,4267.3,64.34,2033.9,67.2,114.5,30.1,30.0
Uttar Pradesh - Delta District 1672,43156,919.2,55.2,26.0,Rice,100.6,537.35,12459.4,199.46,3774.7,67.1,107.1,71.0,10.9
Assam - East District 1673,7621,1354.1,61.7,28.7,Wheat,30.0,124.25,2753.1,49.66,1389.1,57.8,95.9,26.6,49.1
Rajasthan - North District 1674,122040,918.3,79.6,26.8,Rice,100.4,409.19,11388.8,256.21,3790.2,67.7,105.3,75.9,0.0
Assam - Plains District 1675,36191,1263.6,49.1,30.7,Wheat,47.9,220.79,4899.6,72.38,2213.8,54.8,86.1,79.2,30.4
Bihar - Plateau District 1676,5814,1676.0,53.1,22.7,Rice,30.0,235.11,4258.8,66.68,1066.1,52.8,104.6,67.7,64.0
Chhattisgarh - Plateau District 1677,8721,200.0,74.8,25.8,Maize,30.0,113.99,2864.0,70.47,554.7,100.0,119.0,40.2,41.6
Ladakh - Coastal District 1678,24396,1374.1,57.1,22.8,Wheat,47.8,317.26,4949.0,56.89,2235.3,62.0,110.4,61.0,36.9
Bihar - South District 1679,15114,438.5,40.5,32.6,Maize,30.0,74.2,3828.0,57.77,675.5,100.0,107.9,42.9,16.8
Tripura - Valley District 1680,16666,428.2,46.9,20.0,Maize,30.0,74.32,4353.7,63.04,531.2,100.0,112.2,68.3,25.9
Nagaland - Urban District 1681,56647,667.4,57.0,24.7,Rice,116.7,337.63,15966.6,176.86,4407.4,77.1,107.4,58.1,0.0
Maharashtra - Central District 1682,68089,623.6,51.4,27.4,Maize,91.3,352.25,11764.4,257.69,1888.3,75.9,114.9,76.9,0.0
Madhya Pradesh - South District 1683,29166,1514.8,56.1,29.8,Rice,61.1,505.28,7156.5,173.53,2487.8,49.5,100.1,49.3,42.6
Madhya Pradesh - East District 1684,17969,1290.2,70.4,23.1,Rice,31.3,193.07,3887.4,76.9,1277.1,43.1,106.9,60.5,39.9
Andhra Pradesh - South District 1685,17072,907.8,45.2,22.1,Wheat,36.8,142.51,3866.6,47.37,1690.4,68.7,97.3,42.5,29.8
Arunachal Pradesh - Hills District 1686,18316,998.6,76.1,28.1,Wheat,33.7,151.38,3468.4,52.49,1726.3,56.2,101.5,40.1,39.7
Uttarakhand - West District 1687,188650,832.1,80.9,22.7,Rice,272.0,1204.44,32746.2,501.55,10940.5,75.0,115.9,65.0,0.0
Chhattisgarh - Delta District 1688,22100,1167.7,73.5,24.4,Wheat,48.8,219.29,4213.5,62.43,2521.5,58.8,107.6,42.2,32.6
Manipur - Plains District 1689,20352,424.2,62.0,22.8,Wheat,32.7,85.76,3097.2,44.04,1561.2,82.2,104.0,35.0,25.9
Nagaland - Rural District 1690,31322,772.8,76.5,24.8,Pulses,47.7,94.36,2207.3,29.57,1268.2,63.2,100.5,60.0,24.8
Ladakh - Plains District 1691,45973,532.7,45.5,34.8,Maize,30.0,98.49,3418.8,74.59,534.2,88.7,100.1,74.5,0.0
Himachal Pradesh - Coastal District 1692,23202,1012.6,46.9,27.7,Wheat,36.8,149.74,3452.9,57.78,1985.1,54.8,102.1,44.0,29.6
Jharkhand - Urban District 1693,38904,1280.8,64.1,20.6,Wheat,91.2,588.17,7856.7,186.74,4430.3,43.7,102.7,46.9,0.0
West Bengal - East District 1694,37326,1267.5,64.7,25.5,Wheat,65.2,316.03,6786.5,89.64,3041.4,54.1,106.9,37.8,25.9
Puducherry - Hills District 1695,26061,1254.3,47.2,25.2,Wheat,30.0,129.88,3267.8,48.37,1617.3,58.9,116.8,66.6,13.4
Nagaland - North District 1696,21968,995.2,53.7,29.2,Rice,39.5,151.62,5827.8,68.32,1511.0,69.3,98.2,60.7,10.7
West Bengal - Coastal District 1697,15626,1199.4,32.4,24.4,Wheat,30.0,215.51,3599.4,49.6,1673.3,55.1,94.7,30.7,35.4
Telangana - Central District 1698,4551,1071.9,75.5,26.3,Maize,30.0,215.79,2987.8,100.85,652.9,57.3,107.4,60.2,57.0
Kerala - West District 1699,42173,596.1,61.6,25.2,Wheat,55.3,189.17,6185.3,63.66,2628.4,85.2,95.2,48.3,22.0
Puducherry - Coastal District 1700,4636,708.6,50.7,28.0,Wheat,30.0,67.06,3598.2,44.65,1512.1,77.8,101.6,50.9,35.6
Nagaland - South District 1701,9085,1755.8,54.0,28.8,Rice,30.0,206.92,3520.7,52.6,1234.9,34.7,113.8,56.3,39.7
Ladakh - Delta District 1702,45483,946.3,63.7,29.3,Rice,69.3,405.87,8774.0,133.04,2581.3,60.2,109.0,73.6,22.1
Nagaland - South District 1703,54863,1608.7,100.0,29.1,Maize,59.1,468.85,4151.6,152.36,1174.7,41.6,95.0,46.7,10.7
Uttar Pradesh - South District 1704,10629,808.6,71.2,29.4,Wheat,30.0,116.16,2707.7,46.24,1461.6,59.6,115.4,58.6,35.0
Maharashtra - Plains District 1705,17729,1406.3,58.6,28.6,Maize,34.6,250.38,3702.0,94.07,770.1,52.9,118.5,48.0,34.9
West Bengal - West District 1706,15120,1155.9,50.8,21.5,Maize,35.8,240.95,3792.7,129.05,792.8,49.2,102.3,47.0,35.1
Himachal Pradesh - Coastal District 1707,26887,1023.5,79.0,25.6,Pulses,55.4,103.5,2122.8,42.1,1733.1,61.3,98.4,77.3,34.9
Kerala - West District 1708,10935,1269.6,37.1,30.7,Rice,30.0,167.43,4222.5,73.91,1248.6,61.6,115.8,18.6,38.0
Maharashtra - Hills District 1709,15581,1454.1,28.2,21.1,Maize,30.0,181.33,4479.4,98.21,545.5,62.4,84.8,61.4,28.8
Assam - South District 1710,22390,1709.2,62.3,21.8,Pulses,51.3,171.01,2320.5,41.32,1567.7,45.5,94.8,39.1,31.2
Uttarakhand - Central District 1711,25100,1121.8,33.7,24.5,Rice,34.7,181.28,6498.8,67.01,1216.3,65.9,103.5,62.9,25.0
Jharkhand - Central District 1712,28762,1421.7,40.5,29.9,Rice,53.5,285.31,8756.3,124.94,1966.3,38.4,109.4,48.5,21.2
West Bengal - West District 1713,19208,1081.5,87.8,26.8,Maize,33.1,237.59,3451.6,130.08,683.7,62.4,127.7,41.6,17.6
Rajasthan - Urban District 1714,44429,1548.3,55.0,26.7,Wheat,30.0,232.68,2906.3,50.33,1529.4,53.6,99.4,52.7,20.2
Kerala - North District 1715,33036,630.3,61.6,29.7,Rice,47.4,195.72,6611.5,110.71,1670.3,74.0,107.0,58.6,17.1
Tamil Nadu - West District 1716,24006,1089.1,47.5,24.6,Wheat,39.2,234.44,4718.8,56.52,2071.3,55.5,122.9,49.3,23.3
Himachal Pradesh - Urban District 1717,9278,1091.8,46.6,29.2,Wheat,30.0,128.27,3200.1,38.95,1531.6,50.6,97.9,44.2,65.6
Madhya Pradesh - West District 1718,41346,1671.3,55.4,29.8,Wheat,49.6,348.29,4698.0,90.17,2709.9,47.9,112.3,54.7,31.7
Odisha - Coastal District 1719,110443,1299.3,31.5,25.7,Wheat,188.5,1047.41,22478.7,227.98,9485.0,50.7,108.2,50.3,0.0
Nagaland - Urban District 1720,17739,1851.0,61.2,26.1,Rice,30.0,277.09,4739.1,74.01,1172.3,32.7,101.4,42.5,26.9
Jammu & Kashmir - West District 1721,63703,833.6,74.9,30.1,Wheat,135.4,696.14,11823.0,207.34,7078.9,56.1,112.1,51.3,0.0
Himachal Pradesh - East District 1722,53634,904.5,68.7,31.9,Rice,87.9,409.16,12174.5,161.0,3574.7,67.9,96.6,41.5,12.0
Jharkhand - Delta District 1723,27650,1272.7,47.5,28.4,Maize,34.8,281.94,5032.2,123.74,704.5,54.9,112.8,25.5,28.8
Jharkhand - Valley District 1724,95555,1136.3,86.5,24.8,Pulses,48.1,128.07,2057.3,31.35,1480.1,60.3,120.5,61.7,0.0
Bihar - Delta District 1725,30058,1028.0,40.1,27.1,Maize,62.2,315.87,8065.8,105.58,1195.8,50.4,99.0,38.9,19.3
Jharkhand - East District 1726,14571,1095.0,72.9,22.6,Wheat,30.0,130.06,3213.5,33.02,1447.8,78.3,102.2,34.6,29.4
Odisha - East District 1727,128041,810.8,52.0,28.4,Rice,235.3,1071.59,29859.9,369.8,9053.2,75.8,107.8,62.6,0.0
Rajasthan - Central District 1728,26892,1156.0,53.9,25.1,Maize,50.4,328.51,6726.2,173.6,943.6,64.4,108.5,39.7,19.4
Jharkhand - East District 1729,34519,735.9,44.5,34.0,Pulses,84.8,109.23,4014.2,56.22,2804.8,99.2,109.7,45.9,3.8
Uttarakhand - Central District 1730,14112,1440.1,61.3,24.8,Maize,30.0,225.77,3543.9,106.31,545.1,45.1,110.4,55.9,30.3
West Bengal - Plains District 1731,8078,969.5,48.0,23.9,Maize,30.0,163.15,3984.6,77.03,628.3,49.7,98.9,53.6,52.8
Uttar Pradesh - East District 1732,29811,1169.5,66.0,22.8,Wheat,34.6,130.16,3174.1,43.38,1731.6,54.9,129.2,72.7,24.4
Uttarakhand - Plains District 1733,11015,1457.7,49.9,25.7,Rice,30.0,200.49,3672.2,62.14,1160.3,50.2,116.4,45.9,55.7
Nagaland - Hills District 1734,37176,985.2,28.3,24.5,Rice,51.8,254.1,9023.1,114.1,2410.1,55.2,100.4,52.9,1.1
Gujarat - North District 1735,47231,1027.6,48.2,22.9,Maize,65.2,307.0,7349.6,177.35,1296.3,60.8,101.6,76.6,19.2
Jharkhand - Plains District 1736,8024,825.8,73.7,30.8,Rice,30.0,139.78,3281.4,54.17,1310.2,75.0,81.8,38.8,49.7
Uttarakhand - Plains District 1737,46197,977.1,78.3,27.4,Wheat,56.7,268.68,5172.7,100.52,2873.0,61.7,91.0,32.9,14.9
West Bengal - Coastal District 1738,25353,1137.5,66.8,22.6,Rice,50.8,260.96,6300.1,63.82,1742.3,42.3,94.2,69.2,43.2
Jammu & Kashmir - Central District 1739,22653,1670.8,61.0,23.5,Maize,30.0,261.19,3609.9,115.18,598.1,46.7,104.0,50.2,26.7
Uttar Pradesh - Central District 1740,12412,1879.3,69.8,26.8,Rice,30.0,242.98,4466.3,76.53,1242.0,33.9,95.5,46.8,20.8
Arunachal Pradesh - Hills District 1741,69936,1540.5,48.5,31.3,Maize,133.1,1300.32,18015.8,408.26,2712.7,38.4,107.4,61.2,0.0
Jammu & Kashmir - Plains District 1742,63273,1278.1,77.0,29.2,Wheat,106.7,683.67,9445.1,126.31,5861.1,38.6,114.2,62.1,0.0
Tripura - South District 1743,42624,886.0,52.8,28.6,Pulses,98.1,169.21,4752.1,63.81,3114.3,78.5,95.3,43.1,22.3
Ladakh - South District 1744,30252,1688.3,45.6,26.0,Maize,51.0,412.22,7106.2,150.13,1056.4,55.7,92.5,14.2,0.8
Arunachal Pradesh - West District 1745,24514,499.9,76.7,25.3,Pulses,45.3,29.4,2024.0,26.99,1397.5,88.8,93.4,45.4,19.7
Kerala - Hills District 1746,15854,1589.7,59.1,22.7,Pulses,30.0,93.68,1522.6,21.2,905.8,34.8,94.3,31.1,16.2
Chhattisgarh - East District 1747,58061,1521.7,74.8,22.6,Rice,50.3,375.25,6445.4,95.25,1957.5,47.9,105.2,64.5,14.6
Tripura - Plateau District 1748,60431,1101.7,52.7,25.6,Wheat,99.5,550.88,10474.4,148.44,4925.1,59.4,100.3,54.0,7.8
Uttarakhand - West District 1749,38453,864.9,79.9,32.2,Rice,68.5,430.73,8826.7,155.17,2461.9,61.3,120.5,46.9,8.5
Rajasthan - Plateau District 1750,13799,590.3,48.1,23.9,Wheat,30.0,87.63,3394.1,49.72,1499.0,88.0,100.4,36.2,24.7
Jharkhand - Coastal District 1751,18559,942.2,55.3,33.2,Rice,30.0,165.45,4443.2,68.02,1131.5,61.5,107.2,58.0,44.6
Assam - South District 1752,149089,1076.1,48.1,24.9,Pulses,207.6,572.56,10686.4,165.4,6082.7,78.2,120.8,59.4,0.0
Uttarakhand - Plateau District 1753,24700,1342.7,69.1,18.6,Wheat,41.5,158.77,4266.8,64.18,1999.6,49.6,105.8,34.3,45.8
Tamil Nadu - Delta District 1754,33275,884.9,60.6,25.9,Wheat,39.3,199.67,3813.3,38.9,2131.6,64.3,111.5,41.3,23.8
Gujarat - Delta District 1755,24535,1032.5,66.5,24.3,Rice,48.6,317.81,6165.6,117.32,1770.5,44.5,107.2,54.6,47.2
Madhya Pradesh - Plains District 1756,11862,624.9,44.7,28.3,Pulses,30.0,48.55,1365.7,22.52,1014.7,83.8,100.8,68.8,29.4
Assam - Plateau District 1757,12075,701.7,57.7,30.7,Rice,30.0,139.69,4674.0,53.38,1276.2,84.9,121.5,43.5,43.4
Karnataka - Hills District 1758,26298,870.2,46.5,23.5,Wheat,40.4,152.46,4573.1,67.22,2141.0,65.5,116.9,42.7,46.2
Odisha - Plains District 1759,19327,1130.2,67.0,24.7,Rice,37.3,230.92,4802.1,77.83,1524.7,54.1,117.7,54.1,45.8
Punjab - Coastal District 1760,11823,1339.4,45.9,26.2,Pulses,30.0,111.9,1320.7,24.01,862.9,39.3,98.5,40.8,45.1
Nagaland - Central District 1761,13998,1613.7,54.1,32.5,Pulses,30.0,81.52,1391.6,20.97,882.6,31.4,118.0,41.9,34.6
Meghalaya - West District 1762,16369,1501.2,78.3,26.4,Wheat,30.0,216.91,2539.1,67.79,1561.5,48.8,97.0,46.9,35.3
Delhi - West District 1763,55741,1358.0,52.3,24.3,Rice,121.2,954.14,16792.3,243.93,4638.0,48.3,96.7,58.2,24.6
West Bengal - North District 1764,15421,1022.6,49.4,25.8,Wheat,30.8,111.6,3149.3,42.38,1439.1,68.3,103.3,48.8,42.5
Bihar - Central District 1765,32174,210.2,71.1,20.9,Wheat,30.6,64.68,3059.5,35.12,1429.0,88.1,94.2,60.5,8.8
Uttar Pradesh - Valley District 1766,8231,1414.7,58.3,26.0,Rice,30.0,139.88,4214.8,66.08,1147.6,47.6,97.5,58.1,39.9
Bihar - South District 1767,38696,1525.0,55.8,19.1,Wheat,84.6,455.17,8259.3,153.94,4105.9,41.2,122.6,65.9,32.6
Maharashtra - Valley District 1768,21223,1498.2,24.6,31.4,Wheat,37.3,195.25,4196.0,46.86,1893.3,44.5,101.2,37.9,20.9
Sikkim - Coastal District 1769,14752,673.6,69.9,33.7,Rice,30.0,129.59,3916.1,62.53,1303.3,72.7,103.7,59.3,38.7
Telangana - Hills District 1770,79508,1593.7,81.5,16.5,Maize,85.1,878.84,7421.4,249.61,1634.7,48.4,113.3,62.1,0.0
Uttar Pradesh - Coastal District 1771,26492,1436.1,73.7,23.5,Pulses,31.8,79.67,1170.9,23.78,944.3,43.8,122.6,74.2,33.9
Gujarat - East District 1772,25864,854.6,55.0,30.0,Pulses,36.6,52.27,1580.6,22.54,1101.3,73.4,103.1,44.5,50.3
Himachal Pradesh - Central District 1773,30817,1043.0,62.8,25.0,Maize,47.4,319.42,5872.1,141.19,974.6,77.5,102.2,63.4,31.1
Telangana - West District 1774,56901,963.1,76.4,21.2,Rice,92.9,558.18,11551.3,184.35,4056.6,65.2,91.8,46.1,1.3
Puducherry - West District 1775,18046,809.0,55.2,21.4,Maize,30.0,141.88,3472.7,85.14,624.8,82.4,116.8,30.2,34.0
Uttar Pradesh - East District 1776,13392,1110.8,73.5,28.5,Rice,30.8,158.08,3692.1,63.43,1199.4,47.2,103.1,64.1,20.1
Punjab - East District 1777,11668,1616.4,76.5,24.6,Wheat,30.0,199.18,3068.7,53.9,1458.1,30.9,113.6,49.3,48.4
Madhya Pradesh - East District 1778,15198,631.8,28.0,23.6,Rice,30.0,84.55,4867.4,57.19,1215.3,93.6,96.8,50.5,39.0
Ladakh - Valley District 1779,37979,1317.5,49.0,30.9,Wheat,52.0,331.09,5719.7,91.93,2513.3,62.1,101.8,52.3,7.3
Jharkhand - Coastal District 1780,22300,1034.8,72.9,24.5,Rice,38.4,179.68,4809.9,70.82,1417.3,55.5,93.8,47.5,28.9
Manipur - West District 1781,247596,698.9,47.7,23.5,Wheat,472.2,1420.14,51729.6,716.3,20601.7,81.9,108.2,94.6,0.0
Rajasthan - Plains District 1782,12606,1249.8,89.9,30.6,Wheat,30.0,213.73,2451.3,47.2,1443.0,38.6,105.9,63.6,32.6
Haryana - Rural District 1783,15769,1221.3,70.6,29.0,Rice,30.0,160.96,3754.0,66.82,1239.0,59.7,94.8,20.4,52.2
Tripura - Hills District 1784,22245,1362.9,66.7,20.3,Wheat,34.9,197.78,3264.9,58.86,1662.1,48.3,101.6,22.5,19.8
Haryana - Plains District 1785,22271,1119.7,34.5,25.8,Maize,30.0,153.03,4073.3,82.89,643.0,62.5,109.2,33.0,15.7
Sikkim - North District 1786,42860,1196.8,59.8,26.3,Maize,58.8,344.63,7677.5,176.75,1123.5,50.2,111.7,61.7,10.0
Manipur - Rural District 1787,10460,1351.7,65.5,33.5,Pulses,30.0,87.48,1235.2,22.18,878.9,39.2,93.2,19.7,52.4
Uttarakhand - Coastal District 1788,41883,1276.5,79.5,23.0,Rice,58.6,273.67,6822.2,119.91,2452.5,50.9,113.9,43.0,18.0
Puducherry - West District 1789,99446,1046.6,53.0,32.4,Wheat,161.1,838.51,15914.9,204.15,7974.1,64.4,99.7,56.1,0.0
Madhya Pradesh - Plateau District 1790,18280,971.2,70.6,26.1,Wheat,30.0,135.55,2647.1,56.67,1579.2,73.4,89.3,44.8,44.6
Manipur - Valley District 1791,36798,1323.5,48.5,24.6,Rice,57.6,287.65,8068.7,141.17,2460.7,52.6,108.7,46.8,44.6
Karnataka - Valley District 1792,7977,743.0,24.9,29.2,Rice,30.0,88.52,4443.0,43.66,1149.4,93.9,94.9,52.1,42.7
Andhra Pradesh - East District 1793,48774,1433.6,77.1,25.9,Maize,73.1,603.14,8587.9,249.87,1607.8,55.8,110.2,40.8,0.0
Haryana - Plains District 1794,12276,804.3,56.6,25.9,Wheat,30.0,145.41,2944.0,48.91,1527.0,63.0,117.5,54.3,31.2
Ladakh - Urban District 1795,55843,1364.5,56.0,27.4,Wheat,101.0,569.24,10379.9,196.22,5061.4,37.9,111.8,33.0,5.9
Arunachal Pradesh - Hills District 1796,12684,1629.2,40.8,27.8,Wheat,30.0,236.44,3154.6,53.03,1363.7,53.0,112.1,60.1,44.2
Kerala - North District 1797,6449,538.4,55.1,24.4,Rice,30.0,56.14,4252.0,45.29,1099.1,76.5,99.1,76.5,49.2
Madhya Pradesh - Urban District 1798,21327,551.0,84.0,27.1,Rice,30.0,104.24,2962.9,49.42,1247.0,82.9,94.9,72.7,46.7
Kerala - West District 1799,17527,956.3,56.9,17.9,Maize,51.5,263.96,5239.1,178.37,1119.7,69.4,97.3,57.9,39.3
Karnataka - Central District 1800,32384,567.3,80.4,30.5,Maize,55.6,215.51,6258.5,139.04,1189.5,75.2,94.3,53.6,9.0
Jammu & Kashmir - Rural District 1801,30021,939.1,56.8,30.1,Wheat,64.0,277.98,8137.0,99.05,3027.0,69.2,94.3,47.1,24.2
Tamil Nadu - Central District 1802,43495,1325.9,59.9,29.0,Rice,79.6,538.75,10050.2,157.03,3379.2,52.0,129.4,70.4,8.5
Jharkhand - West District 1803,16021,644.0,83.0,31.5,Pulses,32.5,51.19,1102.9,17.92,909.9,79.0,88.7,23.9,45.0
Ladakh - Plains District 1804,28393,1049.2,57.7,25.5,Maize,56.6,369.37,8154.2,169.33,1162.3,59.8,99.8,38.1,19.1
Delhi - Central District 1805,29555,1394.3,73.9,24.5,Rice,41.1,307.91,5278.8,105.18,1693.8,54.2,114.4,48.8,45.6
Ladakh - Plateau District 1806,23964,1126.3,63.2,33.4,Rice,30.0,181.18,3887.1,71.49,1117.6,80.3,118.5,17.7,34.2
Punjab - Hills District 1807,14478,648.7,48.6,24.2,Pulses,30.0,6.0,1513.5,17.76,1008.6,82.0,94.3,45.2,51.7
Punjab - North District 1808,8787,1944.5,73.6,30.7,Pulses,30.0,158.2,1226.3,21.95,932.0,26.2,111.8,32.0,34.3
West Bengal - Plateau District 1809,12606,613.1,78.7,25.0,Wheat,30.0,80.47,2689.3,39.56,1534.1,72.3,106.5,25.9,14.3
Assam - Central District 1810,24373,1175.5,47.1,35.9,Pulses,30.7,74.59,1542.3,23.98,962.8,57.2,130.8,26.2,25.3
Madhya Pradesh - East District 1811,49423,960.0,59.8,28.7,Pulses,77.4,192.63,3192.2,53.8,2344.6,53.7,99.4,52.1,4.6
Goa - South District 1812,38368,1647.7,60.3,31.7,Maize,66.1,645.95,8130.5,253.6,1243.6,36.0,108.6,38.1,6.9
Assam - Plateau District 1813,35270,1404.0,56.6,29.4,Pulses,47.2,147.65,2085.6,35.07,1378.5,58.3,95.0,53.6,18.9
Puducherry - Rural District 1814,29468,1051.6,57.2,25.8,Rice,58.8,304.88,7562.7,107.6,2464.0,59.3,101.7,61.3,41.3
Jammu & Kashmir - Central District 1815,45161,1644.2,68.9,25.0,Wheat,44.5,368.46,4026.2,90.62,2220.8,40.7,120.9,59.6,6.9
Meghalaya - Valley District 1816,32126,1073.2,62.6,30.2,Maize,30.6,201.64,3412.8,72.53,629.5,66.1,113.0,54.7,21.6
Goa - Delta District 1817,47744,1838.7,50.9,23.2,Maize,87.1,899.27,11594.4,303.65,2003.1,24.0,96.3,31.8,18.9
Delhi - Urban District 1818,5984,1582.4,19.9,26.3,Wheat,30.0,149.7,3778.3,52.29,1487.5,41.5,125.3,55.8,46.1
Puducherry - Plateau District 1819,5510,891.0,74.0,32.6,Rice,30.0,134.61,3900.5,67.72,1324.8,57.5,107.3,51.9,50.2
Andhra Pradesh - Coastal District 1820,51933,962.5,86.3,29.1,Wheat,98.0,501.43,8176.8,179.59,4608.3,68.8,110.6,51.7,11.5
Rajasthan - Central District 1821,100637,978.9,45.7,29.5,Rice,159.0,1045.29,21141.8,333.83,6600.3,87.4,104.4,49.9,0.0
Chhattisgarh - Plains District 1822,28579,1492.6,61.5,28.9,Wheat,38.2,228.3,3374.8,62.44,2040.8,46.5,88.4,57.6,35.0
Puducherry - Urban District 1823,36777,964.4,60.6,29.7,Rice,63.8,302.74,8912.1,117.13,2924.8,65.9,116.4,42.5,31.9
Delhi - Valley District 1824,14016,1063.8,55.1,26.6,Rice,30.0,173.35,3561.5,66.0,1308.8,58.4,107.2,24.3,30.8
Andhra Pradesh - Hills District 1825,71563,1165.3,71.1,30.0,Rice,83.5,466.41,11168.5,174.31,3318.4,43.1,114.6,64.8,1.1
Karnataka - Urban District 1826,12401,1460.4,64.3,31.6,Wheat,30.0,241.93,3500.9,40.93,1555.0,52.5,98.8,52.4,12.7
Himachal Pradesh - Coastal District 1827,22484,1026.0,60.0,25.0,Wheat,32.3,159.46,3220.1,47.65,1716.0,54.3,113.8,34.0,49.0
Ladakh - Delta District 1828,20868,1127.6,50.8,29.6,Pulses,30.0,108.81,1392.6,14.23,831.1,48.9,102.1,62.4,39.6
Rajasthan - Central District 1829,26565,1693.9,57.1,33.0,Pulses,30.8,112.6,1452.8,17.32,922.2,45.9,112.5,28.7,16.1
Telangana - Plains District 1830,60431,1197.6,60.6,23.2,Pulses,107.8,145.68,4118.7,71.07,3424.9,70.8,107.8,42.5,0.0
Jammu & Kashmir - Coastal District 1831,42523,519.1,64.0,28.2,Rice,45.0,189.66,5624.2,95.56,1667.9,78.0,97.1,52.4,18.1
Sikkim - South District 1832,82789,1108.2,82.6,29.3,Wheat,125.8,644.4,11342.2,220.39,5893.9,56.8,89.8,55.8,0.0
Tripura - Plains District 1833,13962,425.6,52.4,27.3,Maize,30.0,133.69,3191.4,76.18,619.4,79.3,106.6,49.8,37.0
Punjab - Plateau District 1834,87864,855.7,52.2,28.8,Rice,141.9,469.18,17284.4,289.76,5722.6,67.6,102.1,58.9,0.0
Nagaland - Central District 1835,16320,633.5,80.7,28.8,Wheat,34.7,134.82,3159.8,49.69,1736.8,75.7,99.7,53.9,44.8
Gujarat - Central District 1836,26101,609.3,51.8,29.9,Wheat,41.9,107.52,4663.7,52.21,2116.3,80.8,124.1,59.7,17.2
Goa - Central District 1837,14803,372.8,40.4,24.1,Maize,30.0,96.38,3294.0,83.67,580.1,69.1,101.7,32.8,46.7
West Bengal - West District 1838,5842,652.0,70.7,25.4,Pulses,30.0,29.01,1103.6,20.35,857.1,77.9,96.5,59.9,47.6
Telangana - Delta District 1839,41313,1335.6,54.7,31.0,Rice,30.0,217.98,3459.7,79.38,1133.1,46.6,98.4,58.1,13.2
Andhra Pradesh - East District 1840,18897,1347.7,64.4,20.6,Pulses,30.0,67.47,1232.9,24.79,920.3,47.9,106.5,46.3,48.2
Delhi - Valley District 1841,29437,1113.6,71.7,31.2,Wheat,31.2,180.37,2807.8,45.06,1641.9,57.4,101.4,72.8,11.1
Nagaland - Hills District 1842,24019,1420.5,65.4,28.5,Maize,37.0,300.16,4992.9,113.77,634.7,39.6,101.3,48.1,29.2
Tripura - Central District 1843,12050,1253.7,80.9,29.4,Wheat,30.0,172.99,2779.1,50.06,1438.1,50.0,90.6,40.7,43.8
Telangana - Plains District 1844,15986,595.2,89.8,31.0,Wheat,30.4,93.32,2807.2,24.22,1422.7,82.3,124.8,54.4,17.1
Bihar - Plateau District 1845,49822,1037.3,55.0,22.7,Maize,33.0,147.7,3726.1,68.65,670.0,63.6,104.3,55.0,15.0
Chhattisgarh - Valley District 1846,8918,1023.4,73.9,20.1,Rice,30.0,125.86,3203.9,71.59,1309.0,74.6,98.6,37.4,44.6
Nagaland - Plateau District 1847,52174,1009.7,70.3,27.8,Pulses,116.2,149.92,4891.2,83.76,3483.8,75.4,100.1,42.4,0.0
Jammu & Kashmir - South District 1848,11525,1056.5,88.4,28.3,Maize,30.0,178.18,2710.6,80.76,627.3,62.3,104.6,60.6,48.9
Chhattisgarh - Plains District 1849,9033,752.6,33.2,21.3,Rice,30.0,100.3,5070.9,56.73,1178.1,76.6,112.3,39.3,39.9
Manipur - West District 1850,15690,1253.5,52.8,26.6,Wheat,44.3,192.45,5274.1,63.66,1987.9,58.9,112.1,45.4,22.0
Bihar - Plains District 1851,28859,942.6,68.4,26.5,Rice,40.3,225.45,5088.9,107.42,1541.5,53.0,108.9,59.1,7.7
Bihar - Hills District 1852,26921,1164.7,27.9,26.8,Rice,45.5,176.24,8496.8,96.08,1978.3,61.8,98.6,44.9,39.3
Gujarat - South District 1853,21906,1347.0,29.9,18.0,Maize,34.4,265.5,4503.6,113.65,728.0,65.6,85.4,32.6,37.9
Delhi - Plains District 1854,70212,1563.6,56.6,27.4,Rice,114.5,794.47,15670.3,280.45,4501.2,44.9,101.1,68.8,0.0
Madhya Pradesh - East District 1855,173453,1156.6,40.5,28.5,Rice,332.5,2041.19,52158.5,634.64,14167.8,63.5,117.9,88.2,0.0
Tripura - Urban District 1856,166541,802.6,56.7,29.6,Wheat,278.2,795.55,27152.4,391.26,15237.2,83.9,101.5,77.2,0.0
Gujarat - Coastal District 1857,103843,1318.8,61.8,21.2,Maize,106.0,863.7,11237.2,386.89,2411.6,52.5,107.7,84.7,0.0
Maharashtra - Valley District 1858,83085,1683.0,86.1,34.0,Pulses,156.6,623.74,6464.2,130.67,5095.2,36.9,100.5,57.6,0.0
Karnataka - Urban District 1859,22001,1262.8,46.2,23.2,Maize,30.0,178.88,3804.2,92.69,602.5,62.2,92.4,42.7,9.3
Rajasthan - Central District 1860,44354,1268.6,50.3,21.2,Maize,54.4,288.8,7767.7,143.35,1139.8,67.6,100.5,58.4,17.5
Jammu & Kashmir - Plains District 1861,36891,1248.5,51.7,27.0,Wheat,55.2,281.88,6305.8,88.55,2886.8,53.4,95.7,44.9,11.2
Goa - Urban District 1862,33717,1004.4,37.7,24.3,Rice,49.7,300.49,7443.0,120.04,2040.4,48.9,113.7,32.5,25.4
Uttarakhand - South District 1863,50787,1655.2,58.4,26.0,Rice,30.3,295.26,3630.6,79.09,1277.0,31.7,108.0,51.4,9.9
Madhya Pradesh - Coastal District 1864,48755,737.9,62.8,25.9,Rice,101.6,537.84,11847.5,203.91,4517.7,75.2,106.1,55.2,14.1
Jharkhand - Valley District 1865,16077,1226.5,19.5,26.6,Maize,30.0,200.3,4264.7,79.62,633.1,67.9,112.5,42.8,48.2
Uttar Pradesh - Plains District 1866,7827,1363.2,42.9,20.0,Wheat,30.0,176.33,3189.0,54.99,1400.8,42.2,94.7,44.7,33.5
Jharkhand - Coastal District 1867,62003,1159.7,100.0,27.7,Maize,47.3,338.87,4195.4,147.34,917.2,74.4,110.6,76.1,2.8
Tamil Nadu - Delta District 1868,28926,1087.8,86.7,29.4,Wheat,43.6,215.59,3674.6,60.97,2204.4,54.5,122.1,75.3,28.3
Kerala - West District 1869,26480,1150.8,69.4,22.6,Wheat,40.1,176.98,3667.5,52.47,1983.0,43.4,120.2,53.4,29.5
Uttar Pradesh - East District 1870,20727,1055.7,69.2,23.6,Wheat,30.0,136.65,3265.9,43.41,1342.1,56.9,105.6,42.0,27.6
Assam - Coastal District 1871,15582,918.4,76.9,31.1,Rice,30.0,175.24,3657.4,73.0,1158.7,42.4,109.5,51.0,39.4
Punjab - Coastal District 1872,10785,680.4,53.2,23.6,Pulses,30.0,43.19,1452.9,16.27,842.9,90.8,104.5,67.7,38.8
Jammu & Kashmir - Delta District 1873,11503,1390.8,62.7,29.3,Rice,30.0,184.19,4221.1,65.58,1198.3,60.9,104.8,35.8,27.7
Bihar - Plains District 1874,74418,549.1,60.5,25.6,Pulses,81.0,31.75,3715.9,49.38,2156.7,80.8,101.5,54.7,2.9
Puducherry - Coastal District 1875,40544,382.1,45.3,25.8,Rice,65.6,153.97,9744.4,119.42,2409.8,90.4,87.6,67.3,21.9
Gujarat - Plains District 1876,12123,941.2,52.1,29.1,Wheat,30.0,109.79,3595.9,46.19,1539.5,59.9,102.6,53.7,44.1
Manipur - West District 1877,55578,1297.6,68.0,28.5,Wheat,83.1,548.85,9150.0,166.3,4276.6,55.9,115.1,69.2,0.0
Himachal Pradesh - West District 1878,65983,1327.3,54.4,26.0,Maize,108.4,778.42,13409.6,355.5,2180.5,56.1,95.7,43.1,12.5
Tamil Nadu - West District 1879,19511,1034.9,71.1,25.1,Wheat,30.0,162.61,2946.7,53.24,1565.9,67.7,114.1,41.8,33.2
Madhya Pradesh - Central District 1880,28239,938.3,66.2,16.6,Rice,58.2,352.67,7030.3,114.83,2285.9,76.3,85.9,50.3,25.7
Chhattisgarh - Urban District 1881,19959,934.1,78.3,33.7,Rice,30.5,149.36,3180.7,69.94,1167.7,72.4,114.3,59.2,23.5
Meghalaya - Urban District 1882,26416,1353.0,65.2,27.0,Wheat,30.0,194.59,2933.6,41.09,1485.7,43.4,101.7,53.7,5.4
Rajasthan - South District 1883,15195,965.3,70.5,28.3,Wheat,30.0,144.39,2764.3,57.37,1570.9,75.9,101.0,30.2,34.7
Goa - North District 1884,14001,1564.3,70.2,26.9,Maize,30.0,293.07,3428.9,101.04,582.5,54.1,95.4,40.2,49.6
Maharashtra - East District 1885,100090,841.6,63.6,24.3,Wheat,132.2,583.88,14797.9,198.0,6550.4,71.1,91.8,86.5,0.0
Maharashtra - Coastal District 1886,11388,1489.1,63.3,18.0,Wheat,30.0,194.77,2694.5,65.2,1601.9,61.5,112.4,49.6,31.8
West Bengal - Coastal District 1887,79856,1408.4,53.9,35.2,Rice,135.9,856.76,17534.9,258.2,5663.7,39.9,114.0,48.4,0.0
Goa - Plateau District 1888,16506,1121.7,39.1,29.2,Wheat,30.0,122.95,3793.2,41.56,1495.2,49.9,109.9,40.7,45.7
Tamil Nadu - South District 1889,32737,1126.3,67.2,22.6,Rice,80.1,399.29,9709.7,180.24,3519.9,68.1,106.7,69.2,9.9
Jammu & Kashmir - Delta District 1890,123757,416.1,51.4,27.7,Wheat,64.9,187.91,8048.0,97.44,3167.3,94.7,111.1,86.7,0.0
Andhra Pradesh - East District 1891,121694,390.5,61.8,26.6,Maize,226.5,550.73,27741.0,483.68,4722.9,75.7,111.7,67.7,0.0
Delhi - Hills District 1892,13619,1651.6,76.6,24.2,Rice,30.0,258.92,3801.4,91.43,1293.8,48.0,102.4,48.8,27.9
Puducherry - Plateau District 1893,131221,1476.2,66.1,26.1,Wheat,180.3,1279.91,14511.8,279.88,8438.0,46.5,106.1,56.6,0.0
Maharashtra - Rural District 1894,15987,1522.0,45.3,28.7,Rice,30.0,182.69,4302.1,54.47,1188.6,43.8,102.3,46.2,41.7
Bihar - Plateau District 1895,5641,1908.1,73.3,26.0,Wheat,30.0,225.34,2336.5,55.34,1596.6,37.1,105.5,44.1,38.6
Sikkim - Hills District 1896,16948,838.0,27.8,27.8,Rice,33.4,110.93,5282.1,63.72,1327.0,69.1,126.1,16.9,31.3
Punjab - South District 1897,45707,1293.0,80.3,28.2,Wheat,76.7,363.71,7167.1,125.01,3881.4,60.2,109.4,60.0,6.6
Arunachal Pradesh - Plains District 1898,43969,1897.8,51.2,23.5,Rice,60.1,472.36,7964.2,152.91,2493.3,15.8,105.4,46.9,32.1
Arunachal Pradesh - East District 1899,19960,1218.1,51.8,29.4,Rice,34.9,164.79,4742.9,62.41,1434.5,43.3,106.9,49.0,22.9
Kerala - West District 1900,11570,1113.1,57.5,23.5,Rice,30.0,149.57,4265.5,64.77,1070.3,56.7,110.1,55.2,37.5
Sikkim - East District 1901,45232,852.4,51.1,25.5,Wheat,55.6,202.52,6731.7,81.7,2597.9,75.7,102.4,53.5,0.0
Ladakh - Hills District 1902,16284,862.3,79.6,28.9,Rice,30.0,157.39,3364.9,59.59,1325.2,68.4,92.4,50.6,46.0
Jammu & Kashmir - Coastal District 1903,70901,966.1,70.2,23.8,Pulses,124.3,193.19,5532.7,90.76,3832.7,77.2,101.7,69.8,0.0
West Bengal - Valley District 1904,22465,1574.7,80.7,29.0,Maize,30.0,282.47,2518.4,116.47,584.9,38.5,104.2,64.0,12.1
Meghalaya - North District 1905,34816,1718.0,58.5,30.8,Maize,37.8,376.75,4105.0,128.11,805.8,43.6,102.4,43.1,23.8
Tripura - Valley District 1906,31766,1196.2,33.6,24.1,Pulses,52.0,144.16,2971.8,36.42,1447.3,55.5,111.0,64.6,14.4
Rajasthan - Central District 1907,30629,1351.8,67.0,19.8,Wheat,67.2,338.81,6123.0,104.99,3191.6,36.4,103.9,21.8,30.2
Jharkhand - West District 1908,43411,825.3,48.4,27.4,Rice,81.9,379.34,12354.4,180.22,3423.3,76.9,103.8,48.6,12.1
Meghalaya - Plateau District 1909,29236,1122.9,41.1,17.4,Rice,42.6,220.17,6809.6,69.94,1736.3,59.3,95.4,61.8,39.8
Manipur - North District 1910,16679,1080.6,67.6,29.5,Maize,30.0,191.76,3473.2,86.02,625.1,73.1,93.7,49.4,57.4
Jharkhand - South District 1911,16765,959.4,64.2,24.0,Rice,30.0,130.99,4070.4,53.72,1178.0,62.5,123.8,41.7,34.5
Chhattisgarh - Valley District 1912,10663,1200.9,47.6,20.7,Rice,30.0,149.51,4305.8,65.64,1242.8,56.4,99.7,74.7,48.5
Jharkhand - Urban District 1913,130324,675.1,43.7,21.5,Wheat,232.2,1100.51,27827.1,288.4,11456.7,92.1,121.6,75.3,0.0
West Bengal - Valley District 1914,22724,1134.1,76.5,26.3,Maize,35.3,260.0,3911.6,109.82,668.0,73.6,108.0,52.2,28.1
Himachal Pradesh - Delta District 1915,36095,1105.5,41.3,23.8,Wheat,71.0,270.07,7682.3,103.38,3511.5,69.9,100.6,52.4,9.4
Tamil Nadu - Hills District 1916,12151,1542.1,21.5,26.6,Maize,30.0,231.14,4379.8,99.96,601.3,46.7,96.0,77.6,30.0
Arunachal Pradesh - Hills District 1917,15287,1553.4,88.3,21.5,Wheat,30.0,192.37,2431.6,44.67,1399.9,25.5,104.0,38.3,29.1
Uttar Pradesh - Urban District 1918,54839,1357.4,62.1,27.1,Wheat,114.4,599.15,12022.6,154.22,5364.8,68.5,97.1,60.4,0.0
Delhi - Plateau District 1919,18487,573.1,63.8,27.5,Maize,30.0,90.87,3217.6,55.39,606.6,93.5,100.1,44.4,55.4
Maharashtra - Valley District 1920,64598,655.8,37.1,22.1,Wheat,110.0,485.76,11674.5,182.79,5677.9,60.1,120.3,61.8,2.2
Sikkim - North District 1921,53622,1345.6,71.7,22.3,Wheat,55.4,327.86,5836.9,81.54,2643.4,45.2,106.0,62.5,23.7
Bihar - Plains District 1922,75673,1417.3,81.8,28.9,Pulses,134.2,282.51,4762.4,84.03,3979.4,41.9,81.2,34.1,0.0
Goa - Coastal District 1923,11808,1821.7,45.6,24.3,Wheat,30.0,247.92,3471.1,68.5,1468.9,54.3,103.6,51.3,53.5
Jharkhand - Central District 1924,29450,1171.1,72.7,32.5,Rice,30.0,156.22,3219.7,70.99,1251.2,48.6,100.6,51.9,43.2
Meghalaya - Rural District 1925,36819,1971.2,57.3,29.1,Rice,48.1,414.78,6924.4,140.93,1832.1,34.8,89.8,47.3,29.4
Meghalaya - Rural District 1926,46679,1058.1,82.9,24.6,Maize,71.3,640.98,7697.4,231.9,1441.5,61.4,111.8,56.8,0.0
Andhra Pradesh - Urban District 1927,39625,1282.9,61.0,23.6,Wheat,43.8,178.98,4268.7,69.82,2202.8,52.0,102.3,39.3,21.0
Maharashtra - Central District 1928,43239,935.8,76.9,35.7,Wheat,57.8,292.83,5052.9,91.01,2688.3,47.2,95.0,61.1,19.0
Uttarakhand - West District 1929,35484,1077.9,43.3,17.9,Maize,57.0,410.63,7495.0,170.19,1026.5,47.0,107.2,40.1,23.1
Odisha - Plateau District 1930,35149,877.5,52.9,24.9,Pulses,50.5,86.9,2629.6,32.59,1497.4,87.0,106.5,32.6,35.0
Meghalaya - Central District 1931,17388,1514.4,36.3,27.8,Maize,30.0,232.89,3663.5,84.42,593.9,43.5,114.8,37.5,36.3
Delhi - Delta District 1932,17369,1016.4,62.0,26.9,Rice,30.0,152.94,4315.6,57.44,1261.5,70.5,89.1,40.7,41.3
Karnataka - West District 1933,30497,841.9,45.6,23.7,Maize,69.6,365.18,8248.1,214.66,1421.0,88.9,106.8,72.0,18.9
Manipur - East District 1934,15736,556.4,68.9,34.4,Maize,32.4,158.87,3403.5,74.05,690.8,69.0,103.8,31.4,25.7
Himachal Pradesh - South District 1935,26936,1421.1,86.8,26.4,Wheat,34.2,187.07,2550.5,55.11,1806.9,57.9,93.7,48.4,34.9
Tamil Nadu - South District 1936,27053,1428.9,58.3,27.1,Maize,30.0,218.94,3476.7,86.79,632.9,40.1,96.1,38.3,38.9
Goa - Plains District 1937,40841,1888.7,80.8,23.7,Wheat,70.8,576.85,5883.6,113.93,3485.5,36.4,86.2,55.2,24.5
Uttar Pradesh - Central District 1938,21222,557.6,84.3,21.2,Rice,30.0,132.39,3709.0,68.97,1207.0,92.5,111.9,59.8,41.1
Rajasthan - Rural District 1939,17866,686.9,58.5,22.7,Maize,30.0,156.0,3129.4,67.61,616.7,72.8,104.3,34.3,31.9
Karnataka - Hills District 1940,6866,1017.3,59.0,28.2,Rice,30.0,183.03,3756.6,51.14,1135.4,59.2,101.7,40.9,55.8
Assam - Coastal District 1941,36324,931.3,73.7,25.6,Wheat,73.9,329.86,6814.0,103.45,3938.8,83.7,106.0,49.4,12.0
Goa - Plateau District 1942,46799,1384.9,34.4,24.2,Maize,84.7,621.9,11457.9,266.93,1504.3,36.4,98.4,64.6,0.0
Haryana - Coastal District 1943,20332,1177.3,28.8,29.3,Wheat,30.0,149.77,3068.4,42.95,1486.1,58.5,104.3,74.5,51.9
Meghalaya - West District 1944,15411,750.4,82.4,19.4,Maize,30.0,151.7,3201.3,102.08,628.1,59.6,83.0,43.0,49.0
Jharkhand - Plains District 1945,25261,1091.1,58.3,34.0,Rice,33.9,194.16,5015.2,68.15,1261.8,65.0,106.9,51.3,19.2
Jharkhand - Hills District 1946,20518,1201.6,62.6,29.7,Pulses,30.0,72.51,1247.9,16.95,831.9,60.0,103.9,51.4,37.5
West Bengal - Delta District 1947,14740,412.3,54.6,31.6,Rice,30.0,45.76,3965.7,48.64,1200.6,95.0,103.5,36.8,45.7
Karnataka - Plains District 1948,48461,1248.4,63.4,27.2,Pulses,83.3,143.68,3370.6,70.91,2285.6,49.8,104.5,72.8,26.4
Kerala - Urban District 1949,38660,1516.6,45.7,21.1,Rice,59.3,374.5,8371.2,134.93,2213.4,33.3,105.3,91.1,27.8
Maharashtra - Delta District 1950,65290,1276.5,66.1,25.9,Rice,111.3,477.93,11789.0,241.72,4451.8,47.4,120.7,53.7,0.0
Jharkhand - Delta District 1951,29131,1257.8,37.0,24.3,Maize,34.0,215.8,4397.3,93.21,643.7,44.6,99.4,36.4,10.7
Jammu & Kashmir - Central District 1952,9957,1040.5,81.9,25.5,Wheat,30.0,213.41,2632.7,53.63,1415.8,59.2,86.1,50.9,54.2
Rajasthan - Plateau District 1953,30155,1250.4,66.8,24.1,Rice,67.8,395.44,10077.6,120.01,2815.4,54.7,99.6,55.1,28.7
Rajasthan - Urban District 1954,24504,1415.9,64.8,26.1,Wheat,42.2,185.22,3675.7,74.46,2244.7,54.2,111.1,46.6,7.1
Delhi - West District 1955,35289,1078.6,53.8,18.8,Wheat,62.8,321.65,6804.6,97.1,3097.1,48.7,109.8,28.9,9.1
Telangana - Hills District 1956,38138,893.6,53.9,23.7,Rice,30.0,160.08,3727.7,66.49,1348.9,63.5,112.1,39.7,9.4
Uttarakhand - Coastal District 1957,9125,1699.8,55.5,26.1,Wheat,30.0,227.31,2923.5,57.37,1499.5,55.6,107.7,59.5,46.6
Madhya Pradesh - Valley District 1958,50322,628.2,71.2,27.4,Wheat,74.8,257.37,6676.1,72.98,3746.1,69.7,111.2,74.8,0.0
Nagaland - Plains District 1959,65607,1053.0,75.7,28.9,Rice,90.4,483.84,11478.8,217.85,3578.0,54.2,108.9,44.6,0.0
Telangana - Delta District 1960,28355,1920.2,61.3,25.6,Wheat,59.7,558.41,5945.4,107.39,2978.2,34.0,100.7,62.8,11.6
Ladakh - Delta District 1961,75823,1652.8,50.8,26.1,Pulses,107.4,398.4,4869.2,89.14,3223.4,36.7,91.1,58.4,0.0
Rajasthan - Plateau District 1962,54549,1168.4,21.3,28.1,Pulses,85.6,239.09,4578.9,64.73,2642.6,72.5,105.5,49.4,0.0
Arunachal Pradesh - Delta District 1963,5998,1598.8,61.6,26.6,Rice,30.0,192.04,3936.6,67.67,1044.2,25.3,85.4,49.5,34.6
Uttar Pradesh - Hills District 1964,22596,1152.5,33.8,28.3,Rice,36.5,210.06,5435.5,77.66,1421.5,64.3,108.0,43.9,30.0
Jammu & Kashmir - Valley District 1965,60477,1156.7,40.5,32.9,Maize,63.5,352.88,8783.2,163.79,1308.3,49.2,90.5,65.9,0.0
Maharashtra - Hills District 1966,34936,1442.8,12.2,22.5,Rice,42.3,216.49,7095.1,70.34,1671.0,51.3,105.2,60.6,12.7
Punjab - Valley District 1967,63390,1661.0,32.1,21.2,Maize,134.1,1030.5,17408.5,428.76,2797.7,35.3,109.0,60.3,7.6
Gujarat - Valley District 1968,43541,674.4,19.3,24.8,Pulses,30.0,25.65,1661.7,16.81,950.6,80.7,117.1,53.3,17.9
Sikkim - Plateau District 1969,39660,1231.1,67.8,33.3,Rice,58.3,354.69,7272.8,134.58,2438.6,52.7,113.4,45.7,11.1
Tamil Nadu - East District 1970,45995,1230.1,43.1,29.1,Rice,116.2,769.89,17800.6,253.07,4271.5,60.6,92.4,51.7,0.6
Uttar Pradesh - South District 1971,56991,1066.3,59.9,20.6,Rice,100.5,502.37,11672.5,203.89,3765.7,56.1,104.9,53.7,21.0
West Bengal - Coastal District 1972,24420,558.3,54.0,29.7,Pulses,37.0,42.91,1702.4,20.36,1134.8,64.1,92.4,71.2,39.5
Arunachal Pradesh - Valley District 1973,73494,1097.4,60.5,25.9,Pulses,95.6,234.14,4012.9,80.59,2824.2,65.1,99.3,54.2,0.0
Jammu & Kashmir - Hills District 1974,7406,1354.2,29.4,25.7,Rice,30.0,175.02,4527.6,74.4,1267.1,49.7,98.5,36.8,37.6
Chhattisgarh - Central District 1975,118680,552.1,69.7,22.4,Rice,50.7,126.03,6636.1,72.09,2220.7,84.1,88.6,79.8,0.0
Andhra Pradesh - Valley District 1976,20063,1120.1,54.9,27.0,Pulses,39.3,105.99,1767.4,32.99,1231.2,58.2,110.2,21.0,22.4
Karnataka - Plains District 1977,120143,1539.1,45.5,26.4,Maize,187.4,1558.93,25873.8,448.12,3916.1,57.9,106.9,65.5,0.0
Puducherry - West District 1978,20929,856.0,54.3,24.7,Wheat,31.9,81.46,4164.3,41.51,1592.6,67.2,114.5,60.5,52.1
Uttar Pradesh - Valley District 1979,21720,637.9,64.7,30.0,Rice,41.5,200.92,4944.2,77.44,1894.6,82.6,107.8,56.0,19.8
Haryana - Rural District 1980,64841,948.4,51.4,30.0,Pulses,82.0,147.12,3702.9,60.32,2516.4,63.4,97.5,36.8,0.0
Ladakh - Rural District 1981,87457,1243.3,49.8,27.1,Rice,105.9,615.18,14000.9,219.06,4659.2,43.9,101.9,83.4,0.0
Punjab - Urban District 1982,18699,1163.6,32.2,24.0,Pulses,31.0,58.09,1547.0,17.42,951.9,56.0,105.7,30.0,57.8
Manipur - South District 1983,29730,1248.0,90.3,21.5,Pulses,30.0,76.08,1034.0,20.87,950.9,52.6,102.5,61.0,22.1
West Bengal - Delta District 1984,13808,1134.5,60.7,22.0,Rice,30.0,206.58,3706.7,59.29,1186.7,55.3,98.9,66.6,43.3
Karnataka - West District 1985,18571,926.6,72.7,24.4,Wheat,30.0,160.09,2547.7,56.05,1521.2,68.1,96.5,46.6,30.7
West Bengal - North District 1986,29069,961.0,53.8,25.1,Rice,37.1,159.6,4655.4,76.66,1490.8,45.9,115.7,53.0,0.0
Bihar - Plains District 1987,96789,1199.1,59.7,31.0,Wheat,137.9,576.82,14414.1,178.41,5854.9,58.8,92.1,79.3,0.0
Arunachal Pradesh - Coastal District 1988,67606,1246.8,81.9,29.9,Wheat,108.9,505.8,10279.7,199.04,5168.4,54.4,110.5,61.2,0.0
Maharashtra - West District 1989,21301,1074.9,48.9,21.6,Wheat,37.2,178.24,3629.4,64.17,2054.4,64.7,101.4,57.4,21.7
Goa - Valley District 1990,66872,524.6,54.0,24.5,Rice,80.8,379.35,10230.7,142.74,3003.9,68.9,113.7,52.8,0.0
Tripura - Delta District 1991,66086,1284.4,40.6,26.7,Rice,112.8,831.79,14698.2,252.36,4551.2,66.8,113.2,49.6,0.0
Himachal Pradesh - Valley District 1992,5715,1677.5,58.4,22.3,Pulses,30.0,65.45,1382.4,20.37,899.0,38.5,97.3,23.0,34.3
Andhra Pradesh - Valley District 1993,66107,1222.8,56.4,30.7,Maize,151.1,1037.2,19073.9,405.74,3090.5,66.4,101.4,85.6,0.0
Punjab - Urban District 1994,38654,1019.4,82.6,28.1,Maize,39.5,254.22,3864.0,107.03,710.8,64.2,97.5,32.5,16.1
Uttar Pradesh - West District 1995,38522,790.3,92.0,20.2,Rice,61.2,270.82,6239.0,95.63,2187.4,78.9,107.3,19.6,11.8
Delhi - Plateau District 1996,20219,1331.1,65.3,26.6,Maize,30.0,250.33,3057.4,104.81,624.1,39.0,116.9,39.8,44.2
Meghalaya - Plains District 1997,47346,1024.7,70.8,27.5,Rice,106.4,710.18,14501.1,257.04,4232.5,64.5,115.9,63.4,18.3
Uttar Pradesh - Valley District 1998,49480,945.6,45.7,24.9,Rice,96.3,565.76,14661.7,205.97,3770.1,63.6,85.1,51.4,24.7
West Bengal - North District 1999,29483,745.7,39.9,26.9,Wheat,50.4,152.71,5001.1,72.79,2464.8,79.5,110.2,50.7,21.1
Delhi - Urban District 2000,76575,876.7,59.5,19.8,Maize,97.8,612.34,12591.0,222.15,2007.6,65.2,116.8,59.8,0.0
Assam - South District 2001,39559,1599.0,54.4,28.7,Rice,50.7,422.03,7117.9,161.64,2079.3,38.3,117.1,52.2,34.0
Nagaland - Central District 2002,13202,1390.7,57.8,26.3,Pulses,30.0,79.05,1239.9,20.34,974.9,53.7,90.4,44.4,37.9
Telangana - Urban District 2003,19503,1705.2,47.1,30.7,Rice,30.2,227.27,4236.0,78.16,1268.1,35.8,109.9,39.3,28.8
Telangana - East District 2004,31108,753.0,66.9,24.9,Rice,50.3,232.08,6548.4,103.91,1891.7,75.9,106.6,47.9,41.7
Jharkhand - Delta District 2005,13749,1472.5,53.1,21.1,Rice,30.0,215.4,3948.6,75.27,1240.5,38.8,104.4,46.8,43.4
Nagaland - Delta District 2006,42964,415.3,75.0,28.6,Rice,49.9,109.81,5842.5,89.15,1939.9,65.8,123.5,92.0,0.0
Himachal Pradesh - Delta District 2007,37051,595.9,55.9,30.0,Maize,36.9,139.68,4277.9,102.97,749.4,82.4,111.8,48.5,38.7
Punjab - East District 2008,13476,1367.3,39.2,22.8,Pulses,30.0,51.56,1613.2,16.31,966.2,55.1,106.5,37.1,53.5
Gujarat - Valley District 2009,44475,929.0,42.2,26.7,Wheat,77.8,200.47,9636.9,108.02,3758.4,66.7,96.7,35.8,31.0
Uttar Pradesh - Hills District 2010,27790,1606.4,82.4,29.5,Wheat,32.8,257.94,2255.6,76.94,1620.1,49.6,115.5,36.0,23.0
Meghalaya - South District 2011,4609,698.2,33.6,23.2,Rice,30.0,118.16,4902.3,58.9,1252.2,59.7,87.8,53.9,56.5
Sikkim - West District 2012,40389,424.9,67.3,32.4,Pulses,50.6,10.12,1991.4,33.26,1498.5,86.7,111.4,78.1,10.6
Manipur - Rural District 2013,4546,967.8,41.9,26.5,Rice,30.0,155.99,4736.4,74.76,1193.9,60.6,107.9,51.9,54.3
Meghalaya - South District 2014,32673,1105.1,68.5,27.7,Wheat,54.2,199.3,5754.5,70.3,2855.1,47.2,118.6,32.2,18.0
Haryana - Valley District 2015,7958,842.2,67.2,17.2,Pulses,30.0,82.25,1223.7,18.34,993.6,68.4,109.3,33.7,48.1
Chhattisgarh - Hills District 2016,20322,1434.3,40.1,23.4,Wheat,43.5,281.97,5304.0,92.67,1982.9,36.3,101.2,63.8,48.5
Arunachal Pradesh - Coastal District 2017,26090,816.5,67.1,24.6,Rice,44.7,227.08,6189.5,84.09,1762.3,66.5,96.8,47.4,29.9
West Bengal - South District 2018,33771,876.6,53.9,28.0,Wheat,56.2,254.24,6234.0,104.6,3058.5,61.7,102.9,54.5,16.9
Himachal Pradesh - Plateau District 2019,58071,1419.1,63.1,27.3,Wheat,69.9,487.78,8018.2,112.57,3132.3,52.7,102.7,63.2,11.1
Telangana - East District 2020,19930,1545.5,57.3,28.7,Rice,38.8,239.18,4872.7,85.4,1628.1,39.0,110.2,31.2,51.7
Haryana - Central District 2021,21410,1046.9,54.3,24.5,Wheat,34.6,186.65,4084.8,54.78,1803.2,54.1,107.2,55.5,50.9
Assam - Rural District 2022,61189,1530.0,68.3,29.0,Pulses,104.5,259.89,3797.2,69.58,3276.2,42.6,102.7,48.6,0.0
Tamil Nadu - Urban District 2023,46588,806.9,75.0,28.8,Maize,58.6,328.91,6877.1,198.17,1154.9,87.9,103.9,18.4,19.1
Sikkim - Rural District 2024,18097,1458.5,64.8,23.1,Rice,41.0,287.84,5856.9,111.37,1772.7,43.2,95.5,40.6,28.2
Rajasthan - Plateau District 2025,19054,1286.2,41.4,27.0,Rice,36.2,221.53,5222.8,64.14,1282.3,51.9,101.9,40.5,32.3
Andhra Pradesh - North District 2026,52295,1555.3,65.7,23.7,Maize,135.9,1150.04,19889.5,474.35,2827.1,38.6,95.3,42.0,11.6
Tripura - West District 2027,15966,1181.9,50.0,24.1,Wheat,30.0,149.75,3135.4,55.3,1411.0,61.7,107.6,72.9,31.7
Assam - Plains District 2028,13987,1455.0,60.3,24.7,Maize,30.0,228.02,2294.9,95.79,543.7,41.0,104.7,62.2,33.4
Punjab - Coastal District 2029,15720,746.4,73.8,16.2,Rice,30.0,119.69,3229.4,50.92,1116.1,74.1,107.8,33.1,43.3
Himachal Pradesh - Rural District 2030,37298,1151.5,67.2,30.3,Wheat,68.5,384.45,6890.7,105.93,3292.8,59.7,105.0,11.5,17.4
Nagaland - Urban District 2031,35495,1356.2,54.8,26.0,Wheat,45.9,216.48,5203.9,79.25,2305.9,55.1,108.0,75.9,6.8
Arunachal Pradesh - Rural District 2032,67564,1251.2,56.9,36.6,Wheat,111.7,545.29,13184.3,192.37,5711.3,44.5,96.3,59.4,0.0
Delhi - Hills District 2033,6123,953.7,50.4,31.5,Wheat,30.0,141.87,3232.5,33.06,1512.8,58.4,120.6,34.2,18.1
Jharkhand - Central District 2034,28464,991.5,50.0,31.9,Pulses,51.5,132.34,2329.2,33.96,1594.3,66.3,110.3,47.7,40.4
Jharkhand - Delta District 2035,20935,662.9,58.2,34.3,Maize,30.0,143.09,3986.8,69.37,614.4,59.1,105.6,77.8,45.7
Maharashtra - Central District 2036,25656,901.4,83.1,22.0,Wheat,37.3,219.87,3263.4,69.01,1768.5,63.7,106.9,35.1,15.1
Bihar - Rural District 2037,10769,801.6,60.0,32.4,Wheat,30.0,126.1,2675.4,40.95,1302.3,69.1,90.2,35.5,52.4
Uttarakhand - Urban District 2038,6421,1312.7,67.6,22.7,Wheat,30.0,146.04,2960.1,46.28,1358.9,46.6,87.4,34.1,45.3
Rajasthan - Urban District 2039,21302,543.7,73.1,25.4,Maize,30.6,105.49,3367.5,92.13,685.3,84.7,105.1,41.8,33.6
Karnataka - Central District 2040,84277,1200.0,58.0,23.3,Wheat,141.4,609.58,14466.2,209.2,6845.0,63.7,109.7,40.7,0.0
Manipur - Central District 2041,39516,658.7,52.5,24.0,Wheat,44.6,162.63,4460.1,45.93,2215.5,68.2,114.2,36.8,12.7
West Bengal - Rural District 2042,22123,998.8,41.3,30.5,Rice,41.7,274.39,6632.2,108.74,1706.7,53.1,105.9,41.7,17.6
Puducherry - Coastal District 2043,13111,1000.9,70.7,24.8,Rice,30.0,192.85,3448.8,60.74,1296.9,58.9,107.3,52.1,34.3
Tamil Nadu - Valley District 2044,9010,915.5,67.0,30.2,Maize,30.0,129.69,3573.5,65.14,596.6,75.2,110.0,48.9,37.3
Jammu & Kashmir - North District 2045,56419,1400.1,58.7,30.1,Wheat,60.9,385.87,7126.3,108.3,2742.8,58.3,105.4,58.9,7.2
Odisha - West District 2046,58960,1564.0,34.2,28.9,Maize,100.5,851.26,13352.9,368.81,1921.8,48.8,122.9,56.0,0.0
Haryana - Plains District 2047,73761,791.7,68.4,26.0,Wheat,81.8,308.67,8548.9,145.16,3527.1,74.1,101.6,58.4,0.0
Tamil Nadu - East District 2048,26867,841.4,72.8,25.0,Rice,35.5,157.89,4936.4,60.6,1439.4,80.6,108.4,48.6,0.0
Himachal Pradesh - Plateau District 2049,10574,782.1,41.6,25.3,Rice,30.0,132.19,3868.9,65.33,1124.4,73.5,116.6,59.5,48.1
Tamil Nadu - Valley District 2050,77585,1369.8,41.8,24.4,Wheat,125.9,665.99,13991.6,213.55,5743.7,55.8,103.8,48.8,0.0
Puducherry - Plains District 2051,60262,1519.7,26.1,22.5,Maize,85.5,619.43,12029.9,283.13,1533.1,53.8,108.1,59.9,0.0
Goa - Coastal District 2052,18990,908.9,81.1,37.3,Rice,30.8,172.66,3702.9,66.71,1285.6,52.4,121.0,43.7,28.3
Telangana - North District 2053,8752,1195.8,75.9,30.2,Rice,30.0,169.79,3592.0,63.28,1166.9,58.7,105.9,38.4,70.4
Tamil Nadu - Valley District 2054,39336,1909.6,63.8,22.9,Wheat,71.6,578.75,7273.8,132.71,3379.6,36.6,111.5,51.0,2.9
Haryana - Plateau District 2055,8233,1615.7,27.9,26.6,Pulses,30.0,124.43,1581.1,22.88,897.6,51.3,113.9,51.4,21.9
Telangana - Valley District 2056,20340,1124.4,48.6,26.1,Maize,32.3,250.1,4172.0,116.75,689.2,52.6,106.8,42.8,21.6
Rajasthan - Hills District 2057,114207,1597.3,42.0,25.8,Maize,176.5,1531.34,23116.6,564.45,3003.3,53.6,87.7,62.8,0.0
Sikkim - West District 2058,39675,1152.3,66.1,35.3,Rice,68.3,453.83,8363.0,173.57,2732.2,65.5,108.8,52.1,27.5
Maharashtra - Coastal District 2059,23549,246.3,44.1,34.2,Maize,53.5,140.16,7630.2,124.97,1027.9,73.7,102.3,38.9,42.3
Andhra Pradesh - Plains District 2060,43209,308.5,35.4,32.1,Rice,72.2,91.75,9755.0,97.96,2767.3,100.0,90.0,67.1,6.4
Ladakh - Plains District 2061,10286,757.5,64.0,25.4,Wheat,30.0,135.73,2911.5,39.31,1427.7,70.3,99.2,66.0,53.8
Meghalaya - Rural District 2062,41687,901.1,91.1,30.8,Maize,112.9,751.08,9756.6,301.26,2224.6,72.4,113.3,44.0,29.1
Chhattisgarh - Plains District 2063,47830,1251.0,58.0,24.3,Maize,55.6,442.42,5833.3,178.66,1258.3,64.3,114.1,56.3,11.2
Haryana - Central District 2064,19457,1139.1,35.1,29.9,Maize,30.2,196.83,3858.2,82.35,604.5,67.8,116.1,50.5,45.0
Jharkhand - North District 2065,7463,1420.4,70.2,23.5,Pulses,30.0,47.0,1218.5,20.62,921.1,57.6,92.4,35.7,12.4
Maharashtra - Plains District 2066,25195,1151.7,45.2,26.8,Maize,38.5,271.88,5910.8,99.75,846.8,81.0,109.1,35.4,5.5
Ladakh - Central District 2067,23340,983.7,39.7,25.5,Pulses,30.0,48.01,1629.7,17.24,817.1,52.7,97.5,39.7,15.1
Kerala - Delta District 2068,66663,377.3,48.9,31.3,Wheat,99.7,195.08,10106.4,97.8,5261.3,85.0,113.3,49.7,0.0
Karnataka - Central District 2069,29447,1050.8,36.6,25.0,Rice,37.0,144.55,5648.6,73.36,1409.1,47.0,110.7,59.5,18.4
Arunachal Pradesh - Central District 2070,6136,1575.9,16.3,25.1,Wheat,30.0,144.75,4282.5,51.97,1446.0,46.3,92.6,47.5,27.0
Meghalaya - Central District 2071,30844,1054.5,50.2,30.9,Rice,47.8,339.05,6742.3,93.98,1891.0,55.5,93.4,47.5,23.8
Puducherry - Central District 2072,45633,1064.3,37.2,26.6,Maize,53.4,221.63,6791.8,149.11,992.3,66.2,110.9,75.6,22.0
Kerala - Urban District 2073,150737,1028.1,42.1,29.5,Wheat,331.6,1368.88,34762.9,468.05,16686.7,62.3,116.7,82.3,0.0
West Bengal - Delta District 2074,26706,619.3,70.0,24.1,Wheat,46.7,185.89,4985.3,65.33,2363.2,66.7,101.2,47.3,26.3
Tamil Nadu - Coastal District 2075,31680,373.4,66.7,23.0,Pulses,45.1,9.02,2112.5,28.28,1421.5,69.0,112.7,22.6,23.1
Odisha - North District 2076,96998,1384.6,56.6,24.4,Rice,120.2,748.78,16639.9,263.68,4517.0,50.8,122.1,66.6,0.0
Uttarakhand - Plains District 2077,19515,999.2,60.7,20.1,Maize,30.0,177.44,3383.4,73.95,586.4,59.3,96.0,30.6,24.0
Goa - Valley District 2078,72565,570.9,48.8,29.2,Wheat,129.9,148.49,11977.0,154.98,6667.6,68.3,112.0,68.0,0.0
Karnataka - Central District 2079,15625,710.0,35.2,27.2,Wheat,30.0,74.26,3554.1,41.27,1470.1,69.3,95.8,47.4,37.5
Assam - Rural District 2080,76496,962.9,57.0,29.5,Wheat,98.1,399.55,10685.9,136.71,5013.8,75.4,112.1,53.9,0.0
Andhra Pradesh - Hills District 2081,56426,826.3,54.4,26.9,Maize,108.4,520.5,13438.3,268.0,2272.9,62.8,117.7,40.6,17.7
Manipur - Plains District 2082,42943,1136.5,36.3,27.9,Rice,40.9,223.73,7158.2,65.46,1560.2,56.5,108.1,51.1,6.6
Goa - Plateau District 2083,18736,971.0,65.8,26.6,Rice,30.2,145.26,3915.8,65.11,1271.0,59.4,98.6,53.2,31.0
Nagaland - Coastal District 2084,11348,892.3,41.5,26.9,Rice,30.0,106.05,4412.2,55.49,1221.0,71.3,119.9,63.4,39.7
Manipur - Rural District 2085,4415,1248.0,59.8,20.4,Wheat,30.0,160.84,3096.6,55.09,1507.8,38.9,103.2,22.0,36.7
Himachal Pradesh - Urban District 2086,34775,1010.8,29.6,25.1,Maize,67.8,297.68,9200.6,214.39,1309.3,70.4,100.4,33.4,35.4
Andhra Pradesh - Plateau District 2087,16824,1419.9,84.5,22.4,Rice,30.0,221.12,3403.4,70.08,1177.5,56.2,94.9,62.5,51.1
Maharashtra - North District 2088,6860,533.6,81.5,27.0,Pulses,30.0,43.15,1247.6,19.25,798.3,69.2,116.4,35.8,50.9
Sikkim - West District 2089,8322,1109.0,38.0,22.5,Maize,30.0,198.54,4389.0,83.28,579.4,56.4,100.8,33.0,36.2
Himachal Pradesh - Delta District 2090,20164,1279.4,60.6,25.8,Maize,30.0,244.7,3196.1,85.08,538.1,44.9,97.6,51.6,38.9
Nagaland - Coastal District 2091,20690,1631.4,44.3,26.2,Wheat,30.0,155.07,3211.3,48.41,1425.1,32.2,106.2,52.0,24.8
Goa - East District 2092,10453,793.4,48.4,26.8,Rice,30.0,139.9,4295.4,60.49,1157.6,64.2,118.1,55.2,46.2
Manipur - North District 2093,21387,532.6,55.1,28.7,Maize,60.7,163.01,6418.6,96.9,1244.2,79.5,103.9,46.1,43.9
Odisha - North District 2094,30915,607.4,53.9,26.5,Maize,30.0,109.89,3566.2,65.21,562.6,77.6,81.3,39.6,37.6
Puducherry - Plateau District 2095,3109,886.6,48.1,25.1,Wheat,30.0,71.63,3489.7,40.52,1423.5,85.9,109.1,36.3,35.6
Kerala - Delta District 2096,13955,1097.4,77.8,27.6,Rice,30.0,239.38,3343.1,72.95,1356.3,61.4,105.8,61.0,34.6
Delhi - Central District 2097,16526,1671.7,67.1,25.7,Rice,36.2,311.59,4017.9,105.73,1403.8,24.1,98.9,49.3,57.6
Sikkim - North District 2098,27455,1032.0,76.4,25.5,Rice,31.5,200.11,3674.9,72.51,1339.9,75.1,105.5,51.7,41.8
Ladakh - East District 2099,24630,937.8,100.0,27.2,Maize,50.2,350.33,4785.0,144.41,1079.7,63.7,99.3,58.0,25.7
Sikkim - Coastal District 2100,45288,595.2,39.7,26.8,Rice,54.1,62.6,8270.4,92.11,2179.0,82.1,108.9,45.9,28.4
Goa - West District 2101,45979,1933.3,62.2,32.9,Maize,52.4,527.81,5949.2,193.36,1099.0,34.6,102.1,47.8,0.0
Manipur - East District 2102,84064,219.0,41.4,27.2,Rice,141.7,287.81,20903.6,245.61,5390.6,100.0,96.7,50.2,0.0
Uttar Pradesh - South District 2103,30344,1757.0,51.5,24.3,Maize,30.0,249.14,3507.1,92.43,610.9,35.6,95.2,52.0,13.2
Manipur - Coastal District 2104,77845,1045.9,55.0,27.4,Rice,140.3,740.22,19372.1,316.07,5334.2,63.5,112.5,46.2,0.0
Bihar - South District 2105,19417,1011.5,48.7,35.4,Rice,30.0,178.21,4369.6,62.96,1249.6,76.1,112.8,50.9,29.7
Sikkim - Urban District 2106,24723,940.7,10.1,30.8,Rice,43.9,197.93,8441.9,93.3,1838.9,57.3,110.0,71.0,36.0
Assam - Coastal District 2107,32794,1080.3,61.2,26.7,Wheat,47.4,246.67,5333.9,84.48,2501.9,67.2,102.1,81.1,33.7
Maharashtra - West District 2108,53465,1111.7,66.0,23.6,Rice,54.7,274.76,8574.0,87.44,2353.1,60.8,104.3,46.0,16.1
West Bengal - Plateau District 2109,30706,1051.9,63.9,27.4,Maize,40.3,298.85,4781.1,145.09,834.5,50.9,108.9,54.2,34.6
Assam - Plains District 2110,20051,1268.4,84.5,29.4,Rice,41.1,320.73,4472.8,98.68,1580.8,45.5,92.3,42.9,22.3
Tamil Nadu - Valley District 2111,19668,1149.8,75.1,30.1,Maize,38.6,227.93,4343.7,91.52,790.8,68.9,108.5,53.2,0.3
Telangana - Plateau District 2112,20266,1376.7,53.8,24.5,Wheat,36.1,180.67,3809.4,50.16,1893.0,56.5,111.1,43.1,30.4
West Bengal - Hills District 2113,21856,663.1,52.2,25.2,Maize,39.4,150.42,4445.3,92.52,707.0,75.1,114.3,30.3,33.7
Uttarakhand - Plains District 2114,46539,615.2,50.0,28.9,Wheat,77.0,250.88,8912.7,130.71,3897.5,60.1,127.9,40.0,0.0
Nagaland - North District 2115,134267,1209.1,65.9,24.4,Wheat,253.0,1536.27,23840.7,341.12,12595.8,63.9,112.4,66.5,0.0
Rajasthan - Urban District 2116,117537,920.4,52.4,32.5,Wheat,187.9,702.88,19132.7,290.24,10194.9,67.9,110.3,72.6,0.0
Jharkhand - Plateau District 2117,4347,1743.6,57.7,26.6,Rice,30.0,290.12,3450.6,83.77,1250.4,41.6,109.4,69.2,70.9
Chhattisgarh - East District 2118,19894,1746.7,50.1,20.7,Pulses,30.6,101.59,1274.2,28.1,972.0,40.4,104.0,57.3,21.8
Ladakh - Coastal District 2119,40092,496.1,42.7,23.8,Rice,51.7,106.52,8126.7,84.76,2219.8,96.0,104.0,40.8,16.9
Karnataka - Valley District 2120,63338,811.7,54.6,26.1,Wheat,132.6,377.28,14878.5,215.33,6534.7,75.9,116.3,46.2,6.1
Manipur - Central District 2121,7328,961.0,100.0,28.0,Maize,30.0,254.29,2676.4,112.63,653.6,78.9,110.7,50.0,59.9
Karnataka - North District 2122,21809,1182.4,87.5,27.8,Maize,30.0,236.67,2646.3,91.52,576.8,60.9,107.5,35.9,38.2
Chhattisgarh - Plateau District 2123,64646,1219.5,56.0,32.4,Maize,55.0,363.4,6956.5,141.29,1032.0,49.5,92.3,65.9,0.0
Assam - North District 2124,42500,1376.8,43.7,26.9,Rice,64.6,414.04,10364.6,95.21,2575.8,59.9,107.2,62.0,32.9
Uttarakhand - Urban District 2125,38015,1182.9,30.4,25.1,Maize,48.9,367.68,6184.3,136.72,1008.9,49.3,103.2,65.8,15.7
Ladakh - East District 2126,29096,1161.1,64.2,22.7,Wheat,35.9,207.3,3259.6,53.11,1593.8,44.3,101.5,70.5,14.9
Punjab - North District 2127,85119,1366.2,56.2,31.1,Maize,136.8,945.24,17908.8,361.74,2716.4,37.5,110.3,85.5,0.0
Haryana - Coastal District 2128,42269,996.7,70.7,29.9,Rice,52.9,262.56,5833.6,105.22,2154.2,69.2,106.4,47.5,0.0
Assam - Hills District 2129,96351,1528.2,80.0,18.3,Maize,164.8,1361.71,15545.8,552.01,3261.2,44.0,92.7,81.4,0.0
Delhi - Delta District 2130,34060,795.4,74.7,23.6,Wheat,61.2,235.82,5587.1,73.63,2976.9,79.7,107.5,59.0,20.5
Sikkim - Valley District 2131,64257,708.8,51.6,30.9,Maize,129.6,527.15,15864.4,306.84,2752.0,75.5,115.1,49.5,0.0
Karnataka - Urban District 2132,59951,1244.2,39.9,27.0,Rice,125.8,674.72,16619.6,256.09,4844.8,39.9,113.2,40.7,0.0
Manipur - North District 2133,35235,935.3,48.4,28.6,Wheat,30.0,186.96,3205.9,48.26,1527.5,70.5,80.5,75.4,28.4
Delhi - Valley District 2134,20102,420.7,82.4,25.7,Maize,53.2,228.26,5847.2,124.82,996.1,78.1,96.0,52.0,20.9
Uttarakhand - Delta District 2135,24494,504.9,57.6,28.5,Maize,30.0,101.34,3527.8,69.32,593.9,76.1,102.3,64.9,25.2
Tripura - Plains District 2136,24387,929.9,84.0,26.3,Rice,32.7,188.87,3735.4,62.1,1294.6,65.6,105.8,53.4,4.5
West Bengal - Central District 2137,32672,1457.5,85.8,26.0,Maize,53.6,448.38,5500.1,194.94,1002.1,46.0,100.9,51.5,11.4
Kerala - Hills District 2138,36348,1241.5,57.0,19.3,Wheat,30.0,157.67,3232.3,53.66,1600.9,71.1,123.8,42.1,0.0
Rajasthan - Plateau District 2139,32780,1241.9,64.9,27.6,Maize,54.9,481.88,6058.8,206.06,1139.0,47.9,86.4,48.6,27.4
Goa - Plateau District 2140,14155,1497.8,60.3,24.1,Maize,35.4,330.67,4259.3,135.45,673.5,52.1,104.0,67.1,53.8
Odisha - Urban District 2141,134635,1420.1,73.8,27.0,Rice,222.6,1902.61,28445.7,484.94,7821.6,45.3,100.3,57.2,0.0
Rajasthan - Coastal District 2142,34667,1550.3,45.1,23.2,Rice,64.7,521.31,10501.8,167.7,2397.1,41.7,112.0,38.3,11.0
Odisha - West District 2143,37846,1132.2,34.2,27.7,Wheat,86.9,292.97,9803.2,101.94,4478.0,58.0,102.1,62.8,31.8
Delhi - Urban District 2144,87420,1228.6,53.1,33.2,Wheat,119.2,547.99,10548.6,205.81,6259.9,61.9,98.4,58.2,0.0
Goa - Delta District 2145,58732,1021.8,55.9,28.8,Rice,94.9,563.26,13697.8,206.46,4340.5,54.0,99.7,53.3,17.0
Puducherry - Plateau District 2146,17172,651.2,49.4,22.2,Pulses,30.0,17.25,1282.0,18.39,875.6,100.0,101.1,47.2,53.5
Uttar Pradesh - Plateau District 2147,24106,1089.0,45.4,25.8,Wheat,30.0,105.33,3454.7,34.78,1470.1,62.8,104.1,25.4,47.9
Karnataka - Rural District 2148,9555,1141.2,65.7,24.4,Wheat,30.0,141.3,2687.5,49.66,1452.3,48.3,116.7,68.7,47.8
Assam - Valley District 2149,12117,676.5,66.1,20.2,Wheat,30.0,89.27,3574.7,40.35,1402.7,85.0,96.5,35.3,41.9
Goa - Rural District 2150,16839,1711.2,50.9,26.5,Pulses,30.0,50.41,1491.6,15.22,870.2,35.5,112.9,38.7,35.7
Meghalaya - West District 2151,20599,614.4,54.3,22.0,Rice,39.2,129.34,4979.0,76.28,1501.4,72.9,105.2,65.7,25.9
Gujarat - Plains District 2152,32987,797.5,43.4,19.8,Wheat,52.2,181.34,5654.8,69.88,2626.9,80.2,98.5,43.0,35.6
Jammu & Kashmir - Plains District 2153,11152,572.7,36.5,26.7,Rice,30.0,97.14,4089.0,68.12,1215.3,88.9,99.3,38.8,35.5
Arunachal Pradesh - Coastal District 2154,23757,948.7,46.9,28.3,Rice,31.2,146.75,4692.4,65.26,1281.9,69.9,101.7,53.1,25.2
Arunachal Pradesh - Plains District 2155,22623,1277.5,68.6,21.2,Rice,45.1,268.37,5410.1,106.88,1997.3,63.4,105.8,47.5,23.3
Arunachal Pradesh - Delta District 2156,17669,1250.6,30.3,30.0,Wheat,32.2,145.22,3474.3,58.84,1738.4,58.1,86.1,20.7,32.6
Himachal Pradesh - South District 2157,108101,1004.9,41.6,22.2,Pulses,93.3,329.01,4431.4,72.3,2857.4,56.0,112.7,89.1,0.0
Meghalaya - Plains District 2158,23287,570.6,38.8,28.3,Maize,33.8,170.99,4543.4,83.62,789.7,78.2,105.4,56.7,13.3
Manipur - South District 2159,25589,899.1,48.0,29.9,Pulses,36.6,73.44,1874.4,29.52,1164.0,62.4,104.2,21.8,25.2
Tamil Nadu - Hills District 2160,26982,357.4,75.1,33.7,Wheat,30.0,48.87,2321.3,40.21,1416.0,97.4,102.5,58.8,26.2
Maharashtra - Valley District 2161,11646,1309.1,81.3,20.7,Maize,30.0,235.7,2211.1,76.02,636.1,61.1,105.1,41.2,25.5
Nagaland - East District 2162,54034,1133.2,84.3,24.0,Rice,73.0,557.21,8815.5,179.62,2796.2,57.1,110.9,47.4,12.2
Madhya Pradesh - Valley District 2163,14798,857.0,53.7,25.4,Maize,30.0,141.59,3879.9,76.32,632.9,70.9,102.2,50.6,61.5
Maharashtra - Plateau District 2164,3915,1163.8,88.3,28.4,Maize,30.0,168.65,3042.6,85.29,553.8,51.5,105.0,26.7,56.2
Rajasthan - Central District 2165,13589,1393.6,94.2,26.0,Wheat,30.0,207.7,2243.8,56.27,1499.3,45.6,98.6,49.6,40.2
Puducherry - Central District 2166,11459,1266.3,35.2,20.7,Pulses,30.0,31.26,1773.0,18.2,786.2,64.4,96.3,57.6,36.9
Assam - Valley District 2167,131198,909.0,70.3,25.5,Pulses,169.3,33.86,7057.2,86.45,5335.9,74.7,108.4,74.1,0.0
Ladakh - Delta District 2168,19515,847.4,70.2,23.5,Maize,41.0,237.82,3758.0,141.56,716.8,65.0,96.0,43.3,47.7
Andhra Pradesh - Plateau District 2169,92905,1041.5,63.9,24.2,Rice,150.0,654.43,17885.4,321.94,6249.4,73.3,110.1,70.7,0.0
Odisha - Coastal District 2170,10450,1242.8,56.5,30.3,Maize,30.0,173.34,3040.6,83.55,560.6,56.7,117.1,54.1,36.2
Madhya Pradesh - West District 2171,37736,1046.3,50.0,35.5,Maize,70.2,482.82,8649.0,198.04,1360.1,41.1,117.9,83.8,23.8
Chhattisgarh - Rural District 2172,81430,1853.4,49.8,31.6,Maize,136.2,1327.97,16528.8,428.87,2605.2,22.3,94.6,50.1,0.0
Gujarat - South District 2173,35500,1830.2,63.5,19.8,Wheat,104.9,632.11,11368.9,177.28,5088.8,46.4,98.0,78.1,39.3
Uttarakhand - Urban District 2174,17863,1382.0,44.6,26.9,Rice,30.0,193.81,3898.5,60.36,1093.7,57.6,116.1,70.8,43.9
Madhya Pradesh - Rural District 2175,51948,954.2,38.3,23.5,Maize,65.3,348.05,7617.5,140.65,1256.3,51.5,121.2,76.9,3.5
West Bengal - South District 2176,26838,1354.2,78.9,29.3,Rice,53.0,383.11,5637.9,108.13,2193.9,60.1,91.3,42.9,25.0
Nagaland - Urban District 2177,19351,836.7,67.2,23.0,Maize,31.1,149.41,3848.0,73.04,608.2,63.8,110.0,74.4,25.8
Meghalaya - Hills District 2178,79106,1491.1,76.7,36.2,Rice,107.5,803.73,12005.7,282.16,4399.6,42.9,113.5,50.7,0.0
Himachal Pradesh - Urban District 2179,74887,1138.7,60.9,29.3,Rice,130.2,739.25,17365.6,267.75,5537.4,63.3,92.7,39.3,0.0
Odisha - Urban District 2180,29610,1031.9,68.6,28.8,Maize,45.3,302.88,5181.4,144.63,889.4,53.2,110.1,38.0,33.3
Meghalaya - Rural District 2181,24599,1569.9,39.9,26.5,Wheat,33.4,191.54,3035.9,49.54,1653.6,46.9,110.8,59.6,42.2
Tripura - Rural District 2182,17946,821.1,73.0,26.2,Pulses,35.2,62.11,1270.3,29.31,1095.2,69.2,116.9,52.6,41.9
Jammu & Kashmir - East District 2183,23885,1396.6,46.7,25.7,Wheat,31.4,200.94,3353.1,51.19,1732.2,54.5,102.7,59.3,40.0
West Bengal - Valley District 2184,42986,1005.9,65.3,28.4,Wheat,70.1,340.25,5327.9,80.93,3582.6,62.0,109.7,57.6,12.5
Arunachal Pradesh - North District 2185,13336,1234.0,44.0,22.8,Rice,30.0,181.46,4605.8,71.94,1219.3,57.7,84.2,55.9,41.8
Nagaland - North District 2186,52167,1528.6,79.5,28.8,Maize,93.2,726.22,8775.3,323.38,1713.2,42.6,127.4,47.6,0.5
Rajasthan - Delta District 2187,23480,862.0,55.7,22.6,Maize,33.8,166.96,4000.6,85.29,717.5,63.3,98.6,41.6,24.7
Ladakh - Valley District 2188,28738,568.7,53.6,21.6,Rice,41.7,163.88,5103.3,90.32,1744.0,79.1,108.6,58.4,34.3
Arunachal Pradesh - Central District 2189,14785,1306.4,69.4,33.0,Rice,31.4,174.02,4253.0,58.05,1132.9,47.2,105.5,51.7,22.1
Madhya Pradesh - North District 2190,25926,1521.7,44.8,28.4,Wheat,30.0,187.58,3405.9,44.0,1310.7,51.9,101.5,41.4,30.4
Meghalaya - Hills District 2191,21760,1308.2,71.9,24.5,Rice,30.0,260.69,3970.5,76.54,1273.5,49.6,92.8,59.0,50.6
West Bengal - South District 2192,31944,1011.8,59.9,28.6,Maize,40.0,302.68,4329.9,141.15,762.7,73.6,93.8,61.9,28.4
Andhra Pradesh - Delta District 2193,7847,1225.7,39.3,26.0,Wheat,30.0,155.17,3156.6,54.1,1538.9,63.7,118.4,48.3,41.5
Chhattisgarh - Central District 2194,11800,1305.4,52.9,24.4,Maize,30.0,253.85,3603.9,99.68,543.7,53.5,97.5,44.8,41.1
Puducherry - Central District 2195,14495,1003.5,82.0,26.8,Pulses,30.0,39.09,1392.9,20.19,974.1,47.4,93.6,57.2,32.8
Jharkhand - West District 2196,24853,880.1,72.2,25.3,Wheat,50.6,306.45,4235.3,78.05,2749.5,53.2,108.4,64.1,12.5
Chhattisgarh - North District 2197,14124,2047.5,90.8,24.2,Wheat,30.0,275.01,2728.6,61.22,1586.3,22.8,108.7,39.2,34.5
Jammu & Kashmir - Hills District 2198,15148,1162.6,50.0,22.1,Rice,32.9,217.91,5015.1,87.48,1117.1,55.4,105.7,62.5,21.5
Sikkim - Urban District 2199,6348,704.2,72.7,32.5,Rice,30.0,108.59,3472.6,56.43,1130.3,82.0,113.0,29.7,22.4
Maharashtra - Delta District 2200,13168,1941.9,48.9,27.8,Maize,30.0,282.77,4375.5,96.38,636.2,22.6,103.8,57.1,24.0
Punjab - Hills District 2201,10890,1367.3,33.3,31.4,Maize,30.0,245.27,3924.9,95.39,595.2,34.9,95.3,33.1,42.8
Tripura - Valley District 2202,32870,921.0,41.9,24.5,Pulses,65.4,179.37,3102.7,45.43,2108.7,68.6,108.0,66.7,7.2
Ladakh - Coastal District 2203,58590,649.9,69.3,29.7,Rice,55.2,222.58,7299.8,123.82,2372.5,69.9,101.9,71.6,4.6
Tamil Nadu - East District 2204,10129,1347.6,74.1,22.7,Pulses,30.0,84.79,1282.6,25.0,883.3,63.7,98.6,34.7,35.5
Assam - North District 2205,23810,1145.3,60.3,27.2,Pulses,48.9,100.02,2331.7,25.58,1530.2,59.9,96.1,44.8,19.4
Delhi - Coastal District 2206,80761,1086.4,47.7,23.8,Wheat,36.8,163.48,4092.0,45.18,1899.6,59.2,110.8,60.1,0.0
Ladakh - Central District 2207,11735,740.8,68.8,35.2,Maize,30.0,189.98,3519.8,101.34,629.4,73.4,108.1,35.2,25.4
Tamil Nadu - Valley District 2208,110874,941.1,45.7,21.6,Wheat,187.2,963.36,22379.0,278.8,8921.7,69.0,88.1,75.7,0.0
Rajasthan - Valley District 2209,34424,1490.6,69.9,17.4,Wheat,53.9,386.16,4961.1,100.84,2505.5,47.2,98.8,47.0,24.1
Karnataka - Hills District 2210,6603,1436.0,13.1,20.7,Maize,30.0,226.68,4374.8,77.29,646.5,50.2,95.5,40.1,51.5
Arunachal Pradesh - South District 2211,191702,1513.2,56.6,28.1,Wheat,235.3,1456.0,24934.0,433.44,12766.1,45.8,90.7,65.8,0.0
Haryana - Delta District 2212,28277,1157.9,34.1,24.8,Wheat,30.0,125.64,3717.8,42.65,1486.2,74.2,104.1,59.7,34.6
Telangana - Delta District 2213,28110,839.4,74.4,28.5,Pulses,33.3,110.8,1235.7,24.15,950.1,51.7,110.9,35.7,2.7
Telangana - Rural District 2214,30360,1129.0,66.9,28.7,Rice,32.5,166.13,3180.9,83.67,1209.8,70.5,89.9,65.4,44.0
Nagaland - Plains District 2215,11425,433.8,47.8,22.4,Maize,30.0,66.39,3895.8,62.81,615.7,82.7,115.6,34.9,26.8
Karnataka - West District 2216,15750,1224.7,60.2,25.6,Rice,30.0,194.59,3995.7,55.17,1290.3,44.2,105.3,45.7,31.3
Uttar Pradesh - Rural District 2217,29824,927.6,68.1,28.7,Maize,37.9,278.38,4460.6,122.67,780.7,59.2,105.7,52.3,0.0
Punjab - Urban District 2218,19541,819.8,51.0,24.7,Maize,30.0,136.42,3838.9,91.61,610.8,64.0,89.8,40.2,30.1
Jharkhand - Urban District 2219,30288,1307.5,45.3,24.4,Rice,40.1,257.91,5823.2,101.14,1492.5,55.4,104.2,70.7,26.2
Delhi - Urban District 2220,9912,1089.4,73.1,21.5,Rice,30.0,172.13,4239.0,79.94,1171.3,51.4,96.3,56.0,34.3
Meghalaya - Delta District 2221,11161,1021.6,49.4,24.4,Wheat,30.0,119.28,2751.6,50.27,1302.0,77.9,96.3,51.5,48.8
Karnataka - Valley District 2222,12913,1221.1,37.5,20.8,Maize,30.0,163.54,4474.6,67.54,625.4,52.8,104.1,49.7,36.2
Arunachal Pradesh - Rural District 2223,7230,1289.9,57.7,24.1,Rice,30.0,128.45,4418.4,55.57,1061.3,37.8,87.4,64.4,50.5
Uttarakhand - North District 2224,117235,1076.2,49.6,26.8,Rice,187.6,1058.32,21662.8,379.05,7341.0,65.2,94.7,59.9,0.0
Meghalaya - Hills District 2225,40793,951.1,37.0,27.7,Rice,49.9,241.79,7675.9,112.42,1881.2,63.8,90.7,67.5,22.7
Assam - Valley District 2226,11313,999.9,45.4,24.2,Rice,30.0,147.66,4801.1,56.01,1147.1,61.8,117.1,52.3,21.4
Andhra Pradesh - Central District 2227,25846,1142.7,57.6,26.5,Rice,51.1,333.29,8185.0,115.83,2089.5,61.9,106.4,29.3,42.7
Manipur - Central District 2228,37157,1555.3,58.6,22.5,Maize,76.1,711.37,7159.2,241.26,1483.4,54.5,98.6,47.2,22.8
Delhi - Delta District 2229,10084,1366.5,63.5,27.9,Wheat,30.0,195.87,3143.0,37.3,1488.7,68.2,107.0,41.2,37.5
Karnataka - North District 2230,29000,1401.4,62.8,33.0,Wheat,65.4,416.2,6925.3,111.42,3277.9,49.9,105.0,48.6,13.9
Odisha - Valley District 2231,25303,1479.8,42.5,29.1,Maize,37.4,235.95,5256.6,98.07,763.2,47.0,103.4,51.2,30.5
Ladakh - East District 2232,6373,631.0,68.1,21.7,Wheat,30.0,117.48,2710.2,46.9,1466.2,78.0,107.4,54.4,34.5
Kerala - Valley District 2233,14425,1149.0,45.0,25.4,Wheat,30.0,91.85,3081.3,40.17,1304.0,50.3,104.9,57.1,41.2
Tamil Nadu - Central District 2234,31250,1077.1,63.8,21.8,Pulses,44.6,92.17,1994.1,28.13,1314.8,55.5,109.2,37.3,12.7
Jharkhand - Coastal District 2235,34806,1462.4,71.3,24.8,Wheat,56.2,458.3,5219.9,109.08,2731.6,46.8,100.1,52.4,32.1
Uttar Pradesh - Urban District 2236,11733,1272.7,53.6,19.5,Maize,30.0,203.91,3018.5,80.09,546.0,34.6,98.8,69.1,19.9
Ladakh - Plateau District 2237,79671,1594.2,91.7,28.0,Maize,162.4,1549.0,15009.3,484.0,3194.9,44.1,98.8,99.0,0.0
Delhi - Hills District 2238,27310,861.5,40.2,28.2,Maize,61.1,337.87,7795.5,167.68,1169.2,85.0,102.9,51.8,43.1
Jammu & Kashmir - Rural District 2239,24871,1416.2,42.1,29.3,Pulses,62.0,200.58,3264.0,48.33,1832.6,50.0,101.8,39.4,6.3
Himachal Pradesh - Plains District 2240,9025,1266.8,59.7,25.1,Wheat,30.0,196.57,2772.5,48.69,1618.7,42.1,115.3,29.0,32.0
Delhi - Plains District 2241,55440,756.7,60.8,28.5,Maize,79.4,361.55,7824.3,153.54,1576.6,67.0,107.1,90.9,23.0
Puducherry - Coastal District 2242,143215,1571.0,44.9,28.2,Rice,218.8,1563.82,26572.6,491.63,8454.8,46.2,118.8,79.0,0.0
Manipur - South District 2243,15197,892.0,31.4,25.3,Maize,30.0,126.24,4197.7,72.89,610.2,63.3,101.5,53.4,34.6
Tripura - Valley District 2244,48132,1047.8,60.3,23.1,Wheat,90.1,515.41,8503.4,158.01,4424.5,71.4,113.5,48.3,0.0
Goa - South District 2245,14459,1220.9,84.6,23.8,Wheat,30.0,124.63,2075.8,41.48,1624.7,56.8,87.3,62.0,27.1
Chhattisgarh - Plateau District 2246,17975,1331.6,100.0,36.0,Maize,32.0,211.26,2556.4,94.58,656.8,62.9,89.5,60.5,40.9
Madhya Pradesh - Central District 2247,15634,1303.8,57.1,22.7,Rice,30.0,212.78,4157.1,56.41,1256.5,59.4,119.8,49.8,41.8
Chhattisgarh - Central District 2248,11926,927.9,70.3,26.5,Rice,30.0,156.39,2981.0,62.03,1228.0,45.2,110.1,56.1,0.0
Assam - North District 2249,28147,229.3,49.1,23.6,Wheat,30.0,8.1,3057.1,34.9,1378.8,97.8,119.5,59.9,30.2
Jharkhand - North District 2250,12049,1765.4,60.7,29.3,Maize,30.0,270.04,3295.3,103.59,573.5,34.4,105.2,45.8,37.1
Telangana - Valley District 2251,39179,333.7,67.4,29.1,Maize,37.8,94.49,4516.2,89.62,792.4,99.3,97.1,79.6,18.9
Goa - East District 2252,36672,1109.6,65.7,29.9,Maize,58.6,446.75,5232.8,137.85,1030.3,60.7,117.3,48.6,25.0
Maharashtra - East District 2253,56851,1230.6,82.0,25.6,Maize,64.8,579.76,6590.6,243.33,1271.2,58.2,118.6,34.7,14.1
Ladakh - Central District 2254,5081,1332.0,45.2,21.8,Rice,30.0,178.8,3743.5,52.13,1149.6,50.4,94.0,57.2,66.4
Tamil Nadu - Valley District 2255,140208,787.4,52.0,27.7,Rice,284.2,1093.08,44436.0,425.03,11664.9,65.7,89.0,59.6,0.0
Karnataka - Coastal District 2256,63077,1453.3,75.6,25.9,Maize,104.3,797.15,11738.6,322.94,2030.6,48.0,119.5,57.4,2.2
Haryana - South District 2257,126821,1142.7,47.4,27.5,Wheat,271.2,821.05,26498.7,388.4,14697.8,72.3,123.4,41.8,0.0
Uttar Pradesh - Coastal District 2258,6279,835.3,47.3,27.1,Rice,30.0,143.08,4336.7,51.52,1131.4,65.3,107.8,43.2,29.0
Jharkhand - Central District 2259,17713,1777.5,58.4,23.9,Rice,36.2,253.34,4198.8,96.7,1396.6,31.2,93.4,72.1,54.0
Tamil Nadu - Hills District 2260,74805,1518.3,79.9,25.5,Maize,133.2,1248.98,14496.2,404.03,2772.8,43.5,99.2,80.1,0.0
Chhattisgarh - Coastal District 2261,12404,1240.6,81.8,27.0,Maize,30.0,243.36,3229.9,103.21,603.2,67.3,115.5,38.7,47.4
Maharashtra - East District 2262,68318,1248.2,32.6,25.4,Wheat,82.5,343.82,9422.6,109.94,4079.3,62.9,100.5,60.9,10.1
Arunachal Pradesh - West District 2263,5333,1177.4,35.7,28.5,Rice,30.0,149.28,4056.5,61.03,1267.7,75.3,100.6,37.6,25.4
Jammu & Kashmir - South District 2264,14365,847.3,55.8,31.1,Wheat,34.4,142.89,4093.4,55.18,1702.0,71.8,96.8,46.2,61.0
Maharashtra - Rural District 2265,32523,929.3,67.3,23.9,Maize,47.5,337.66,6318.1,131.39,1013.2,70.8,101.3,40.9,43.4
Uttarakhand - North District 2266,13118,616.4,46.2,32.6,Wheat,30.0,114.52,3405.0,36.07,1648.9,85.7,94.6,27.3,30.9
Ladakh - Plateau District 2267,96763,752.3,29.8,27.0,Rice,126.8,480.92,20444.6,250.24,4800.5,99.7,102.4,81.7,0.0
Delhi - Delta District 2268,30948,751.3,68.9,27.4,Rice,60.6,347.82,7182.8,112.51,2534.3,85.5,105.2,58.3,7.9
Telangana - Hills District 2269,11128,1464.5,78.3,26.9,Wheat,30.0,172.79,3154.6,45.56,1481.1,64.1,108.8,61.4,27.5
Sikkim - South District 2270,32881,824.0,56.9,29.1,Rice,53.7,173.61,7333.6,95.73,2168.1,75.7,120.4,64.9,11.9
Haryana - Hills District 2271,13966,1117.9,69.8,21.2,Wheat,30.0,169.99,3138.3,57.68,1482.2,62.9,114.5,58.7,28.9
Manipur - Hills District 2272,50846,1375.4,62.9,22.4,Rice,30.7,184.35,3395.6,83.13,1289.1,41.1,105.0,60.6,9.3
Gujarat - Coastal District 2273,178799,1719.5,40.8,27.5,Wheat,225.6,1686.01,25055.0,417.49,10860.4,32.2,125.3,72.0,0.0
Chhattisgarh - West District 2274,21123,804.7,46.6,26.5,Rice,30.0,104.69,4499.0,56.47,1098.6,91.8,98.9,46.1,48.8
West Bengal - East District 2275,17191,338.3,49.5,33.0,Rice,31.6,52.51,3860.4,58.47,1242.2,93.9,97.7,40.3,32.2
Haryana - North District 2276,84807,1341.7,100.0,28.2,Maize,70.5,519.15,6448.2,206.54,1231.5,57.1,111.3,39.0,0.0
Uttarakhand - West District 2277,18246,1145.3,60.3,29.7,Rice,30.0,191.14,3604.4,57.93,1180.4,50.6,98.4,41.4,40.3
Madhya Pradesh - South District 2278,37467,741.2,80.4,23.4,Maize,51.2,313.33,5085.7,148.1,1011.2,67.2,98.7,92.9,14.2
Madhya Pradesh - Valley District 2279,16961,808.3,51.8,30.9,Rice,30.0,142.62,4005.8,54.9,1199.5,69.9,111.2,81.8,20.4
Tamil Nadu - Urban District 2280,58449,1169.1,37.4,21.6,Wheat,90.4,430.61,11623.3,147.44,4142.5,48.4,108.9,67.1,1.0
Sikkim - West District 2281,21449,913.4,66.3,34.5,Maize,30.0,144.74,3458.8,75.39,558.7,59.1,116.9,39.2,32.5
Telangana - Urban District 2282,13264,937.5,44.2,26.0,Rice,30.0,117.57,4579.8,48.92,1304.0,62.5,78.7,50.3,26.6
Kerala - Coastal District 2283,15625,1189.1,65.0,27.0,Rice,35.1,197.27,5165.4,88.1,1404.9,73.8,108.8,69.6,48.2
Chhattisgarh - East District 2284,42799,1169.5,50.3,24.6,Pulses,53.5,87.78,2651.6,26.96,1716.8,67.7,103.3,67.1,14.7
Goa - South District 2285,36130,691.9,44.6,30.7,Rice,46.2,190.56,6933.5,101.61,1767.5,75.4,111.6,14.4,34.9
Bihar - Rural District 2286,8221,1339.7,48.1,28.9,Maize,30.0,234.96,3715.1,105.16,669.9,46.8,102.5,42.6,54.6
Uttar Pradesh - South District 2287,39791,1475.1,35.6,21.1,Wheat,61.4,433.46,6636.9,109.44,2834.0,44.8,104.4,63.5,20.8
Andhra Pradesh - West District 2288,31362,1129.3,57.1,33.0,Rice,52.3,317.94,6652.4,116.72,1876.9,75.2,111.0,60.4,44.0
Meghalaya - Plateau District 2289,16703,963.2,59.9,29.2,Rice,30.0,142.53,3085.7,69.7,1245.5,66.3,87.6,35.4,29.9
Goa - Central District 2290,18873,1255.5,75.6,25.6,Wheat,30.0,128.21,2720.5,45.64,1455.3,65.1,104.4,42.1,27.1
Nagaland - Plains District 2291,39548,1145.6,45.6,30.6,Maize,80.4,470.57,10441.6,218.26,1488.3,54.4,112.2,59.3,0.0
Himachal Pradesh - East District 2292,29693,631.1,68.3,31.0,Wheat,34.1,109.81,3273.8,43.79,1561.3,61.2,92.5,56.3,8.7
Uttar Pradesh - Delta District 2293,38492,1315.1,57.8,25.6,Rice,78.2,471.97,9929.9,182.85,3284.7,52.2,110.5,57.2,46.4
Bihar - Delta District 2294,55847,1548.2,55.1,23.2,Rice,30.0,251.76,3438.6,80.53,1171.7,40.3,102.1,52.6,0.0
Andhra Pradesh - Coastal District 2295,11543,1085.0,72.4,25.9,Pulses,30.0,56.78,1141.4,15.86,892.0,58.1,102.9,48.3,30.1
Andhra Pradesh - Coastal District 2296,138299,1138.0,71.7,27.9,Maize,253.6,1744.77,26024.7,571.11,5308.1,69.6,110.0,65.3,0.0
Telangana - South District 2297,36321,1203.3,61.8,23.4,Wheat,51.0,288.48,5607.7,87.96,2662.5,66.1,80.8,58.6,9.8
Manipur - South District 2298,19576,831.4,53.3,25.9,Maize,36.1,133.84,4134.4,104.82,668.2,63.1,97.3,65.4,30.0
Punjab - Plains District 2299,26536,1232.0,36.5,27.5,Maize,38.1,247.6,5484.6,116.51,736.2,55.0,90.3,48.8,27.9
Ladakh - Urban District 2300,54500,910.3,61.4,31.6,Pulses,151.7,320.59,6613.2,107.26,4475.9,77.7,109.4,60.5,0.0
Rajasthan - Urban District 2301,56874,703.2,40.4,21.5,Wheat,94.0,258.1,10989.8,155.31,4043.9,67.5,116.6,48.4,0.0
Tamil Nadu - Hills District 2302,46742,763.9,98.7,16.9,Maize,62.1,466.09,4328.7,181.88,1190.3,83.4,117.1,19.7,29.1
Uttarakhand - Hills District 2303,63043,775.1,35.9,25.9,Wheat,93.7,285.57,10395.2,117.13,4376.3,56.2,118.5,49.2,3.7
Assam - Central District 2304,35486,1046.6,71.6,29.5,Rice,81.8,473.52,9928.3,193.93,3122.1,61.5,108.4,67.7,23.1
Tripura - Plains District 2305,55034,1148.7,57.8,26.8,Maize,47.2,292.61,5810.5,145.56,971.4,74.0,110.0,44.8,18.0
Karnataka - West District 2306,59300,756.5,64.9,27.1,Wheat,85.0,481.72,6802.3,140.61,3911.3,62.9,99.2,52.1,0.0
Gujarat - Hills District 2307,12072,1495.5,46.1,26.7,Rice,30.0,192.73,4297.3,74.79,1196.9,56.6,115.6,59.8,36.5
Assam - Rural District 2308,6641,1570.0,46.3,27.5,Rice,30.0,162.67,4249.0,61.28,1141.2,46.2,107.4,60.3,40.5
Odisha - Valley District 2309,17311,1320.3,41.9,29.2,Rice,48.3,282.54,8045.9,102.9,1949.8,60.9,98.4,57.6,49.0
West Bengal - Plateau District 2310,52032,948.6,41.9,26.2,Rice,117.6,454.72,16734.2,214.38,5004.0,56.0,106.4,70.3,4.4
Odisha - Delta District 2311,13591,1039.6,56.0,20.6,Wheat,30.1,115.68,3136.4,39.7,1459.9,59.4,108.5,41.7,41.5
Meghalaya - Urban District 2312,14320,369.5,49.2,21.4,Wheat,31.3,91.53,3550.6,35.82,1414.4,90.0,114.1,53.8,37.9
Rajasthan - Plains District 2313,21252,1107.5,72.5,23.0,Pulses,31.1,51.91,1350.5,19.46,956.4,67.7,100.9,48.3,13.9
West Bengal - Valley District 2314,9566,1022.1,51.8,29.2,Wheat,30.0,150.8,3493.9,33.18,1488.7,68.4,100.2,48.6,43.8
Chhattisgarh - Coastal District 2315,24253,1105.2,53.1,26.9,Maize,49.1,371.56,6121.6,118.89,964.1,63.8,99.0,40.9,26.5
Jharkhand - Plains District 2316,22049,1875.5,64.6,21.5,Rice,34.9,292.19,4345.6,60.9,1380.2,27.5,100.9,41.4,56.5
Jharkhand - South District 2317,60130,825.4,57.9,30.6,Maize,56.2,328.61,6585.9,137.76,1110.4,80.3,100.6,47.0,0.0
Puducherry - South District 2318,10722,1074.3,61.8,24.3,Pulses,30.0,54.66,1204.2,17.25,920.0,58.9,114.2,47.9,37.4
Uttarakhand - West District 2319,15065,1061.2,64.5,30.2,Rice,30.0,191.86,3682.8,65.87,1236.9,58.7,98.0,34.3,45.1
Nagaland - Coastal District 2320,34933,1100.9,79.4,23.2,Rice,36.8,233.87,4678.2,60.72,1396.8,63.2,92.0,59.5,43.6
Punjab - Plains District 2321,28910,1418.0,67.8,24.5,Wheat,39.2,263.36,3736.5,59.57,1830.0,50.3,105.7,46.4,15.0
Bihar - Hills District 2322,54307,1494.6,67.9,25.0,Rice,88.4,641.93,11610.1,173.97,3341.7,53.8,106.7,57.4,0.0
Himachal Pradesh - Rural District 2323,74808,1624.6,29.8,32.0,Rice,110.7,889.14,18282.2,350.12,4163.6,41.2,93.8,49.8,0.0
Sikkim - West District 2324,16758,1074.2,43.3,31.0,Wheat,30.0,112.49,3452.1,49.07,1517.2,60.4,114.5,41.3,24.7
Andhra Pradesh - Plains District 2325,34332,1262.7,60.0,28.2,Rice,41.6,248.8,6068.2,98.02,1568.9,48.8,92.5,66.5,15.9
Uttar Pradesh - Coastal District 2326,94954,1540.6,69.4,24.1,Pulses,137.3,297.42,5559.2,87.78,3899.9,35.9,113.5,72.0,0.0
Kerala - West District 2327,106814,1290.7,90.0,29.0,Rice,257.3,2099.78,26128.7,596.63,9973.0,51.2,105.2,75.8,0.0
Madhya Pradesh - Rural District 2328,78952,1209.6,30.2,33.1,Maize,128.0,752.71,18371.6,461.64,2382.2,75.1,111.3,85.8,0.0
Tamil Nadu - North District 2329,41989,1024.6,57.4,23.7,Wheat,69.9,247.08,5975.7,95.1,3359.9,58.6,98.8,63.3,17.4
West Bengal - North District 2330,26371,815.9,53.5,22.2,Wheat,67.7,359.38,8268.0,83.33,3188.0,66.8,108.7,55.9,40.3
Madhya Pradesh - Hills District 2331,21651,799.6,45.8,24.8,Wheat,30.4,66.33,3392.0,37.86,1385.0,79.6,95.8,33.8,26.4
Bihar - North District 2332,9204,1253.8,40.0,30.2,Rice,30.0,139.9,4172.5,44.04,1095.6,72.9,111.2,50.9,35.0
Delhi - Valley District 2333,14050,958.1,64.3,25.2,Wheat,30.0,133.74,3021.4,49.57,1339.8,73.6,101.3,31.4,15.5
Maharashtra - Delta District 2334,31570,1611.1,33.5,28.5,Rice,48.5,346.79,7749.4,107.11,1968.3,44.7,100.0,50.6,19.4
Kerala - Plains District 2335,16766,1678.2,56.2,27.5,Maize,31.4,265.58,4180.7,112.35,629.7,38.1,91.8,40.5,48.9
Haryana - South District 2336,65528,200.0,24.3,26.9,Wheat,54.8,19.85,6427.6,58.28,2783.8,85.1,113.5,52.0,0.0
Delhi - Delta District 2337,32325,1194.7,51.2,26.4,Wheat,35.4,118.38,3422.1,51.32,1678.3,53.1,113.8,57.8,3.0
Tamil Nadu - Valley District 2338,10042,1229.2,80.2,26.2,Maize,30.0,221.82,2980.6,75.92,639.1,60.3,96.1,43.1,44.5
Maharashtra - Central District 2339,27381,1304.5,50.0,21.5,Rice,30.7,194.08,4814.3,77.07,1282.1,47.8,102.3,46.0,2.4
Jharkhand - Plains District 2340,54364,1153.5,58.8,20.5,Wheat,86.7,502.91,10407.1,138.59,3903.3,73.0,104.6,52.0,0.0
Maharashtra - Plateau District 2341,23968,1007.6,37.2,22.2,Rice,32.0,170.1,4845.3,55.87,1246.3,66.3,92.2,38.6,50.5
Karnataka - North District 2342,8376,884.2,43.7,19.2,Wheat,30.0,60.49,3535.6,34.63,1476.9,67.5,96.4,40.0,71.5
Gujarat - Urban District 2343,20253,788.4,56.3,24.0,Maize,36.9,179.52,4077.6,90.34,745.3,70.8,88.4,62.8,37.0
West Bengal - North District 2344,37474,1224.8,35.2,26.6,Maize,68.9,485.09,9231.1,203.12,1437.1,46.4,92.6,28.8,8.4
Chhattisgarh - Plains District 2345,31180,928.8,58.6,20.5,Wheat,39.9,138.65,4608.4,59.83,1863.1,77.1,110.9,38.7,12.0
Kerala - Valley District 2346,13409,1064.7,43.3,32.5,Rice,30.0,180.69,4247.8,69.99,1178.1,56.1,98.7,39.6,41.9
Uttar Pradesh - Delta District 2347,23966,1072.6,61.1,22.6,Rice,42.1,185.6,4723.3,92.68,1609.2,61.7,104.8,65.2,7.6
Goa - Hills District 2348,39501,1240.4,81.0,25.6,Maize,46.1,314.83,4613.7,136.09,950.2,40.5,105.3,52.1,0.0
Goa - Urban District 2349,22704,1143.1,76.4,18.7,Rice,37.5,248.09,4228.0,77.1,1487.6,57.9,90.8,42.1,41.3
Puducherry - East District 2350,25184,1044.3,41.5,31.6,Rice,70.6,258.93,11302.8,106.37,2751.1,72.5,87.1,60.8,38.8
Haryana - Plateau District 2351,21522,433.3,43.3,25.3,Wheat,46.5,115.39,5201.7,51.61,2223.7,61.1,92.6,64.0,37.5
Uttar Pradesh - East District 2352,24160,1941.7,47.8,29.9,Pulses,34.6,150.65,1482.0,23.67,1140.2,34.9,109.0,68.0,18.6
Ladakh - Delta District 2353,39554,856.9,55.2,27.2,Wheat,43.9,204.22,4178.6,77.12,2383.4,73.1,84.3,58.1,33.3
Karnataka - Urban District 2354,10980,663.9,34.1,25.0,Wheat,30.0,70.12,3029.2,33.68,1564.8,76.4,101.9,28.0,26.2
Nagaland - Delta District 2355,15842,1091.1,63.2,23.4,Maize,39.9,300.36,4419.0,131.06,774.0,56.6,96.8,42.3,55.0
Delhi - North District 2356,15019,1090.0,61.3,25.6,Rice,30.0,160.35,3975.1,62.97,1118.1,78.8,110.2,65.8,47.3
Kerala - South District 2357,32164,1037.3,28.2,19.9,Maize,30.0,160.23,4096.4,92.8,582.6,51.5,105.3,50.0,24.1
Nagaland - West District 2358,10765,1307.0,61.7,28.1,Wheat,30.0,180.04,3051.0,50.64,1500.6,48.7,108.9,33.0,33.6
Odisha - Hills District 2359,138266,1623.6,65.9,31.6,Pulses,202.1,584.75,9063.8,164.79,5993.7,56.0,111.8,77.1,0.0
Andhra Pradesh - South District 2360,31661,1224.4,73.1,27.1,Rice,30.0,268.65,3742.2,70.58,1233.6,54.3,104.1,75.0,17.1
Himachal Pradesh - West District 2361,79371,1074.3,40.2,18.1,Maize,107.8,657.9,13372.0,334.8,2253.1,70.0,116.3,58.9,0.0
Maharashtra - Urban District 2362,33473,887.0,59.4,26.3,Rice,30.0,132.83,4746.7,68.68,1351.7,66.9,98.3,55.5,23.6
Karnataka - Delta District 2363,20526,831.6,46.8,25.5,Rice,30.0,160.47,3574.6,52.69,1106.6,71.7,123.6,56.2,32.3
Rajasthan - South District 2364,10504,897.7,66.7,27.2,Rice,30.0,120.52,3700.6,56.01,1130.4,72.4,104.6,51.7,10.4
Arunachal Pradesh - Rural District 2365,46903,864.0,52.7,20.4,Rice,67.2,278.79,10111.5,130.47,2272.7,64.7,120.5,41.9,8.9
Telangana - Plains District 2366,13377,924.0,35.7,26.7,Maize,30.0,182.43,3328.9,93.46,539.3,68.7,108.6,73.0,57.2
Andhra Pradesh - Hills District 2367,58802,994.2,39.8,28.3,Rice,109.6,427.37,13875.9,187.93,4397.6,58.9,118.1,66.6,0.0
Nagaland - North District 2368,25871,1353.4,65.1,23.1,Rice,37.4,255.57,4644.6,71.53,1622.3,54.5,98.8,43.2,41.6
Andhra Pradesh - Rural District 2369,73044,1262.2,73.4,27.5,Rice,163.0,1114.94,18014.2,449.95,5756.9,65.5,95.3,47.1,0.0
Arunachal Pradesh - Valley District 2370,9802,1795.8,65.4,22.6,Wheat,30.0,274.29,3075.8,62.6,1629.5,20.0,101.3,48.0,46.8
Madhya Pradesh - East District 2371,11569,554.9,42.3,24.6,Maize,30.0,125.05,3968.0,78.59,638.3,83.2,102.7,43.7,20.3
Meghalaya - Delta District 2372,14089,1122.1,52.7,20.3,Wheat,30.0,154.53,3515.7,60.62,1536.0,59.2,96.8,31.3,48.3
Assam - North District 2373,25043,1140.2,60.3,23.7,Rice,32.7,179.34,4395.3,65.56,1318.7,56.4,116.0,37.0,38.3
Uttar Pradesh - South District 2374,16940,251.0,34.6,27.2,Maize,30.0,53.07,3810.0,74.06,576.1,92.0,104.5,54.9,35.2
Odisha - Plains District 2375,12005,912.8,52.1,26.0,Wheat,30.0,138.44,3086.9,49.8,1499.0,83.4,90.7,72.3,43.7
Uttar Pradesh - Coastal District 2376,41147,1351.3,41.5,23.8,Wheat,82.6,470.26,8266.3,115.84,4188.6,55.6,86.4,62.7,37.3
Arunachal Pradesh - West District 2377,19206,1227.5,59.4,28.8,Maize,30.0,184.33,3242.1,77.24,601.8,59.7,94.5,66.5,42.2
Punjab - South District 2378,44558,1850.0,43.0,22.9,Rice,38.4,319.79,5901.5,96.52,1483.7,50.2,112.4,64.7,18.6
Tamil Nadu - Delta District 2379,9568,970.8,51.3,27.1,Maize,30.0,191.19,3446.8,91.91,603.7,67.2,83.5,27.5,38.0
Haryana - Coastal District 2380,17730,1269.8,50.3,29.4,Wheat,30.0,67.41,3318.8,32.58,1507.1,63.5,117.7,52.1,26.3
Andhra Pradesh - Rural District 2381,46259,953.3,79.1,16.5,Wheat,73.3,373.16,6634.8,103.28,3440.1,72.6,110.6,71.4,14.6
Jammu & Kashmir - Valley District 2382,31786,1808.2,48.8,33.0,Rice,41.7,326.77,5385.9,117.48,1581.1,18.2,104.7,60.6,0.9
Goa - Rural District 2383,18685,711.0,45.7,27.7,Wheat,30.0,129.27,3130.2,45.15,1499.2,52.0,97.7,38.0,28.9
Telangana - Central District 2384,46471,908.8,68.4,27.3,Pulses,104.5,215.63,4089.5,59.78,3105.8,72.4,102.8,55.4,16.7
Odisha - Urban District 2385,53968,1111.8,55.4,30.2,Maize,67.6,473.81,8990.8,228.44,1457.7,74.5,105.8,41.6,1.4
Assam - Plateau District 2386,11120,1537.8,57.8,33.3,Rice,30.0,203.71,3606.7,61.41,1286.4,48.0,109.2,42.6,16.5
Arunachal Pradesh - Hills District 2387,19150,1330.8,65.4,30.0,Wheat,47.1,237.56,5321.2,72.09,2246.0,52.8,103.5,40.4,53.1
Kerala - North District 2388,12321,1252.6,70.8,16.5,Wheat,30.0,154.8,2754.6,56.0,1557.1,47.1,104.2,52.0,45.7
Punjab - Plains District 2389,31406,1234.8,51.8,31.7,Rice,58.9,341.98,7681.1,137.54,2512.5,53.8,109.2,73.7,11.0
Goa - Coastal District 2390,61011,900.1,71.6,28.4,Wheat,82.9,360.52,8333.9,143.55,4146.2,64.2,107.4,34.6,0.0
Puducherry - Plateau District 2391,21623,1262.2,43.7,25.3,Rice,45.4,235.71,5536.2,92.37,1740.5,63.7,86.5,32.7,42.3
Arunachal Pradesh - Central District 2392,17500,1118.1,53.5,25.7,Maize,30.0,228.6,3854.1,86.86,679.6,58.1,104.4,51.9,34.4
Himachal Pradesh - East District 2393,39435,877.9,50.3,27.9,Wheat,48.4,209.85,5498.9,59.01,2309.6,59.4,104.3,33.0,28.0
Kerala - Central District 2394,16164,1083.0,67.9,27.1,Maize,32.2,218.0,3430.4,100.58,600.8,62.5,120.7,56.9,28.5
Manipur - Rural District 2395,10007,1456.5,65.1,26.6,Rice,30.0,230.0,3538.3,70.02,1170.7,29.6,111.2,44.5,53.6
Meghalaya - Plateau District 2396,30472,814.3,51.6,32.9,Pulses,61.8,110.86,3065.0,42.57,1865.0,86.6,101.0,66.9,29.3
Uttar Pradesh - Urban District 2397,53333,1080.9,39.6,21.7,Rice,79.5,350.21,10570.3,167.63,2810.4,71.1,122.1,46.1,9.1
Tripura - North District 2398,90048,984.6,67.1,32.9,Pulses,92.4,194.34,3455.3,61.22,2714.2,64.6,113.9,60.8,0.0
Delhi - Plains District 2399,15650,633.5,71.8,29.4,Rice,30.0,189.55,3710.6,59.07,1208.8,80.4,100.8,52.8,42.4
Haryana - South District 2400,32786,946.0,62.3,29.3,Rice,51.1,218.59,6199.5,80.08,1964.3,77.0,114.4,54.2,24.6
Jammu & Kashmir - Plateau District 2401,40793,886.5,72.5,29.0,Maize,64.6,387.03,6829.9,128.78,1354.5,65.9,118.8,27.5,26.4
Chhattisgarh - Plains District 2402,21066,1556.2,71.7,29.0,Rice,35.5,271.36,4768.2,88.51,1282.2,35.1,105.6,35.8,27.5
Uttar Pradesh - Urban District 2403,12832,688.0,57.2,25.8,Rice,30.0,163.17,3811.6,47.43,1229.9,75.0,90.8,59.3,46.2
Arunachal Pradesh - Valley District 2404,19863,908.5,67.1,28.4,Maize,35.3,282.86,3679.0,111.44,717.5,77.0,100.4,51.4,22.5
Odisha - Urban District 2405,18140,961.6,38.6,26.6,Maize,30.0,174.05,4662.8,78.53,611.3,58.5,90.5,45.7,30.5
Tripura - North District 2406,14490,815.4,70.6,27.7,Maize,30.0,148.66,3510.2,88.04,575.9,81.0,110.1,46.1,32.6
Arunachal Pradesh - Plateau District 2407,65621,1292.9,63.3,26.6,Wheat,92.6,444.41,9446.8,145.64,5171.3,47.9,105.5,70.8,9.1
Karnataka - North District 2408,39798,1094.2,33.0,23.5,Rice,30.0,197.6,4801.5,56.07,1256.3,76.7,101.6,51.3,26.9
Karnataka - East District 2409,84965,1174.3,72.3,25.8,Wheat,91.7,481.32,10168.8,148.33,4455.6,60.4,101.5,47.2,0.0
Andhra Pradesh - Plateau District 2410,54898,960.0,63.3,21.8,Wheat,82.1,259.78,7972.8,120.56,4211.7,58.2,115.8,52.2,0.0
West Bengal - Central District 2411,4931,402.6,48.2,26.1,Wheat,30.0,55.36,3084.6,36.96,1400.9,87.8,117.4,33.2,36.3
Maharashtra - Central District 2412,19020,416.5,54.7,26.2,Pulses,30.0,15.45,1257.9,20.89,900.0,87.6,110.3,56.4,20.9
Tamil Nadu - Rural District 2413,32450,1141.4,84.3,24.8,Maize,52.4,414.56,4299.9,184.66,1023.4,71.7,112.2,67.1,14.5
Delhi - South District 2414,16988,959.8,60.6,23.7,Wheat,30.0,75.76,3220.3,37.27,1273.1,61.7,102.4,37.6,19.1
Goa - North District 2415,22763,1364.2,84.9,30.6,Maize,50.3,383.07,4092.1,138.81,1043.2,39.2,118.1,48.5,7.3
Meghalaya - Central District 2416,156884,488.2,82.8,26.6,Pulses,349.4,165.18,12811.9,202.09,10200.8,67.2,97.4,76.7,0.0
Uttarakhand - East District 2417,6059,1069.8,38.6,30.9,Wheat,30.0,106.13,3080.7,37.84,1425.7,59.1,99.3,33.1,43.6
Uttar Pradesh - Plateau District 2418,49752,1484.1,71.1,25.1,Maize,124.9,1053.81,14434.7,310.12,2276.7,55.2,110.8,59.9,5.7
Meghalaya - Hills District 2419,16306,757.4,74.6,23.2,Wheat,30.0,151.16,3157.4,33.54,1540.7,67.2,108.4,41.2,32.3
Gujarat - Valley District 2420,85814,1159.0,68.5,18.6,Rice,212.0,1524.64,29295.9,583.07,8643.4,56.6,119.5,55.5,0.0
Telangana - Rural District 2421,45063,1213.8,73.7,28.9,Wheat,68.0,377.08,6984.3,111.05,2923.9,43.8,104.5,44.8,7.3
Tamil Nadu - West District 2422,73501,888.5,70.3,24.2,Wheat,124.9,536.63,11790.6,149.64,6086.8,65.5,109.1,65.5,3.6
Ladakh - Hills District 2423,79080,1427.5,56.9,24.5,Wheat,58.8,382.25,6377.1,93.01,3127.0,62.3,110.8,40.9,0.0
Andhra Pradesh - Coastal District 2424,34713,1184.7,50.6,25.4,Wheat,50.5,229.55,5087.4,67.67,2689.7,48.7,99.7,52.6,21.2
Nagaland - Hills District 2425,39104,1213.1,25.0,26.8,Rice,35.7,194.75,5823.6,76.57,1610.5,58.6,118.7,54.5,10.6
Jammu & Kashmir - Central District 2426,11714,715.6,42.6,29.9,Maize,30.0,136.37,3788.0,81.81,624.6,78.8,99.7,37.5,38.5
Himachal Pradesh - Coastal District 2427,6057,1168.0,52.4,29.2,Pulses,30.0,71.1,1361.8,18.23,978.8,58.5,98.8,36.4,42.1
Bihar - East District 2428,54056,387.5,65.4,33.0,Maize,95.0,471.36,11725.9,198.42,1959.0,73.7,113.4,68.4,42.4
Ladakh - East District 2429,11283,200.0,58.6,25.9,Maize,30.0,78.14,3937.8,66.82,569.6,81.0,108.0,58.2,47.2
Nagaland - Valley District 2430,101190,663.7,64.2,28.4,Rice,62.7,287.22,7748.8,120.38,2595.9,66.1,99.4,72.8,0.0
Assam - Plains District 2431,9193,1232.7,76.1,35.0,Wheat,30.0,155.69,2911.7,36.48,1540.4,60.6,107.5,42.8,13.8
Arunachal Pradesh - Delta District 2432,21350,419.0,73.1,27.7,Wheat,31.9,44.15,2991.5,32.24,1609.4,89.4,100.9,41.3,30.7
Telangana - Plains District 2433,49209,1119.6,74.4,32.3,Maize,83.8,490.94,7967.4,264.25,1779.0,83.9,106.5,62.6,13.4
Nagaland - Central District 2434,6848,1261.3,58.8,24.1,Wheat,30.0,173.4,3199.6,48.38,1594.5,58.8,103.0,40.8,19.6
Assam - Plains District 2435,11433,734.8,63.9,26.4,Wheat,30.0,126.57,2700.0,41.98,1461.7,55.2,103.4,55.9,14.0
Rajasthan - Rural District 2436,12435,1060.2,57.1,28.1,Rice,30.0,146.34,3938.5,60.96,1165.7,52.8,90.5,39.6,26.2
Maharashtra - Delta District 2437,76124,1736.2,50.4,21.4,Wheat,62.3,380.96,6951.0,106.24,2852.4,43.4,115.4,63.1,0.0
Nagaland - Urban District 2438,78614,1487.3,68.3,25.2,Rice,104.3,727.53,12181.1,218.47,3985.1,32.1,98.6,66.5,0.0
Uttarakhand - Urban District 2439,78460,908.8,56.5,25.4,Wheat,110.0,441.22,11175.1,179.76,5657.9,77.5,115.9,61.7,0.0
Jammu & Kashmir - Rural District 2440,33619,1172.2,44.3,26.7,Rice,30.9,210.77,4675.1,56.65,1240.0,55.6,97.3,48.7,27.5
Uttarakhand - East District 2441,52359,1713.3,75.1,31.1,Wheat,108.1,712.34,10611.8,213.67,5744.1,41.4,88.4,46.1,0.0
Meghalaya - Central District 2442,24357,1219.6,68.3,19.5,Maize,31.5,179.94,3122.5,89.45,561.4,63.6,96.5,39.5,52.7
Himachal Pradesh - Plateau District 2443,17206,1145.9,71.6,28.6,Pulses,31.4,97.87,1313.6,19.54,893.2,48.2,102.4,34.2,46.0
Bihar - North District 2444,13572,918.1,60.2,27.1,Maize,30.0,173.95,3194.9,66.14,622.2,50.4,113.5,39.0,32.6
Madhya Pradesh - Plateau District 2445,3111,1348.5,70.8,27.5,Wheat,30.0,177.69,2860.0,41.51,1711.9,50.8,104.1,58.8,36.0
Manipur - Coastal District 2446,30416,1318.0,94.6,30.1,Maize,36.7,354.92,3644.3,136.53,805.3,52.5,113.4,28.7,40.0
Telangana - South District 2447,11275,1075.4,64.0,30.3,Maize,30.0,188.01,3650.7,71.77,570.3,54.6,106.5,47.1,40.0
Jammu & Kashmir - East District 2448,49012,1527.3,42.4,24.4,Maize,100.3,779.92,11691.9,338.18,2212.8,49.4,113.7,37.4,1.1
Tripura - Hills District 2449,69635,1074.6,69.8,26.3,Maize,163.6,827.24,19097.2,339.58,3773.1,54.6,99.7,90.2,10.2
Odisha - Rural District 2450,147174,638.4,45.9,28.7,Pulses,185.1,406.04,10905.9,144.45,5969.5,73.5,94.0,53.9,0.0
Rajasthan - South District 2451,31342,1035.1,61.9,24.9,Wheat,30.0,133.43,2710.8,46.56,1505.3,68.8,104.2,50.9,30.0
West Bengal - Rural District 2452,11770,1125.9,70.5,23.8,Maize,30.0,181.99,2601.7,115.47,541.1,75.6,111.2,39.3,38.7
Assam - Plateau District 2453,48354,1516.5,52.7,27.8,Rice,88.8,504.75,11417.8,206.39,3615.4,38.8,108.9,65.4,21.4
Arunachal Pradesh - Plains District 2454,35245,1076.3,61.1,29.0,Maize,40.1,217.51,4046.6,145.22,797.0,66.2,110.6,20.2,9.6
Uttar Pradesh - Urban District 2455,11116,592.2,44.7,31.0,Pulses,30.0,56.74,1481.2,21.42,895.8,80.6,82.5,50.0,46.2
Odisha - Rural District 2456,11794,1504.0,56.4,36.2,Pulses,30.0,93.38,1408.1,24.63,814.4,61.9,113.5,25.0,30.0
Arunachal Pradesh - Urban District 2457,10857,823.5,61.5,22.0,Wheat,30.0,124.65,3227.4,44.04,1656.4,81.3,107.7,36.2,39.2
Assam - Urban District 2458,73256,898.7,71.3,24.0,Maize,69.8,442.29,6962.6,209.27,1407.8,77.2,117.4,75.2,0.0
Goa - Valley District 2459,12878,1377.9,55.9,28.4,Wheat,30.0,164.84,3286.7,58.28,1476.5,60.7,95.5,37.3,34.0
Uttarakhand - Valley District 2460,16135,954.0,53.3,29.5,Pulses,32.9,57.44,1483.0,17.38,1065.9,68.2,118.1,37.6,29.1
Nagaland - Urban District 2461,38764,1035.7,32.9,24.7,Rice,41.6,210.04,6333.2,99.07,1718.9,59.3,103.5,56.8,11.9
Kerala - Coastal District 2462,17883,1365.5,83.8,25.4,Rice,31.5,218.73,3922.2,70.31,1233.7,48.2,115.0,43.1,24.2
Puducherry - Urban District 2463,60877,898.8,64.0,28.0,Pulses,88.1,175.58,3310.5,76.31,3018.7,65.9,112.2,53.0,6.7
Meghalaya - Coastal District 2464,19507,1066.1,60.0,23.5,Maize,32.0,180.82,3856.1,78.05,581.7,52.7,111.4,77.5,33.5
Andhra Pradesh - North District 2465,8907,850.6,70.9,24.5,Rice,30.0,133.72,3958.1,47.71,1144.9,76.4,104.0,47.5,54.2
Nagaland - South District 2466,9916,1298.7,42.5,22.7,Wheat,30.0,162.72,3122.3,34.2,1476.9,62.6,106.3,39.3,34.3
Gujarat - Valley District 2467,25219,1465.6,85.7,24.8,Wheat,37.3,237.71,3639.6,59.57,1814.5,50.4,97.5,24.6,32.7
Jammu & Kashmir - Urban District 2468,33839,1486.6,67.4,29.3,Wheat,81.5,442.66,7933.2,144.31,4162.3,52.9,94.3,45.4,23.7
Puducherry - Plains District 2469,24239,801.0,41.4,31.6,Maize,35.2,159.33,4489.2,75.65,685.3,73.4,112.1,46.4,9.2
Andhra Pradesh - Delta District 2470,18700,1113.1,48.0,39.1,Rice,30.0,147.52,4513.3,62.18,1292.4,75.4,99.9,45.3,20.1
Madhya Pradesh - Rural District 2471,14422,535.6,61.7,20.3,Rice,30.0,125.92,3570.8,49.69,1247.2,92.2,106.2,53.6,50.5
Ladakh - Plains District 2472,18638,512.3,78.2,31.7,Rice,30.0,127.8,3138.5,72.7,1217.7,100.0,107.5,42.2,24.4
Manipur - Valley District 2473,16191,1146.8,83.3,31.3,Rice,30.0,155.26,2899.5,49.27,1162.2,55.6,93.8,49.9,40.2
Bihar - Central District 2474,22341,1476.9,66.8,23.7,Wheat,34.4,243.58,4072.4,63.97,1824.1,43.4,119.5,37.6,30.2
Sikkim - Valley District 2475,10154,1440.5,75.2,24.5,Rice,30.0,190.04,3220.9,68.03,1202.1,37.0,115.0,44.1,48.4
Gujarat - Urban District 2476,38702,1387.0,73.9,30.9,Maize,67.5,505.26,6539.5,195.31,1376.6,51.3,96.0,55.3,24.7
Meghalaya - Urban District 2477,64040,1040.9,50.8,26.4,Rice,78.1,452.39,9528.6,196.42,2896.2,50.3,117.6,61.8,0.0
Himachal Pradesh - North District 2478,11656,804.8,63.6,26.2,Rice,30.0,192.16,3830.0,70.24,1208.1,64.0,96.4,62.2,33.8
Meghalaya - Delta District 2479,17556,1135.2,61.2,26.3,Rice,30.0,171.37,4009.5,66.72,1346.2,63.3,107.6,40.7,12.8
Haryana - Central District 2480,9970,1047.6,52.4,35.0,Maize,30.0,218.45,3327.8,93.73,612.0,63.0,102.5,33.4,45.6
Chhattisgarh - Valley District 2481,20320,705.0,67.4,24.5,Maize,44.7,255.3,5050.8,102.6,923.0,79.6,108.6,60.8,28.5
Himachal Pradesh - Valley District 2482,35187,1132.4,36.7,29.4,Wheat,62.3,268.78,6664.2,98.13,3317.0,56.4,105.7,62.4,23.0
Sikkim - Plateau District 2483,66115,200.0,64.6,29.3,Maize,90.7,145.86,9741.4,207.08,1874.7,100.0,116.0,68.2,0.0
Gujarat - Coastal District 2484,33912,912.9,94.0,25.7,Rice,40.9,238.98,3544.3,96.77,1703.7,53.5,113.0,66.8,12.6
Madhya Pradesh - East District 2485,128481,1504.4,26.5,29.1,Rice,148.0,942.43,25030.8,337.64,5848.3,46.2,114.5,76.6,0.0
Odisha - Coastal District 2486,19125,1466.7,34.3,25.0,Maize,30.0,232.42,4291.9,80.41,583.7,43.3,92.6,71.3,47.8
Assam - Coastal District 2487,13912,1588.7,60.0,28.9,Wheat,30.0,200.88,2977.1,52.4,1408.9,53.9,113.7,36.0,17.4
Maharashtra - Delta District 2488,53349,546.0,89.3,28.2,Wheat,118.8,284.97,11339.2,132.64,5909.4,84.7,105.0,43.4,2.2
Jharkhand - Hills District 2489,20182,1226.0,57.3,23.7,Rice,47.7,248.71,5294.7,82.29,1660.7,59.1,92.7,58.3,25.8
Uttarakhand - Valley District 2490,7187,1229.6,37.9,25.4,Maize,30.0,158.75,3759.7,81.99,613.7,79.4,91.4,49.0,60.9
Uttarakhand - West District 2491,57299,1076.1,70.6,22.2,Rice,130.1,993.38,15914.5,237.2,5231.6,54.2,107.7,69.5,0.0
Andhra Pradesh - Urban District 2492,17744,708.9,56.0,29.6,Wheat,40.2,162.22,3971.1,57.81,2084.6,79.7,97.7,43.5,44.1
Goa - West District 2493,10027,1170.8,35.5,26.6,Maize,30.0,179.29,4163.1,95.75,618.4,48.0,119.0,63.6,22.5
Puducherry - Plateau District 2494,30050,986.2,47.1,27.4,Pulses,59.9,117.82,2677.5,35.12,1663.4,76.1,109.4,53.2,10.0
Tripura - Valley District 2495,54638,1250.4,57.1,26.8,Wheat,70.8,336.63,8104.9,115.04,3629.4,58.6,123.9,34.6,0.0
Delhi - Plains District 2496,28174,1007.5,47.7,29.9,Wheat,30.5,107.91,3632.0,43.17,1624.0,64.2,101.1,43.1,18.8
Odisha - Hills District 2497,13423,1142.2,60.0,27.2,Pulses,30.0,103.48,1397.1,21.37,838.2,58.9,95.5,37.3,48.8
Karnataka - Plains District 2498,63425,1111.9,63.1,26.6,Rice,125.0,733.61,17740.5,322.59,4921.8,70.0,111.1,77.6,4.3
Bihar - Hills District 2499,8747,1047.6,54.6,18.9,Maize,30.0,162.5,4025.8,62.76,558.3,63.2,109.5,49.6,44.3
Chhattisgarh - Coastal District 2500,36301,1598.5,79.8,28.5,Pulses,48.1,112.95,2058.7,32.26,1444.0,30.2,106.3,54.1,22.8
Punjab - Urban District 2501,18741,1214.0,87.0,30.9,Wheat,30.0,113.4,2368.3,34.35,1686.7,47.0,84.5,24.0,19.8
Jammu & Kashmir - East District 2502,94394,983.5,57.2,29.8,Rice,43.4,199.63,5719.8,95.55,1772.2,62.5,103.0,86.6,0.0
Maharashtra - Urban District 2503,64163,1325.0,67.5,20.9,Maize,131.2,1109.22,16736.2,436.14,2809.0,39.8,116.4,82.6,4.5
Uttar Pradesh - South District 2504,74742,1179.7,51.4,24.8,Maize,142.0,694.39,18009.6,429.01,2883.7,60.3,105.9,62.9,0.0
Meghalaya - West District 2505,10091,833.0,38.7,21.2,Wheat,30.0,117.63,3854.2,44.28,1400.7,61.9,109.0,46.4,49.7
Sikkim - North District 2506,17188,1236.2,36.5,33.3,Rice,30.0,174.33,4282.8,58.65,1074.1,56.2,108.1,46.3,28.3
Haryana - West District 2507,11071,1447.9,43.7,23.9,Wheat,30.0,176.08,3587.2,49.83,1687.9,45.0,117.0,63.1,41.4
Andhra Pradesh - Plains District 2508,7655,923.6,64.8,32.8,Maize,30.0,150.36,3143.2,86.56,619.6,65.1,110.8,75.2,54.9
Odisha - Delta District 2509,20035,1403.9,43.0,20.5,Maize,34.5,265.7,4148.1,114.44,731.7,43.7,98.0,62.9,41.3
Haryana - Plateau District 2510,102030,994.8,51.3,22.7,Rice,202.2,1041.46,30382.9,338.07,8537.5,51.9,106.9,48.8,0.0
Uttarakhand - North District 2511,16841,878.9,36.5,30.3,Rice,31.0,175.34,4503.8,58.86,1088.3,62.1,106.5,44.8,30.3
Manipur - North District 2512,23318,848.6,66.8,25.6,Rice,40.2,212.0,5045.4,83.64,1495.5,61.8,79.6,40.1,24.5
Odisha - South District 2513,16400,1435.0,71.7,31.9,Maize,30.0,189.94,3450.7,76.57,593.4,38.4,111.3,63.2,29.8
Delhi - South District 2514,83151,1669.2,82.0,29.2,Wheat,83.4,595.82,7115.3,148.2,4716.9,31.0,113.6,61.0,0.0
Jammu & Kashmir - Coastal District 2515,62683,654.8,23.5,26.0,Rice,125.2,524.04,22164.4,262.12,5093.9,53.3,103.6,55.8,0.0
Rajasthan - Coastal District 2516,37173,1201.5,64.3,24.4,Rice,30.0,184.95,3810.4,78.81,1275.2,55.5,99.9,46.8,36.1
Chhattisgarh - Plateau District 2517,18072,753.9,76.5,27.8,Maize,30.0,143.62,3458.5,82.47,581.5,70.4,117.1,57.8,36.9
Manipur - West District 2518,15783,1424.8,45.7,31.1,Maize,30.0,215.96,3990.9,84.01,616.4,50.5,104.6,29.3,44.9
Delhi - South District 2519,18442,1166.3,73.4,29.8,Wheat,30.0,120.11,2948.7,35.11,1610.1,59.5,105.0,37.7,33.0
Chhattisgarh - East District 2520,63076,2298.7,49.2,26.4,Wheat,112.1,1098.35,12031.7,176.46,5406.2,17.3,113.1,33.1,0.0
Odisha - South District 2521,41946,1405.0,53.2,26.2,Wheat,30.0,170.14,3005.2,46.67,1487.8,58.0,105.6,52.8,15.8
Tripura - Valley District 2522,27750,1258.3,33.9,25.9,Rice,42.5,220.22,6695.3,84.56,1752.9,43.8,108.2,48.4,36.9
Rajasthan - Coastal District 2523,28102,866.0,65.0,29.5,Maize,30.0,189.18,3465.6,90.86,543.7,71.7,111.0,25.9,21.2
Sikkim - Hills District 2524,17826,1330.7,64.4,28.0,Pulses,31.7,96.39,1652.4,22.55,934.1,54.2,100.0,55.6,40.7
Ladakh - Urban District 2525,16030,1032.8,61.9,25.2,Wheat,33.7,205.76,3580.1,70.06,1763.8,74.7,115.6,42.1,21.0
Telangana - East District 2526,33794,728.5,58.0,25.7,Rice,47.3,132.72,6878.7,82.24,1951.5,61.3,108.9,28.7,33.9
Tamil Nadu - Plateau District 2527,14411,1357.2,40.0,33.5,Wheat,30.0,121.22,2955.2,43.55,1429.1,58.4,104.6,63.4,36.7
Ladakh - Plateau District 2528,31567,441.4,56.2,19.8,Wheat,30.0,124.53,3587.2,37.16,1496.6,90.8,103.5,50.7,33.9
Andhra Pradesh - Hills District 2529,14240,1261.9,23.6,22.5,Pulses,30.0,26.39,1379.8,17.67,867.5,50.3,98.2,40.5,50.1
Nagaland - Plateau District 2530,54924,576.3,47.0,30.4,Maize,87.7,322.78,12586.9,192.28,1875.2,99.4,119.3,63.5,0.0
Himachal Pradesh - Rural District 2531,16129,1244.4,70.6,22.3,Wheat,30.0,122.2,2955.8,43.54,1403.7,50.6,96.1,45.9,53.7
Goa - Plains District 2532,17845,663.6,65.3,34.0,Rice,30.0,140.81,3855.9,47.02,1144.0,78.1,75.9,53.3,43.9
Maharashtra - Coastal District 2533,14533,1124.2,61.6,31.2,Rice,30.0,146.76,3837.7,49.9,1143.7,66.5,113.1,54.6,14.8
Bihar - Coastal District 2534,8856,609.6,43.1,28.0,Rice,30.0,114.91,4346.1,55.58,1213.4,69.7,111.6,61.4,37.8
Arunachal Pradesh - Valley District 2535,94345,1185.1,64.0,28.7,Rice,91.5,492.83,11236.3,184.92,3744.0,74.5,109.2,64.5,0.0
Bihar - West District 2536,17589,1390.5,53.5,27.1,Rice,32.9,226.07,4463.2,77.48,1288.3,57.8,104.4,18.6,0.0
Punjab - East District 2537,9593,1331.9,82.0,25.2,Rice,30.0,220.74,3004.6,65.09,1270.6,53.4,106.5,50.1,33.6
Delhi - Urban District 2538,6344,1152.1,48.1,24.6,Rice,30.0,195.27,4758.6,77.5,1237.2,47.9,88.4,59.6,44.0
Manipur - Central District 2539,60440,1575.6,56.7,28.5,Rice,97.1,618.87,11512.4,199.12,4071.1,49.3,107.7,52.7,0.0
Delhi - Valley District 2540,6158,674.4,99.1,26.5,Wheat,30.0,126.54,2414.4,40.92,1438.3,80.7,91.9,60.2,38.4
West Bengal - North District 2541,1692,853.6,61.1,28.3,Wheat,30.0,141.06,2777.3,34.37,1595.7,68.4,105.0,39.8,41.1
Jammu & Kashmir - Hills District 2542,19898,350.6,65.4,23.5,Rice,30.0,111.73,3897.8,59.5,1192.2,81.5,87.3,41.6,31.3
Odisha - North District 2543,5724,1276.9,69.9,27.8,Wheat,30.0,143.21,2379.8,34.21,1465.1,59.3,110.9,45.6,26.2
Himachal Pradesh - Hills District 2544,32192,1166.1,28.1,24.4,Rice,60.3,370.54,9021.2,143.05,2727.0,54.1,127.6,53.2,46.0
Chhattisgarh - West District 2545,9105,910.5,57.2,30.6,Wheat,30.0,97.56,3425.4,37.32,1560.6,72.8,95.1,24.1,54.7
Himachal Pradesh - Hills District 2546,51589,859.9,71.5,32.3,Rice,56.2,319.97,6484.0,140.12,2324.1,69.5,102.9,67.1,9.9
Haryana - Hills District 2547,10622,1199.2,50.8,35.6,Maize,30.0,190.95,4016.4,75.71,640.1,46.8,99.5,34.9,51.6
Nagaland - South District 2548,7419,1221.1,62.1,26.3,Wheat,30.0,152.22,2936.4,42.77,1400.5,72.9,102.5,39.3,57.7
Madhya Pradesh - Plains District 2549,25509,1301.8,71.1,25.4,Rice,48.8,362.21,5824.2,139.34,2031.8,53.8,110.5,46.1,24.3
Gujarat - Rural District 2550,25882,1235.9,54.5,28.3,Wheat,39.0,190.46,3787.0,53.53,2084.0,48.4,110.3,59.9,41.7
Uttar Pradesh - North District 2551,93917,1098.4,61.3,19.6,Rice,102.0,663.77,13148.3,209.01,3910.3,64.0,110.2,74.0,0.0
Andhra Pradesh - Valley District 2552,29902,880.6,31.7,22.2,Wheat,44.1,160.59,4628.1,56.18,2246.2,71.4,103.8,42.4,34.7
Odisha - Rural District 2553,15841,619.6,79.1,28.3,Maize,30.0,170.42,3124.0,85.58,621.2,62.2,104.5,40.8,57.4
Jharkhand - Central District 2554,25657,1204.3,67.4,24.3,Rice,33.7,199.75,4582.5,79.25,1443.0,69.2,94.5,55.3,34.8
Goa - Plains District 2555,10676,1035.1,89.1,26.7,Rice,30.0,206.45,2926.2,73.12,1153.9,60.6,96.0,41.7,57.0
Meghalaya - Plains District 2556,276637,1145.6,50.5,24.9,Rice,442.4,2333.46,60460.2,577.93,18331.0,61.0,106.7,100.0,0.0
Tripura - Rural District 2557,58429,951.6,62.2,31.0,Maize,64.2,339.38,7339.8,154.62,1229.1,60.3,105.3,52.4,0.0
Tripura - Plains District 2558,8203,1781.5,45.7,29.4,Maize,30.0,238.88,4127.0,91.33,563.8,33.6,114.2,47.5,39.5
Chhattisgarh - Central District 2559,5407,1029.8,43.8,31.9,Rice,30.0,190.66,4001.5,68.6,1209.6,61.3,124.8,39.6,29.0
West Bengal - North District 2560,13084,1418.3,63.1,22.6,Pulses,30.0,51.52,1506.8,15.97,895.0,64.2,103.3,61.0,18.7
Maharashtra - Urban District 2561,10397,890.2,59.0,26.0,Wheat,30.0,111.36,2724.2,41.11,1691.6,70.4,106.2,69.5,26.5
Goa - Plateau District 2562,10663,738.1,70.6,17.9,Rice,30.0,102.43,3807.7,48.87,1280.9,81.8,96.1,50.3,34.8
Chhattisgarh - Plains District 2563,17744,911.5,46.6,29.5,Rice,32.0,145.32,5346.4,59.62,1322.8,81.1,119.7,44.4,27.3
Himachal Pradesh - East District 2564,79083,356.2,100.0,31.0,Maize,134.6,865.92,12265.7,493.13,2817.6,84.8,102.9,96.4,0.0
Sikkim - East District 2565,15872,933.5,73.6,30.1,Wheat,30.0,159.19,2906.0,41.56,1554.0,52.3,109.1,56.0,30.3
Puducherry - Central District 2566,139029,828.8,85.3,34.8,Maize,242.3,1047.7,20163.6,562.57,4135.0,76.5,117.5,76.5,0.0
Odisha - Rural District 2567,39650,1520.8,73.2,25.4,Maize,72.4,649.08,7169.8,245.46,1513.9,57.7,110.0,62.6,14.8
Ladakh - South District 2568,21541,1129.0,74.7,29.4,Rice,30.0,161.16,3284.2,61.46,1199.4,71.9,87.2,65.9,24.4
Madhya Pradesh - Valley District 2569,10457,799.6,44.8,23.0,Wheat,30.0,108.73,3504.6,38.01,1418.3,75.4,123.7,29.5,43.1
Jammu & Kashmir - Hills District 2570,13179,459.9,75.5,28.8,Maize,30.0,108.27,2954.1,66.36,592.8,68.6,97.8,40.8,39.7
West Bengal - North District 2571,25424,985.4,45.4,22.7,Wheat,54.8,231.01,5780.3,80.48,2732.1,63.7,128.6,45.3,9.1
Bihar - West District 2572,58567,1006.2,46.9,32.1,Rice,119.3,607.89,14983.3,248.58,4645.7,71.5,115.1,66.3,0.0
Andhra Pradesh - East District 2573,123540,1395.8,54.9,32.9,Pulses,98.5,223.95,4600.2,76.62,3060.1,60.3,123.4,83.0,0.0
Madhya Pradesh - Delta District 2574,84498,1229.9,64.4,25.9,Rice,84.6,576.45,10275.5,127.22,3120.4,48.8,114.4,62.1,0.0
Delhi - Plains District 2575,47484,1125.5,51.8,29.5,Pulses,48.3,53.73,2174.6,33.37,1390.8,52.9,116.3,47.5,36.6
Madhya Pradesh - West District 2576,40079,1225.5,30.5,20.4,Wheat,83.7,361.18,10699.8,108.48,4087.8,52.2,117.3,70.6,32.1
Chhattisgarh - North District 2577,46409,1117.6,38.9,27.7,Wheat,49.3,160.55,6275.3,76.34,2382.7,52.8,86.0,32.0,0.0
Himachal Pradesh - Delta District 2578,51300,1270.7,46.2,29.9,Rice,83.1,328.32,11163.1,126.58,3314.3,60.5,117.8,53.2,1.9
Jharkhand - Valley District 2579,66194,1499.4,66.8,27.3,Rice,62.2,365.91,7074.7,144.91,2536.3,32.6,83.6,45.5,0.0
West Bengal - Central District 2580,47923,1145.0,66.2,29.7,Rice,84.8,358.26,11951.6,139.67,3404.2,48.2,91.9,24.9,2.3
Ladakh - South District 2581,18033,1096.8,84.3,32.3,Maize,30.0,226.15,3402.0,78.38,574.2,47.4,93.3,57.2,42.7
Arunachal Pradesh - Coastal District 2582,27427,1284.8,92.9,30.7,Rice,58.1,396.14,5105.9,140.48,2152.6,35.4,93.1,56.4,39.5
Chhattisgarh - Plains District 2583,27754,1067.9,34.3,20.8,Maize,53.3,284.06,6320.0,129.32,1128.8,55.4,94.6,52.5,23.2
Telangana - Rural District 2584,52039,1324.4,63.8,28.5,Maize,78.1,491.73,8608.9,183.86,1473.5,46.7,108.0,40.8,37.2
Jammu & Kashmir - South District 2585,116998,735.3,48.1,21.3,Pulses,241.2,643.45,11835.0,190.91,7845.5,71.8,117.0,90.7,0.0
Tamil Nadu - North District 2586,28838,1279.2,50.0,27.3,Rice,36.7,198.83,6222.2,78.58,1465.4,52.9,104.7,53.4,15.4
West Bengal - Central District 2587,13038,1250.6,63.1,30.3,Maize,30.0,209.54,3148.8,123.38,593.6,65.8,103.3,36.4,19.9
Jammu & Kashmir - Delta District 2588,26642,1231.7,58.2,28.0,Rice,32.5,212.41,4680.7,68.27,1281.3,56.5,88.3,55.6,41.9
Madhya Pradesh - Urban District 2589,17347,334.4,75.6,28.8,Maize,30.0,58.26,2996.0,52.08,578.8,87.4,101.5,48.0,16.7
Nagaland - Valley District 2590,34883,1415.0,45.1,25.7,Wheat,51.2,254.73,6287.1,77.3,2395.1,49.2,96.5,62.3,0.0
Telangana - West District 2591,126850,1032.0,50.2,26.8,Wheat,164.8,713.6,17211.5,230.98,8358.3,64.4,107.7,83.2,0.0
Bihar - Plains District 2592,18033,791.9,73.1,30.0,Rice,32.1,171.7,4315.0,64.27,1328.8,73.7,100.3,58.4,10.7
Madhya Pradesh - Plains District 2593,225683,1518.4,46.6,26.1,Wheat,265.0,1868.81,34228.0,460.93,13143.7,34.4,118.6,87.2,0.0
Nagaland - Delta District 2594,17139,586.4,46.8,26.4,Rice,30.0,126.25,4082.7,60.85,1028.9,77.3,104.3,60.2,19.1
Himachal Pradesh - Valley District 2595,14665,994.4,93.3,29.5,Wheat,30.0,94.51,2548.0,35.48,1648.8,58.2,96.4,50.3,38.3
Chhattisgarh - Plains District 2596,39062,764.1,68.4,27.1,Pulses,30.0,39.83,1254.2,19.0,801.1,72.9,92.9,40.7,5.6
Odisha - West District 2597,52687,1469.2,52.7,26.2,Pulses,111.7,350.84,5057.1,73.88,3401.9,40.0,118.6,69.0,0.0
Puducherry - North District 2598,121311,1166.3,30.8,21.4,Maize,223.2,1248.95,34940.1,633.92,4780.9,58.8,114.5,93.9,0.0
Delhi - Valley District 2599,33009,700.4,73.5,27.4,Rice,50.7,252.69,5560.0,124.93,1733.7,81.0,100.2,74.5,30.1
Haryana - Valley District 2600,6376,1294.7,57.2,29.4,Rice,30.0,233.93,4172.3,70.96,1253.8,70.7,119.6,34.3,52.7
Bihar - Valley District 2601,11798,400.0,90.5,23.4,Maize,30.7,106.83,3048.3,75.66,631.7,89.0,90.8,36.2,49.4
Rajasthan - East District 2602,8048,1290.8,65.8,34.8,Wheat,30.0,198.73,3037.0,42.52,1441.7,55.0,100.0,58.6,3.2
Manipur - Plains District 2603,41517,980.1,61.1,24.5,Wheat,44.4,211.92,4688.7,79.03,2177.3,76.0,95.7,44.6,32.6
Jharkhand - Delta District 2604,6562,1062.6,64.6,26.6,Rice,30.0,163.18,4120.5,65.18,1166.8,58.3,108.3,69.9,57.5
Maharashtra - West District 2605,16484,1449.3,50.2,32.2,Rice,33.6,200.14,4285.0,66.17,1401.4,47.0,123.1,56.6,34.2
Andhra Pradesh - Plains District 2606,27576,487.3,31.8,32.7,Rice,42.7,151.59,6274.2,71.03,1883.2,82.4,104.1,42.5,26.7
Delhi - South District 2607,23225,1889.3,47.2,32.6,Wheat,30.0,280.57,3303.0,49.09,1416.7,42.3,114.9,62.6,26.1
Bihar - Plains District 2608,17644,1318.2,85.0,28.8,Rice,33.8,268.86,3684.5,95.17,1319.9,43.3,99.1,45.1,50.7
Ladakh - Central District 2609,12460,938.0,81.8,24.7,Maize,30.0,166.15,2873.9,96.25,620.8,52.7,105.5,52.9,34.5
Madhya Pradesh - South District 2610,15984,1635.5,53.4,27.4,Maize,31.6,246.5,3728.2,88.63,665.4,34.2,101.5,48.8,37.0
Jharkhand - Central District 2611,14107,845.2,65.7,30.0,Rice,30.0,160.26,3283.0,59.33,1233.8,60.0,114.3,57.1,51.6
Haryana - North District 2612,30624,896.9,33.4,26.3,Rice,42.6,178.22,6171.3,75.84,1644.1,63.4,92.7,61.6,0.0
Puducherry - Urban District 2613,43244,1153.9,62.5,29.4,Wheat,63.7,345.44,5468.1,100.59,3050.8,49.8,111.4,68.6,4.8
Manipur - Urban District 2614,25183,690.0,87.1,31.6,Rice,30.0,97.96,3300.8,59.0,1192.2,66.0,88.7,68.5,38.3
Ladakh - Central District 2615,24466,917.2,75.3,31.2,Maize,47.0,272.87,4529.5,118.7,913.8,60.9,111.4,46.0,29.9
West Bengal - Central District 2616,11385,585.4,34.1,22.9,Wheat,30.0,80.11,3789.4,39.22,1581.4,79.2,103.9,37.8,37.1
Chhattisgarh - Rural District 2617,30602,755.8,20.6,26.7,Rice,32.3,91.9,5091.0,52.22,1209.1,78.3,110.2,74.9,20.2
Karnataka - West District 2618,11344,1471.2,72.8,19.8,Pulses,30.0,104.33,1126.8,24.52,845.2,67.1,90.6,18.9,29.0
Kerala - South District 2619,19219,1144.4,39.0,24.6,Rice,38.9,184.75,4720.6,67.36,1578.7,70.4,105.6,24.5,46.3
Kerala - North District 2620,33198,1603.2,30.5,25.5,Wheat,34.9,178.34,3975.7,59.2,1661.6,43.0,118.8,62.8,0.1
Odisha - Coastal District 2621,50670,1640.4,52.1,26.2,Rice,89.8,714.04,12367.1,193.22,3813.3,37.2,111.9,51.1,0.0
Ladakh - Urban District 2622,64079,1054.9,51.3,23.7,Wheat,92.7,305.4,7505.0,92.88,4660.4,59.3,94.7,50.9,4.8
Meghalaya - Valley District 2623,33393,803.8,71.1,29.6,Maize,53.8,359.13,6452.7,181.08,878.8,77.2,107.3,73.3,9.2
Gujarat - Delta District 2624,20669,938.1,70.2,28.2,Rice,41.3,169.64,5313.5,69.47,1762.7,68.0,107.1,27.9,13.4
Sikkim - Plateau District 2625,18607,885.1,63.7,25.2,Rice,35.6,156.7,4463.0,71.53,1353.9,45.2,101.8,37.2,30.8
Andhra Pradesh - West District 2626,135064,1405.0,65.1,22.9,Maize,225.6,980.05,28994.9,639.14,4559.8,60.4,115.3,71.7,0.0
Haryana - West District 2627,29131,1015.6,76.8,22.9,Rice,34.8,224.96,4262.5,70.71,1371.5,42.5,93.2,46.6,21.1
Maharashtra - Plains District 2628,62277,966.1,56.2,28.3,Wheat,111.0,453.64,8943.3,137.05,5688.2,56.3,105.6,72.6,23.8
Uttar Pradesh - West District 2629,10970,294.9,51.4,27.4,Rice,30.0,65.4,4170.1,52.53,1179.6,88.6,122.3,55.5,45.1
Bihar - Delta District 2630,9237,994.8,48.3,28.1,Wheat,30.0,169.75,3752.7,34.49,1514.8,75.9,109.4,49.2,51.4
Meghalaya - Delta District 2631,41466,756.9,70.7,23.4,Rice,90.6,444.0,11938.5,149.05,4038.2,57.6,99.8,71.1,36.7
Madhya Pradesh - Urban District 2632,12085,1073.5,84.2,20.7,Wheat,30.0,179.45,2245.1,48.64,1462.3,44.0,109.0,48.2,36.9
Sikkim - Central District 2633,12090,955.5,61.3,25.4,Pulses,30.0,21.62,1433.7,16.37,977.5,92.8,108.0,46.8,39.3
Haryana - Coastal District 2634,77268,1644.0,65.4,31.6,Wheat,107.0,677.62,11029.0,221.68,5482.9,39.4,96.0,51.4,0.0
Himachal Pradesh - Coastal District 2635,7685,821.3,47.0,26.9,Wheat,30.0,154.53,4091.7,52.47,1493.8,77.6,106.8,57.3,35.0
Nagaland - South District 2636,8295,1393.3,75.8,32.3,Pulses,30.0,103.23,1191.3,23.23,979.2,50.4,111.1,41.3,39.3
Bihar - West District 2637,101758,865.3,62.5,26.2,Wheat,120.0,491.26,11255.4,126.57,5915.2,83.0,114.8,52.9,0.0
Odisha - Central District 2638,22899,1618.1,22.3,28.0,Wheat,38.0,266.89,5464.2,77.97,1919.5,49.5,100.7,39.1,31.3
Rajasthan - Plateau District 2639,36139,611.8,51.1,29.4,Wheat,54.7,168.11,4909.7,79.43,2683.1,72.8,105.1,39.2,19.3
Rajasthan - South District 2640,41527,964.2,83.1,23.2,Maize,55.5,433.43,5645.7,189.77,1073.2,62.7,122.4,44.0,1.8
Kerala - Delta District 2641,33058,919.1,58.9,30.1,Rice,45.4,216.23,6012.7,71.07,1823.5,67.4,103.7,45.8,23.2
Bihar - North District 2642,45180,958.3,68.9,28.2,Wheat,57.1,273.35,5055.4,98.03,2701.4,81.3,129.2,64.0,0.0
Gujarat - West District 2643,59114,1312.6,52.7,23.3,Wheat,30.0,181.16,3271.2,55.06,1431.7,61.9,116.7,55.9,10.6
Jharkhand - Delta District 2644,22195,717.7,33.1,27.6,Rice,37.6,112.83,5921.4,66.19,1512.2,57.3,116.2,70.4,25.6
Uttarakhand - Coastal District 2645,60971,909.2,62.4,32.4,Wheat,78.6,347.62,7027.8,105.16,3995.7,48.3,103.1,55.3,0.0
Goa - Coastal District 2646,30993,924.9,47.4,20.4,Wheat,30.0,98.99,3146.7,40.44,1396.4,78.0,118.8,43.7,22.5
Kerala - Central District 2647,62880,764.1,63.3,23.4,Wheat,67.9,360.81,6926.0,91.86,3618.9,80.6,103.8,55.7,0.0
West Bengal - Plains District 2648,14497,1634.3,44.8,23.0,Pulses,30.0,84.29,1304.5,26.11,844.8,37.1,103.6,44.7,20.0
Haryana - Rural District 2649,51614,1376.6,43.4,27.6,Wheat,86.5,336.13,8597.9,128.69,4119.6,44.6,101.8,42.3,25.3
Odisha - West District 2650,12042,1073.2,68.7,30.0,Wheat,30.0,152.13,2694.2,44.53,1465.3,55.3,111.2,37.0,46.7
Uttar Pradesh - Plateau District 2651,56839,1346.0,49.0,27.9,Rice,86.6,662.23,10759.1,214.15,3492.9,62.4,103.6,71.8,13.4
Uttarakhand - Urban District 2652,32469,895.6,59.9,23.1,Rice,37.5,210.2,4784.0,80.59,1470.3,65.1,97.6,56.6,24.4
Goa - East District 2653,12586,1406.3,52.3,23.4,Maize,30.0,242.41,3541.1,114.89,565.5,49.1,103.9,34.9,45.8
Jammu & Kashmir - Central District 2654,21683,1178.1,46.5,26.5,Rice,32.8,173.7,4610.3,69.77,1230.0,50.5,119.0,55.9,41.3
Uttar Pradesh - Central District 2655,26629,680.0,55.5,22.3,Maize,49.4,254.45,6612.1,130.1,974.7,71.9,108.2,63.4,24.7
Kerala - Delta District 2656,107525,1132.4,72.6,32.4,Wheat,92.6,566.59,9238.8,153.13,4610.0,75.8,103.6,63.8,0.0
Uttarakhand - Rural District 2657,132295,1413.7,34.6,25.1,Maize,188.0,1427.3,24698.4,635.37,3681.0,41.9,89.1,97.3,0.0
Gujarat - Coastal District 2658,14759,1244.2,70.5,25.0,Wheat,30.0,198.99,3229.8,49.13,1323.7,60.3,111.6,39.0,37.5
Jharkhand - Coastal District 2659,25273,1451.3,57.4,26.1,Rice,43.5,196.68,7351.6,93.0,1838.0,63.0,93.8,45.5,3.2
Puducherry - West District 2660,91703,1458.5,19.5,29.0,Wheat,131.1,545.28,15868.5,130.75,6736.3,36.8,111.5,40.5,0.0
Karnataka - Plains District 2661,15649,616.8,70.6,27.7,Maize,30.0,96.55,3436.7,53.69,586.1,97.5,85.0,76.0,44.1
Sikkim - Urban District 2662,27493,1769.8,66.2,21.4,Maize,60.9,496.78,6441.8,210.29,1203.7,24.8,92.6,60.6,27.8
Assam - Central District 2663,38835,550.9,71.5,24.6,Rice,49.3,186.75,6614.4,76.56,1792.2,79.7,94.6,38.3,0.0
Karnataka - Rural District 2664,63898,998.4,54.8,31.7,Wheat,111.1,546.14,12343.3,185.27,5371.3,74.1,116.0,39.5,5.1
Rajasthan - Plains District 2665,55356,669.1,55.9,18.5,Wheat,36.3,130.77,3553.8,51.47,1793.1,74.7,103.0,54.3,0.2
Odisha - Central District 2666,45362,1502.1,68.5,26.4,Pulses,58.7,147.12,2448.9,42.31,1792.8,47.0,107.9,34.8,5.6
Gujarat - Hills District 2667,12536,1265.3,46.3,26.0,Rice,30.0,196.58,4155.5,68.91,1216.6,58.7,89.2,48.5,23.0
Sikkim - Urban District 2668,38323,1065.7,83.6,28.4,Maize,43.6,332.06,4822.8,141.98,884.3,62.6,111.2,41.8,36.8
Andhra Pradesh - Hills District 2669,26790,1145.3,70.9,27.2,Maize,59.1,425.66,4917.6,174.58,1276.7,51.7,106.7,49.1,11.3
Bihar - East District 2670,40748,1358.1,69.1,25.3,Maize,89.6,703.97,9053.1,326.12,1683.2,62.2,93.4,51.6,10.0
Rajasthan - Valley District 2671,10018,1492.6,69.1,29.1,Wheat,30.0,165.19,2926.0,50.03,1514.9,49.6,110.5,58.1,34.3
Jammu & Kashmir - Plateau District 2672,13854,1618.0,46.0,22.9,Rice,30.0,253.84,4149.5,82.63,1215.9,48.4,97.3,67.5,51.9
Nagaland - Hills District 2673,96591,824.1,52.2,28.1,Wheat,265.4,800.79,24487.0,330.04,13174.4,86.1,99.4,57.8,0.0
Punjab - Coastal District 2674,5897,1062.1,73.3,32.9,Rice,30.0,194.09,4252.8,73.79,1221.2,57.0,104.4,33.6,50.9
Goa - East District 2675,159249,842.1,94.9,26.6,Maize,285.1,1974.42,24236.8,878.56,5598.1,68.6,113.1,90.3,0.0
Uttar Pradesh - Urban District 2676,9042,960.4,40.1,22.2,Rice,30.0,139.51,4446.1,53.67,1221.8,63.7,94.6,55.9,44.5
Ladakh - Plains District 2677,18495,1376.6,57.9,32.5,Maize,30.0,205.67,2647.1,101.96,593.1,55.3,96.4,62.5,43.7
Rajasthan - Valley District 2678,41753,687.4,67.3,27.8,Rice,53.6,232.08,6097.3,93.89,2132.7,92.7,108.6,51.7,20.5
Rajasthan - East District 2679,9263,388.6,83.3,27.7,Wheat,30.0,94.91,2589.9,48.88,1407.0,85.7,93.6,74.1,32.3
Andhra Pradesh - South District 2680,32629,797.5,59.0,37.3,Pulses,36.3,67.89,1696.3,28.49,1067.2,67.2,95.9,58.5,24.4
Nagaland - South District 2681,18473,1598.0,24.0,23.9,Maize,30.0,240.45,4773.8,95.46,542.7,35.6,108.1,53.2,16.9
Puducherry - West District 2682,5618,592.5,64.3,27.2,Wheat,30.0,44.21,2930.2,41.29,1430.8,85.2,104.0,44.2,43.7
Sikkim - Coastal District 2683,5503,728.7,46.9,24.4,Rice,30.0,106.03,3712.8,52.16,1261.8,64.6,89.1,41.3,25.7
Nagaland - North District 2684,19860,764.8,43.3,25.5,Pulses,40.6,15.44,1989.5,19.89,1073.1,80.2,118.3,61.2,12.3
Uttar Pradesh - Plains District 2685,6088,1421.5,38.9,25.3,Maize,30.0,214.57,3800.2,112.05,605.1,54.3,87.6,48.3,43.8
Tamil Nadu - East District 2686,24961,1077.3,45.9,25.8,Wheat,56.4,229.54,6427.7,93.34,2561.9,66.1,99.6,31.8,29.4
Sikkim - Plateau District 2687,48340,865.7,42.3,28.8,Pulses,130.9,45.13,5824.4,62.08,4249.2,62.0,108.0,58.4,0.0
Tamil Nadu - South District 2688,65444,694.8,40.8,27.5,Rice,140.7,515.22,21588.7,310.84,5625.4,88.7,75.5,49.3,0.0
Assam - Valley District 2689,42264,890.7,85.7,34.2,Wheat,30.0,114.94,2685.2,48.33,1438.4,68.3,112.0,64.8,10.1
Telangana - Plains District 2690,52699,868.3,78.4,34.9,Wheat,77.7,353.17,6266.6,91.83,3781.4,62.6,97.5,83.9,0.0
West Bengal - Rural District 2691,14826,1380.8,71.9,27.9,Rice,30.0,167.08,3683.2,61.56,1184.0,60.2,95.1,42.9,44.7
Jharkhand - Plateau District 2692,17491,1128.5,28.5,24.9,Pulses,32.4,77.13,1512.6,19.84,969.0,87.1,101.6,69.3,19.9
Nagaland - Valley District 2693,7163,1213.9,50.0,30.0,Wheat,30.0,120.51,2830.9,42.41,1526.9,61.0,115.3,51.7,38.8
West Bengal - Urban District 2694,11214,1011.9,59.1,28.1,Wheat,30.0,128.19,3010.1,53.46,1516.6,63.8,97.3,69.3,48.1
Kerala - Plateau District 2695,16754,710.9,75.9,26.8,Rice,30.0,108.5,3151.0,39.58,1250.9,85.2,76.5,57.6,46.9
Punjab - South District 2696,27982,1334.4,24.2,24.9,Rice,42.6,273.56,7315.0,86.28,1800.0,56.1,108.5,69.9,23.1
Andhra Pradesh - Urban District 2697,41150,1546.1,29.5,31.8,Rice,98.3,777.42,15440.9,281.72,3842.2,47.1,101.4,59.5,5.0
Odisha - Valley District 2698,95751,1389.2,37.3,23.6,Pulses,199.0,213.62,9731.0,124.89,5440.3,48.1,92.3,54.5,0.0
Uttar Pradesh - East District 2699,29191,1277.3,51.9,19.2,Maize,66.7,409.11,7757.0,169.89,1405.5,48.6,90.6,43.8,44.1
Manipur - Rural District 2700,38555,1077.3,57.0,26.4,Wheat,30.0,101.98,3307.6,42.53,1665.4,67.1,112.9,35.4,32.0
Madhya Pradesh - Plains District 2701,8265,653.1,23.2,29.5,Rice,30.0,117.96,5271.9,60.24,1196.9,59.6,116.8,41.9,25.5
Tamil Nadu - Plateau District 2702,17212,1454.1,67.9,26.7,Pulses,32.7,16.68,1307.3,17.65,1020.5,52.0,97.9,55.1,27.8
Madhya Pradesh - Coastal District 2703,11960,1664.9,60.3,23.7,Rice,30.0,269.52,3917.3,78.97,1247.6,33.0,106.0,68.1,33.9
Jammu & Kashmir - Rural District 2704,13757,1657.2,71.8,20.6,Pulses,30.0,73.32,1156.8,17.25,895.5,50.7,111.6,51.4,33.8
Maharashtra - Delta District 2705,21348,1277.8,94.7,29.1,Pulses,30.0,84.35,1056.7,25.47,934.2,56.7,96.2,84.5,27.2
Punjab - Central District 2706,19060,1333.3,33.6,28.6,Wheat,38.2,164.6,4821.0,61.06,1977.3,60.9,102.7,51.3,40.5
Haryana - Central District 2707,13362,1298.1,50.5,22.5,Wheat,32.9,135.0,3643.0,46.89,1662.2,66.8,111.6,36.8,44.6
Bihar - Delta District 2708,7878,1333.2,28.8,23.4,Pulses,30.0,16.6,1540.5,15.47,847.1,54.4,109.1,52.0,53.4
Bihar - Delta District 2709,12234,1568.0,32.6,24.2,Wheat,30.0,191.83,3603.9,55.65,1432.1,49.3,105.0,43.7,44.9
Chhattisgarh - Rural District 2710,5751,1543.6,18.3,30.8,Wheat,30.0,153.37,3448.8,43.84,1601.5,41.6,96.6,39.1,62.3
Andhra Pradesh - Urban District 2711,40436,909.2,45.1,31.9,Pulses,32.7,59.14,1535.0,20.43,988.2,54.5,116.0,30.4,0.0
Arunachal Pradesh - Delta District 2712,16149,1264.3,49.0,31.5,Rice,30.0,216.55,4388.6,57.98,1315.7,63.2,115.9,31.1,32.3
Kerala - Central District 2713,99570,1272.5,69.7,27.5,Pulses,93.4,167.73,3670.4,60.97,2762.2,56.9,114.8,51.1,0.0
Nagaland - Plains District 2714,95544,948.2,83.0,28.4,Rice,146.6,836.75,17181.8,303.78,6267.7,44.3,106.9,87.7,0.0
Himachal Pradesh - Valley District 2715,25102,988.8,62.4,25.9,Pulses,50.6,201.3,2308.8,42.83,1461.2,57.6,102.0,45.6,21.8
Andhra Pradesh - Valley District 2716,31028,923.2,56.8,24.9,Wheat,58.1,183.42,5928.9,92.67,2624.6,77.4,116.3,59.0,26.8
Manipur - Plains District 2717,152827,1241.9,36.5,25.7,Wheat,236.2,1265.25,26740.8,358.64,12909.8,67.1,94.8,89.6,0.0
Jharkhand - Rural District 2718,6378,782.0,30.8,29.4,Maize,30.0,136.12,4533.9,59.87,626.2,70.8,110.9,49.8,33.1
Puducherry - West District 2719,20939,1449.4,42.9,26.4,Wheat,30.0,157.05,3401.5,54.65,1460.6,58.2,114.1,35.2,42.2
Chhattisgarh - Delta District 2720,24841,863.3,58.1,22.4,Rice,30.0,141.08,4343.2,51.78,1128.0,76.3,109.9,45.2,27.0
Ladakh - East District 2721,26141,1113.4,45.3,28.1,Maize,34.8,196.63,3858.9,102.22,653.8,64.9,110.1,58.1,39.5
Gujarat - Plains District 2722,17123,872.9,47.5,26.8,Pulses,30.0,90.43,1521.1,20.95,830.3,52.8,103.2,39.1,18.7
Sikkim - Delta District 2723,92937,625.9,38.5,28.7,Maize,102.7,150.92,11512.8,226.61,1964.7,75.7,102.4,46.1,0.0
Andhra Pradesh - Central District 2724,20301,1541.1,54.0,28.4,Rice,30.0,203.23,4126.9,62.68,1142.6,44.9,110.8,44.7,40.2
Goa - North District 2725,9093,899.9,47.2,27.8,Wheat,30.0,110.66,3278.3,51.02,1445.8,58.1,111.0,67.9,40.6
Arunachal Pradesh - Valley District 2726,21245,1385.1,57.6,27.3,Rice,30.0,208.85,3718.1,66.0,1229.3,53.9,104.1,56.0,31.9
Jammu & Kashmir - East District 2727,23265,376.8,44.8,25.6,Rice,30.0,119.37,4798.8,52.95,1292.3,98.9,100.8,45.5,21.7
Gujarat - Central District 2728,11084,1437.7,53.9,28.9,Wheat,30.0,129.83,3120.9,50.82,1456.7,53.5,79.7,27.5,38.5
Maharashtra - Plains District 2729,18311,1119.4,63.1,30.5,Maize,30.0,183.29,3398.3,81.36,573.4,68.6,103.1,56.7,25.2
Goa - Hills District 2730,9277,822.4,41.9,22.9,Maize,30.0,104.93,3808.3,73.08,609.5,64.4,107.0,52.6,41.7
Himachal Pradesh - Plateau District 2731,39108,545.3,37.8,29.1,Rice,55.7,122.65,8306.2,108.64,2094.0,89.1,93.4,53.7,32.8
Meghalaya - Central District 2732,124822,1134.0,57.3,30.2,Rice,286.1,1503.21,41670.2,624.62,12306.3,43.8,117.6,50.6,0.0
Telangana - Plateau District 2733,77216,1135.9,70.8,20.9,Rice,134.3,1002.07,15061.6,284.48,5891.2,66.7,108.5,79.8,0.0
Ladakh - West District 2734,26073,893.7,65.3,25.2,Rice,47.1,227.61,6379.4,119.12,1846.1,66.8,96.9,38.7,31.6
Haryana - Hills District 2735,46959,1375.9,73.5,27.8,Rice,79.3,495.19,7443.2,135.56,3127.1,59.3,115.9,50.2,19.6
Gujarat - South District 2736,56529,970.0,90.6,24.5,Rice,93.0,557.33,10203.4,231.93,3927.5,49.5,114.7,73.7,0.0
Karnataka - Plains District 2737,62080,973.1,70.1,24.1,Wheat,79.8,446.98,6207.4,148.67,4166.3,85.6,104.4,30.1,0.0
Goa - East District 2738,92207,816.0,42.1,22.3,Rice,136.7,739.34,23502.5,308.58,5453.7,77.9,115.6,66.7,0.0
Maharashtra - Plateau District 2739,95051,749.7,58.8,19.5,Rice,128.3,641.82,18572.4,255.34,4841.3,67.1,102.3,69.8,0.0
Gujarat - North District 2740,14984,1898.4,52.4,22.0,Rice,30.0,189.14,4452.9,76.14,1213.6,23.3,120.3,60.1,23.6
Tripura - East District 2741,94323,2082.3,73.1,25.5,Maize,96.8,1071.95,10379.3,476.54,1976.5,20.0,114.3,70.6,0.0
Uttar Pradesh - Coastal District 2742,12481,1096.2,73.9,27.4,Pulses,30.0,87.5,1389.0,26.73,936.8,54.3,103.8,55.0,33.6
Chhattisgarh - Plains District 2743,41367,1489.1,60.4,26.6,Rice,67.0,518.49,9604.8,207.75,2446.2,46.9,112.1,76.1,0.0
Maharashtra - Central District 2744,21748,680.0,72.6,20.1,Pulses,30.0,116.55,1104.7,25.19,936.8,62.6,101.5,48.3,53.3
Puducherry - Valley District 2745,11462,859.2,60.0,25.6,Rice,30.0,119.96,3656.8,46.83,1276.2,69.8,105.1,39.3,51.6
Uttarakhand - Plains District 2746,8129,1011.1,43.2,18.7,Rice,30.0,154.09,4490.3,54.27,1303.9,51.3,97.7,63.5,33.5
Tamil Nadu - Central District 2747,85958,1617.8,27.9,23.6,Wheat,129.8,923.44,16718.3,208.94,6009.4,50.0,110.8,82.6,0.0
Manipur - South District 2748,21263,1530.7,63.3,24.8,Maize,30.0,248.11,3467.4,77.0,592.3,47.0,97.8,57.6,38.9
Haryana - Plateau District 2749,8017,781.5,51.9,17.8,Rice,30.0,105.84,4691.9,66.3,1354.0,74.3,98.6,33.5,49.9
Maharashtra - Delta District 2750,11152,735.9,50.7,32.5,Wheat,30.0,123.25,2971.5,39.44,1615.8,86.0,107.0,65.7,40.4
Uttarakhand - East District 2751,39978,517.0,48.7,25.6,Rice,68.5,312.81,9957.6,122.2,2613.2,77.0,113.5,40.3,34.0
Delhi - East District 2752,9444,1484.2,57.2,30.5,Pulses,30.0,51.44,1220.8,18.94,833.3,49.7,115.7,38.3,32.5
Tamil Nadu - North District 2753,54222,1152.2,74.5,35.1,Wheat,109.2,611.59,11181.7,195.72,5776.7,60.3,106.0,68.3,8.7
Karnataka - North District 2754,5903,1388.1,43.0,25.1,Rice,30.0,206.11,3878.1,73.02,1126.3,38.8,95.8,41.8,56.7
Arunachal Pradesh - Plateau District 2755,10209,358.2,44.6,19.9,Maize,30.0,85.96,4051.3,70.2,595.0,82.8,97.4,39.0,54.5
Uttar Pradesh - Coastal District 2756,24090,971.8,74.7,31.0,Rice,30.0,188.58,4095.8,66.26,1205.7,60.4,105.9,60.4,42.7
Bihar - Delta District 2757,25562,1201.0,54.6,33.1,Rice,38.4,247.71,6267.3,85.96,1648.1,50.4,90.0,35.7,34.3
Chhattisgarh - West District 2758,3188,1314.5,79.7,24.2,Maize,30.0,250.14,3103.5,94.15,542.2,44.2,103.5,43.9,25.4
Karnataka - East District 2759,19394,1297.5,33.4,20.4,Rice,31.6,162.52,5424.6,70.73,1166.1,55.7,103.2,51.4,35.5
Karnataka - Central District 2760,36029,1236.9,53.0,22.4,Maize,62.9,444.69,7805.5,243.63,1301.5,64.0,105.2,35.1,21.7
Telangana - South District 2761,107551,1461.9,56.2,18.0,Rice,193.4,1514.02,28508.4,447.26,8211.6,52.0,109.6,68.5,0.0
Andhra Pradesh - East District 2762,48994,1001.6,67.4,20.3,Rice,120.8,660.07,15206.9,180.21,4558.2,51.1,104.3,49.0,31.5
Gujarat - Hills District 2763,15441,835.7,35.7,22.4,Rice,30.0,108.51,4650.4,50.45,1209.1,73.6,97.3,49.3,27.8
Uttarakhand - Central District 2764,25285,1516.1,75.4,21.2,Rice,45.3,338.18,4362.3,104.03,1821.8,51.0,112.6,52.1,36.8
Andhra Pradesh - Rural District 2765,44984,666.8,70.2,27.4,Rice,57.4,241.8,7107.5,109.91,2126.3,68.0,115.1,76.1,10.4
Nagaland - Plateau District 2766,89605,911.5,51.0,26.5,Rice,184.9,958.67,25785.5,415.77,8033.3,61.6,104.9,52.7,0.0
Arunachal Pradesh - Plateau District 2767,61727,520.4,37.5,33.7,Wheat,59.1,143.83,6731.3,65.12,2660.5,80.3,121.4,66.6,0.0
Puducherry - Central District 2768,90549,940.6,62.0,30.4,Wheat,202.4,725.17,21339.0,338.89,9725.3,55.6,113.0,62.9,0.0
Puducherry - West District 2769,17275,1020.3,56.7,22.2,Maize,30.0,186.14,3646.5,99.66,589.1,56.5,108.0,30.9,45.6
Delhi - West District 2770,59460,1573.2,54.1,26.7,Rice,43.2,350.3,5516.8,91.53,1659.1,45.9,107.9,50.7,0.0
Karnataka - East District 2771,16463,1169.5,55.1,29.4,Rice,36.6,199.12,4431.2,89.21,1371.2,59.5,109.2,55.9,61.8
Arunachal Pradesh - Valley District 2772,8506,1568.1,45.0,27.6,Rice,30.0,241.37,4078.6,90.96,1239.2,49.2,101.9,72.1,34.0
Jammu & Kashmir - Plateau District 2773,15250,1467.2,79.6,25.6,Wheat,30.0,199.72,2793.8,51.3,1517.8,35.8,94.8,54.2,49.8
West Bengal - East District 2774,35006,1297.4,77.6,29.5,Rice,33.2,242.53,3719.3,79.04,1467.2,55.3,102.5,48.2,14.8
Nagaland - East District 2775,24827,1586.8,54.7,20.8,Maize,55.8,455.17,6176.3,162.92,1108.1,58.7,94.1,40.9,18.6
Manipur - Urban District 2776,27646,1011.3,56.2,35.6,Wheat,30.0,120.41,2693.7,37.42,1400.9,58.7,99.4,47.4,17.1
Goa - Plateau District 2777,24770,654.7,70.4,28.5,Rice,38.7,163.28,4168.5,90.74,1549.1,76.9,102.2,21.6,20.5
Kerala - Rural District 2778,17631,803.0,41.6,27.4,Maize,30.0,142.28,3829.5,73.17,593.1,68.4,102.9,53.3,30.3
Andhra Pradesh - North District 2779,43077,891.5,58.6,29.6,Wheat,102.9,430.04,11741.4,163.55,5695.4,60.3,109.9,68.2,43.2
Punjab - East District 2780,9514,1356.1,53.0,29.9,Maize,30.0,226.87,3570.1,87.91,709.1,73.0,108.3,48.8,23.7
Delhi - North District 2781,18347,1267.3,60.3,25.1,Wheat,30.0,189.94,3099.6,58.19,1614.0,56.1,98.7,58.1,48.1
Goa - Valley District 2782,7966,1288.5,50.2,22.6,Rice,30.0,181.24,3291.3,58.02,1115.9,60.9,93.5,43.2,59.2
Rajasthan - North District 2783,34363,1581.1,39.6,24.7,Wheat,51.4,291.81,5823.6,83.51,2646.8,45.8,99.7,43.9,16.5
Jammu & Kashmir - South District 2784,7745,796.9,71.1,31.2,Maize,30.0,184.35,3478.6,102.89,622.8,76.8,102.0,51.4,35.9
Puducherry - Rural District 2785,60067,572.2,67.1,26.3,Maize,64.1,256.0,7151.4,143.97,1203.8,82.5,129.8,37.0,0.0
Gujarat - Rural District 2786,256814,317.8,64.9,25.4,Rice,485.5,1497.14,66146.7,961.66,18579.5,95.2,110.7,100.0,0.0
Kerala - Coastal District 2787,27446,658.3,51.1,30.8,Pulses,47.3,37.32,2126.2,29.06,1348.2,76.4,106.8,46.2,30.8
Andhra Pradesh - East District 2788,9368,1230.0,73.1,30.4,Wheat,30.0,147.75,2694.7,50.83,1401.7,68.8,104.5,48.5,52.1
Puducherry - Urban District 2789,17660,586.3,49.2,28.2,Wheat,30.0,84.08,3358.7,50.86,1430.5,84.8,104.9,47.0,34.1
Andhra Pradesh - West District 2790,15678,263.4,59.3,29.7,Rice,30.0,85.71,3889.0,53.98,1304.6,95.1,101.7,28.4,17.9
Manipur - Valley District 2791,13436,1085.6,42.7,23.3,Wheat,30.0,127.25,3084.4,52.75,1427.7,68.4,119.7,51.5,37.1
Kerala - Central District 2792,79966,865.6,31.3,31.2,Wheat,181.0,388.56,20721.4,225.86,9018.3,71.9,90.8,72.4,0.0
Goa - Central District 2793,13048,803.7,72.7,27.3,Maize,30.0,180.81,3518.1,86.94,613.6,73.8,112.4,33.0,33.5
Delhi - North District 2794,25005,1098.5,28.1,29.7,Maize,30.0,157.06,4439.8,76.03,678.2,71.4,126.0,64.3,13.1
Uttarakhand - Hills District 2795,20961,719.5,56.3,21.1,Wheat,31.0,123.81,3459.0,36.64,1423.2,63.6,114.2,62.1,55.6
Chhattisgarh - Valley District 2796,17294,1386.8,46.2,22.9,Rice,30.0,162.36,3815.5,61.13,1172.8,59.1,80.2,52.0,53.4
Nagaland - North District 2797,45302,1084.3,43.0,28.7,Wheat,55.9,290.79,6161.9,76.2,2742.9,62.1,106.7,54.0,6.9
Punjab - Central District 2798,66808,805.4,65.2,26.1,Wheat,150.4,555.4,13433.9,211.07,7262.1,72.7,96.2,41.4,0.0
West Bengal - East District 2799,12562,1813.5,62.3,22.9,Maize,30.0,310.04,3516.0,111.07,617.6,26.0,119.8,50.8,32.3
Delhi - Coastal District 2800,100357,1023.3,61.6,26.7,Wheat,156.7,665.02,15224.9,253.92,8308.8,85.6,109.9,62.3,0.0
Meghalaya - Hills District 2801,40268,1007.7,52.8,25.2,Rice,83.9,384.28,10460.1,107.85,3206.4,50.6,103.5,48.5,0.2
Tamil Nadu - Rural District 2802,4516,1101.6,61.2,29.8,Rice,30.0,154.22,3904.2,70.55,1302.8,60.2,93.4,41.0,44.8
Rajasthan - Valley District 2803,23170,807.4,39.7,22.9,Maize,30.0,122.32,3757.4,83.53,554.1,72.3,100.3,35.5,16.5
Chhattisgarh - West District 2804,18932,870.4,63.5,32.6,Maize,38.4,259.11,4506.5,89.2,849.6,60.3,102.7,43.7,20.8
Himachal Pradesh - Plains District 2805,3624,757.6,37.9,30.9,Wheat,30.0,117.27,3295.3,38.58,1580.8,68.9,107.7,37.1,50.6
Delhi - Plains District 2806,8359,1202.3,62.6,25.1,Maize,30.0,226.32,3365.3,112.03,600.1,50.4,99.0,26.8,36.4
Punjab - Urban District 2807,7013,1483.1,73.0,35.6,Rice,30.0,193.84,3167.7,58.37,1299.2,39.1,94.3,48.5,41.6
Gujarat - North District 2808,20741,699.2,74.5,23.5,Maize,36.8,135.25,3931.3,106.17,767.1,74.4,110.1,88.2,42.8
Maharashtra - Delta District 2809,17170,1252.1,41.3,29.7,Wheat,31.2,168.08,3696.7,45.68,1575.8,58.0,95.4,37.5,43.9
Maharashtra - West District 2810,8746,1182.9,62.2,23.8,Maize,30.0,223.58,3372.4,99.85,590.8,65.5,103.9,27.6,50.0
Ladakh - South District 2811,19944,849.2,74.2,33.7,Rice,30.0,181.62,3138.2,56.24,1255.7,42.1,99.2,42.0,50.0
Tamil Nadu - West District 2812,37904,2160.7,48.8,22.7,Pulses,73.1,236.56,3670.1,58.36,2204.1,20.0,124.0,38.8,0.6
Madhya Pradesh - Rural District 2813,11083,807.1,52.0,18.9,Rice,30.0,128.05,4331.9,55.4,1259.0,70.2,119.2,63.0,28.0
Maharashtra - Plains District 2814,13627,1644.5,36.8,31.3,Rice,30.0,192.77,4170.6,71.65,1218.0,42.7,89.2,57.0,32.3
Odisha - Urban District 2815,98542,1653.6,41.9,29.4,Rice,137.5,1100.64,16318.4,334.01,5030.7,57.4,111.7,68.8,0.0
Manipur - Central District 2816,2161,1758.3,52.8,28.2,Rice,30.0,268.15,3988.8,58.5,1107.0,43.0,94.7,52.7,59.3
Jharkhand - Central District 2817,6376,1036.0,31.3,25.0,Maize,30.0,126.94,4272.2,71.97,633.7,66.9,113.2,37.3,35.0
Rajasthan - Plateau District 2818,10128,1319.2,69.9,25.3,Maize,30.0,197.42,3391.9,91.89,583.8,46.9,106.6,75.7,45.5
Odisha - West District 2819,101604,740.0,68.9,23.2,Pulses,213.0,273.6,8892.1,100.02,5629.1,84.1,108.6,58.3,0.0
Uttarakhand - Urban District 2820,14938,1076.6,85.9,25.0,Maize,30.0,208.68,2687.7,86.14,599.6,58.9,109.2,31.0,39.4
Odisha - East District 2821,4685,518.4,77.2,28.7,Wheat,30.0,128.42,2787.6,43.51,1462.1,79.7,124.9,50.8,36.8
Uttarakhand - Urban District 2822,13592,986.5,57.7,29.1,Wheat,31.1,169.06,3174.3,45.34,1485.8,61.0,108.9,43.2,29.5
Himachal Pradesh - Plains District 2823,76534,1206.3,51.8,22.3,Wheat,119.7,592.43,13054.3,121.4,6081.0,41.1,102.8,77.4,0.0
Puducherry - South District 2824,24065,763.0,53.7,26.6,Rice,30.0,127.92,4922.9,57.57,1081.4,80.6,115.1,63.2,4.3
Meghalaya - Plains District 2825,24646,1162.6,68.7,27.8,Wheat,45.7,178.04,4327.9,70.7,1929.6,66.4,101.1,32.4,22.7
Jharkhand - Hills District 2826,75890,1042.9,53.6,18.1,Rice,135.4,655.83,16271.1,254.44,5304.7,53.2,75.7,61.7,2.0
Uttar Pradesh - Central District 2827,32700,1550.1,69.2,32.1,Rice,60.0,461.49,7312.9,132.82,2326.6,48.5,107.4,35.6,28.6
Meghalaya - Plateau District 2828,10423,559.3,54.8,29.1,Wheat,30.0,74.87,3285.0,33.6,1569.3,77.5,100.4,36.2,25.8
Jharkhand - Valley District 2829,134883,1174.1,53.8,32.0,Rice,173.2,786.67,22491.4,352.05,6776.5,54.4,113.0,77.2,0.0
Ladakh - West District 2830,19343,1078.1,45.7,25.3,Wheat,30.0,150.67,3062.0,52.92,1470.7,61.0,117.8,59.5,23.9
Assam - Urban District 2831,23673,1082.1,51.7,27.4,Wheat,30.0,157.33,3240.3,54.75,1373.4,62.8,110.0,94.9,26.8
Assam - Urban District 2832,55068,1258.0,61.6,29.4,Wheat,89.7,399.71,9490.1,134.29,4279.7,52.9,109.6,64.3,6.8
Assam - Hills District 2833,19125,863.3,24.0,32.8,Maize,30.0,150.76,4717.8,74.37,587.3,51.6,108.5,62.9,12.0
Chhattisgarh - West District 2834,21840,977.3,39.8,26.6,Rice,31.4,151.31,5533.8,58.94,1279.1,60.7,116.6,29.9,11.6
Uttar Pradesh - Delta District 2835,21369,1975.2,84.7,26.6,Rice,34.2,370.49,3291.3,109.33,1347.9,16.7,89.7,35.3,48.6
Telangana - Urban District 2836,25549,1776.2,37.9,26.2,Rice,39.5,320.25,6266.1,101.13,1556.5,42.0,103.6,66.1,28.2
Puducherry - Rural District 2837,31015,954.8,51.4,25.4,Maize,30.2,214.3,4465.9,94.79,664.6,58.2,106.6,55.7,27.9
Tripura - South District 2838,67467,869.6,72.1,23.2,Maize,71.0,427.03,8039.1,200.89,1544.2,63.0,106.3,53.4,3.0
Delhi - Coastal District 2839,11558,1342.3,56.3,30.5,Pulses,30.0,44.38,1458.1,26.18,927.4,62.5,91.0,76.5,40.6
Jharkhand - East District 2840,108693,1427.3,64.0,23.1,Rice,274.6,1822.78,36319.1,684.07,11497.1,55.7,92.3,46.6,0.0
Odisha - Valley District 2841,147459,593.6,47.7,30.3,Maize,156.8,358.34,17078.1,401.83,2892.0,88.8,113.6,86.2,0.0
Puducherry - South District 2842,78133,1310.2,60.5,25.7,Wheat,108.5,539.34,10691.3,187.42,5159.6,55.0,126.6,80.4,0.0
Madhya Pradesh - Plains District 2843,60393,1181.2,67.2,17.7,Maize,86.2,654.63,8357.0,269.17,1661.0,53.8,94.1,49.7,0.0
Tripura - East District 2844,9396,1462.7,68.3,26.1,Rice,30.0,285.1,4153.9,75.7,1072.7,29.8,99.6,58.4,52.8
Delhi - Plateau District 2845,13799,1417.6,72.4,27.0,Maize,30.0,234.03,3225.4,99.88,654.0,40.5,90.3,46.6,34.5
Haryana - South District 2846,33150,868.2,74.8,21.1,Wheat,58.8,248.86,4920.2,93.47,2930.5,56.4,102.3,49.4,24.9
Chhattisgarh - Plains District 2847,71329,648.8,24.3,22.2,Rice,81.6,314.16,14647.5,152.89,3379.6,68.2,99.6,69.7,0.0
Maharashtra - Urban District 2848,15679,902.4,70.7,28.5,Pulses,30.0,45.05,1149.7,19.47,929.1,73.0,116.8,66.3,44.6
Telangana - Central District 2849,93275,1241.7,86.5,29.0,Maize,141.4,1361.15,12890.4,496.06,2828.6,49.2,108.5,77.0,0.0
Uttarakhand - Coastal District 2850,53191,1272.5,57.9,24.8,Rice,101.4,607.59,14137.0,205.17,4073.1,68.5,109.6,58.9,28.1
Punjab - Delta District 2851,5053,768.7,38.6,19.8,Rice,30.0,129.88,4684.7,63.04,1107.5,66.3,83.1,52.7,42.9
Himachal Pradesh - South District 2852,49682,506.0,61.5,31.5,Rice,65.8,309.32,8384.6,126.46,2534.9,80.7,129.7,78.1,28.0
Tripura - South District 2853,120996,1607.4,59.1,27.3,Wheat,132.5,920.01,12456.3,258.71,6156.5,43.3,99.6,69.0,0.0
Telangana - Coastal District 2854,48400,1457.1,54.6,20.4,Wheat,53.9,279.79,5563.5,76.74,2490.7,55.3,116.0,55.9,15.4
Maharashtra - Valley District 2855,68763,768.8,78.9,26.5,Maize,88.3,425.14,7804.6,203.77,1775.5,67.6,111.6,34.0,0.0
Assam - West District 2856,20634,879.8,61.5,36.8,Wheat,30.0,103.49,2902.5,46.44,1528.9,69.6,106.5,44.6,46.1
Tamil Nadu - Central District 2857,75538,762.9,57.5,32.9,Rice,127.1,438.79,14831.6,270.66,5092.0,77.0,98.2,73.1,0.0
Maharashtra - East District 2858,19802,1323.6,62.6,29.6,Rice,36.1,221.83,5123.1,75.23,1511.3,65.8,114.9,48.5,18.0
Assam - Rural District 2859,51694,1085.3,79.7,27.3,Maize,90.2,610.43,9028.1,276.1,1851.3,59.5,121.3,41.2,0.0
Himachal Pradesh - South District 2860,22183,904.4,29.2,28.2,Maize,30.0,144.53,4370.9,84.84,578.2,78.6,97.8,39.5,41.8
Chhattisgarh - South District 2861,5041,663.7,49.0,33.7,Maize,30.0,83.89,3941.7,64.61,645.0,89.0,102.5,51.4,47.8
Punjab - Delta District 2862,73950,1509.9,52.9,23.3,Wheat,123.6,934.86,11280.3,250.75,6184.2,64.9,116.0,59.1,0.0
Himachal Pradesh - West District 2863,56108,1463.6,57.0,21.7,Rice,75.7,497.93,7884.5,166.97,2833.5,52.6,108.9,38.1,11.4
Sikkim - Coastal District 2864,18672,788.2,62.9,27.7,Maize,30.0,190.04,3081.6,100.45,648.7,77.5,112.1,50.6,29.1
Rajasthan - Delta District 2865,15926,1628.5,43.0,25.9,Rice,30.0,200.95,4150.4,57.77,1261.2,25.6,102.8,34.6,64.4
Andhra Pradesh - Valley District 2866,38806,1152.5,64.1,26.8,Wheat,66.1,231.27,7056.6,95.6,3357.7,42.2,116.3,59.5,29.0
Uttarakhand - Central District 2867,38975,954.6,50.3,21.0,Maize,42.2,210.14,4787.9,120.18,894.7,56.0,100.7,42.5,20.4
Andhra Pradesh - West District 2868,6584,504.1,46.2,30.8,Rice,30.0,97.0,4524.8,53.54,1039.4,79.2,104.2,26.3,31.2
Himachal Pradesh - East District 2869,21068,1972.8,61.0,26.0,Rice,38.5,369.44,6021.1,112.63,1601.1,39.4,100.6,45.7,25.6
Chhattisgarh - Plateau District 2870,18923,1361.4,39.7,25.7,Maize,30.0,225.29,3381.5,109.69,595.2,43.9,105.2,27.6,31.3
Gujarat - West District 2871,22011,1328.5,47.9,26.9,Wheat,30.0,197.52,3010.5,62.92,1598.8,63.1,110.8,24.9,22.4
Andhra Pradesh - East District 2872,64759,1093.3,47.2,23.8,Maize,63.7,398.23,6369.6,220.41,1208.1,80.4,97.8,44.3,0.0
Jharkhand - Rural District 2873,34453,925.5,77.0,26.3,Rice,55.8,404.94,7289.2,148.77,2224.6,58.5,111.2,41.6,38.5
Tripura - Rural District 2874,51466,1248.1,65.2,30.0,Wheat,30.0,193.5,3211.6,42.89,1339.3,47.0,93.3,59.6,16.8
Jammu & Kashmir - South District 2875,38297,1046.5,72.7,27.1,Maize,87.2,594.5,9738.1,242.34,1659.7,78.9,84.4,48.3,30.7
Tamil Nadu - East District 2876,6138,1152.0,57.6,29.9,Rice,30.0,171.15,4448.7,77.47,1140.1,58.7,99.1,50.5,57.1
West Bengal - Central District 2877,31434,734.6,81.5,25.0,Rice,49.7,242.01,6231.5,114.65,2055.1,77.2,107.8,60.9,41.8
Telangana - South District 2878,25691,1440.4,45.1,23.6,Maize,40.5,319.95,5142.3,151.43,814.0,47.2,93.2,25.1,36.6
Karnataka - Plateau District 2879,33905,1074.6,49.7,26.4,Rice,36.0,114.85,4410.6,62.87,1460.9,59.7,116.7,60.9,21.5
Karnataka - North District 2880,67835,671.0,100.0,33.7,Maize,115.1,642.16,10740.2,339.21,2169.1,86.1,107.9,70.0,0.0
Andhra Pradesh - Valley District 2881,21956,901.7,69.0,31.3,Maize,34.5,219.67,4261.6,93.72,609.1,55.3,103.1,41.8,26.1
Assam - South District 2882,14461,1342.9,8.0,27.3,Pulses,30.0,70.85,1516.5,25.91,871.9,43.5,86.4,41.5,42.2
Kerala - Central District 2883,22956,1285.4,46.8,33.4,Rice,30.0,194.42,4258.0,66.39,1176.1,47.0,106.6,59.3,45.9
Punjab - South District 2884,26002,1877.0,57.6,25.9,Rice,47.0,419.53,6945.4,113.16,1783.6,40.0,107.3,29.4,42.6
Goa - Valley District 2885,27481,872.0,67.7,25.3,Wheat,38.3,182.19,3482.7,56.48,1991.5,67.5,77.0,45.7,32.5
Jharkhand - North District 2886,44699,1299.0,52.4,28.1,Wheat,89.2,482.63,10869.4,130.54,4046.2,60.1,117.8,44.6,10.7
Punjab - Hills District 2887,39397,728.6,67.4,27.3,Maize,75.5,334.56,8205.8,233.79,1470.8,72.6,122.7,43.7,0.0
Tamil Nadu - Valley District 2888,21349,441.2,53.9,27.3,Rice,30.0,109.86,3299.4,55.63,1164.0,91.1,110.0,50.9,24.8
Bihar - South District 2889,8081,785.8,60.1,25.3,Rice,30.0,135.16,3996.7,58.28,1252.0,57.5,89.8,38.3,64.8
Gujarat - Valley District 2890,13961,483.9,52.0,26.8,Wheat,30.0,89.16,3123.4,31.93,1586.9,86.4,99.6,53.1,56.6
Sikkim - Plains District 2891,37199,1722.5,57.2,28.9,Rice,71.5,622.91,8616.9,169.33,2438.7,51.2,114.0,58.1,0.0
Andhra Pradesh - Central District 2892,24943,1103.5,40.9,25.3,Wheat,34.1,123.46,3688.7,44.63,1508.9,73.1,94.0,50.3,23.6
Telangana - Central District 2893,20731,1143.0,51.8,24.0,Maize,37.2,189.02,4907.6,91.35,677.8,68.3,112.1,47.6,25.1
Bihar - South District 2894,19333,1488.4,48.9,25.5,Maize,30.0,222.24,3305.5,99.68,599.2,62.5,102.8,54.0,24.2
Punjab - East District 2895,70604,1075.2,88.6,28.9,Rice,58.5,335.8,5520.0,110.96,2433.7,59.8,106.8,64.9,16.2
Tamil Nadu - West District 2896,15185,786.1,63.7,20.7,Rice,30.0,155.81,3283.8,74.67,1169.9,62.8,106.6,40.6,15.8
Rajasthan - North District 2897,8559,1093.3,70.9,26.9,Wheat,30.0,154.15,2586.0,60.24,1485.7,63.1,97.8,71.5,30.8
Meghalaya - Plateau District 2898,112004,907.9,74.5,29.0,Maize,144.2,884.03,13860.0,491.05,2897.7,70.2,110.2,77.4,0.0
Punjab - South District 2899,33562,1424.1,71.8,25.2,Maize,77.5,696.5,9371.5,300.03,1467.7,27.6,97.2,51.7,11.6
Odisha - East District 2900,34938,856.4,81.6,26.1,Rice,47.7,232.9,5541.1,70.93,1898.2,68.2,107.1,22.9,14.9
Manipur - Delta District 2901,28959,835.9,23.9,23.6,Wheat,45.2,153.69,5673.1,53.71,2221.9,82.5,114.6,51.7,28.8
West Bengal - East District 2902,17955,716.3,90.5,23.5,Wheat,35.7,135.14,2711.6,49.07,1599.8,80.1,98.9,62.6,18.7
Madhya Pradesh - Valley District 2903,44876,1225.3,70.1,22.2,Wheat,56.1,225.77,5682.7,72.81,3026.9,62.2,104.8,58.4,5.5
West Bengal - Central District 2904,38727,864.4,69.6,25.8,Rice,66.8,183.81,8170.1,119.45,2885.7,71.7,115.2,68.0,5.7
Meghalaya - Hills District 2905,23755,1370.8,50.4,24.2,Rice,36.8,200.81,4952.1,63.32,1439.5,59.9,113.1,49.9,39.4
Tripura - East District 2906,45454,1188.8,64.3,20.6,Wheat,101.9,443.19,10492.7,125.69,5176.7,54.2,93.4,49.7,20.1
Haryana - North District 2907,25001,854.9,29.4,26.3,Wheat,34.4,92.77,3637.9,37.25,1797.2,50.5,104.0,33.3,28.0
Maharashtra - Rural District 2908,90702,989.6,59.3,21.3,Maize,194.7,1400.22,22354.0,610.86,3903.2,58.9,110.9,74.7,0.0
Goa - Plateau District 2909,40132,515.7,21.4,26.1,Wheat,71.1,78.47,9992.8,79.26,3640.9,78.6,114.2,53.3,31.3
Nagaland - Coastal District 2910,16638,1478.5,45.8,23.3,Wheat,38.3,241.4,4050.2,70.83,1973.0,48.7,109.3,58.4,44.0
Sikkim - Valley District 2911,62874,1645.7,73.2,24.9,Rice,90.2,768.28,9301.2,242.11,3480.6,40.9,101.6,45.1,0.0
Telangana - Central District 2912,119424,1725.1,43.8,21.0,Pulses,185.2,443.81,7976.2,126.15,5507.4,50.5,114.6,68.3,0.0
Tripura - Delta District 2913,55857,988.9,38.6,27.2,Maize,71.7,328.11,10808.3,169.06,1676.1,70.2,117.3,63.2,0.0
Kerala - Rural District 2914,12376,757.9,30.7,25.9,Pulses,30.0,46.45,1342.1,12.88,816.5,73.8,96.3,11.8,44.7
Kerala - Urban District 2915,11183,772.8,48.5,26.7,Wheat,30.0,42.13,3157.1,35.23,1449.1,53.5,129.6,60.5,22.3
Goa - Urban District 2916,9621,1128.2,39.4,25.5,Wheat,30.0,150.58,3785.0,44.74,1524.5,57.5,113.5,60.6,31.0
Telangana - West District 2917,8464,1260.8,54.5,29.7,Wheat,30.0,170.37,3599.1,46.45,1518.3,49.4,107.2,51.1,31.3
Rajasthan - Central District 2918,94174,1292.0,64.3,24.3,Wheat,152.8,800.57,15511.8,203.22,7380.6,55.9,93.8,58.2,0.0
Odisha - Rural District 2919,28886,860.1,64.0,28.1,Wheat,37.6,120.39,3720.5,60.53,1938.5,78.2,102.8,60.8,22.3
Rajasthan - North District 2920,9314,807.9,56.7,28.3,Maize,30.0,131.65,3525.7,80.36,542.7,74.1,98.9,38.5,42.5
Tamil Nadu - East District 2921,10712,1382.8,8.0,33.5,Pulses,30.0,72.85,1858.2,18.98,967.6,55.8,117.5,42.0,58.9
Puducherry - West District 2922,35003,1289.5,55.3,26.4,Rice,42.1,257.36,5114.0,100.66,1751.7,50.2,113.3,34.8,21.5
Punjab - Plateau District 2923,90894,891.6,51.3,30.2,Maize,132.8,709.07,16516.4,251.58,2437.1,79.1,120.0,63.8,0.0
Karnataka - South District 2924,32519,737.4,76.3,25.4,Maize,90.8,462.93,8898.8,275.44,1823.6,61.3,103.5,51.2,41.0
Uttarakhand - East District 2925,19379,732.7,60.0,24.2,Rice,36.5,99.27,4786.1,69.78,1419.3,75.4,107.5,60.2,26.7
Uttar Pradesh - North District 2926,22404,1728.0,77.7,28.4,Maize,30.0,288.5,3212.0,115.95,595.7,47.1,124.6,48.8,17.8
Uttar Pradesh - Delta District 2927,43478,1480.8,75.1,20.0,Maize,30.0,280.86,3613.0,126.15,598.8,71.3,118.2,49.0,0.0
Telangana - Plains District 2928,45843,1210.7,63.5,23.0,Maize,72.9,537.86,7950.4,200.6,1497.7,64.9,115.8,48.9,12.6
Telangana - Central District 2929,9081,690.1,71.8,30.3,Rice,30.0,131.63,3526.7,44.04,1285.0,76.8,103.1,31.6,42.8
Nagaland - Delta District 2930,18507,1203.0,49.0,27.9,Pulses,30.0,103.78,1359.6,24.46,868.9,56.7,109.2,48.2,24.3
Maharashtra - Delta District 2931,39817,677.2,76.6,32.4,Maize,62.3,356.92,7277.8,165.11,1254.8,72.4,96.9,43.6,12.7
Tripura - Valley District 2932,105764,1801.2,68.0,21.2,Rice,91.1,904.21,11140.5,284.94,3394.3,32.3,108.8,69.6,0.0
Nagaland - North District 2933,79271,1638.5,82.5,19.9,Wheat,143.9,1210.46,13814.6,227.14,7423.4,25.4,103.0,68.8,0.0
Delhi - Plains District 2934,7531,1017.1,54.8,23.9,Maize,30.0,207.14,3959.6,97.96,556.8,65.0,118.2,29.7,30.6
Arunachal Pradesh - North District 2935,18492,916.6,67.8,27.2,Wheat,35.5,180.79,3276.7,58.61,1823.1,63.3,114.0,24.9,28.2
Madhya Pradesh - Coastal District 2936,31284,895.0,86.2,27.9,Pulses,50.4,67.06,1887.4,38.63,1439.1,74.9,96.9,46.3,15.0
Karnataka - Rural District 2937,32984,1254.2,78.1,23.9,Wheat,47.2,265.59,3755.8,72.79,2329.4,40.6,101.3,51.9,25.5
Jharkhand - Coastal District 2938,38639,1012.1,64.5,27.7,Wheat,48.0,232.21,4517.0,77.18,2506.1,67.8,96.1,59.0,26.1
Manipur - West District 2939,20853,896.8,49.0,28.8,Wheat,32.4,128.29,3944.6,33.37,1592.8,66.0,109.6,48.2,35.1
Andhra Pradesh - Central District 2940,35267,621.4,52.8,23.2,Rice,49.2,144.87,6172.6,97.36,1971.5,80.1,97.5,54.4,18.8
Tamil Nadu - Delta District 2941,82983,919.3,74.0,27.1,Wheat,98.3,430.57,10082.4,119.28,5113.9,72.8,111.1,79.4,0.0
Karnataka - Valley District 2942,39529,524.9,48.6,28.8,Wheat,33.3,106.33,3454.5,41.71,1767.2,63.0,106.6,60.8,17.6
Uttarakhand - Valley District 2943,21162,897.5,52.6,23.6,Rice,34.8,132.02,4660.9,47.72,1384.8,74.1,109.7,54.1,28.2
Meghalaya - East District 2944,54834,964.5,67.2,23.7,Maize,67.0,375.04,8367.7,154.37,1382.0,69.7,118.6,41.2,0.0
Punjab - Coastal District 2945,31132,755.3,53.1,25.8,Rice,55.3,208.33,7061.6,95.05,2301.8,78.6,98.9,80.9,30.6
Karnataka - Plateau District 2946,21917,1053.4,52.4,23.2,Rice,44.8,212.45,5794.7,91.3,1868.1,73.7,111.4,59.7,35.1
Haryana - Central District 2947,116021,745.2,42.9,26.3,Rice,207.0,664.74,30166.1,330.5,9253.9,68.9,100.6,76.7,0.0
Ladakh - Plateau District 2948,10090,988.0,48.2,21.6,Rice,30.0,154.66,4243.8,56.94,1229.2,53.5,117.7,51.9,50.9
Manipur - Plateau District 2949,47906,890.2,77.0,21.9,Wheat,82.0,360.23,7960.1,151.53,4096.7,49.5,98.5,39.3,15.8
Kerala - Coastal District 2950,91553,913.1,59.1,28.8,Rice,123.9,661.18,17792.4,284.17,5321.0,75.3,115.8,61.1,0.0
Uttarakhand - Hills District 2951,19879,1001.3,79.8,21.8,Wheat,30.0,129.21,2954.3,48.5,1504.6,81.4,97.8,32.6,37.2
Manipur - Plateau District 2952,58197,1498.5,56.7,27.7,Pulses,91.2,328.73,4168.6,60.52,2930.0,67.7,108.0,47.5,7.4
Rajasthan - Plains District 2953,50236,1294.9,53.1,26.9,Pulses,95.3,207.12,4510.1,66.72,2825.0,66.8,109.6,62.4,6.6
Tamil Nadu - Plains District 2954,4341,1350.7,41.9,33.8,Maize,30.0,194.9,4040.5,93.64,633.2,56.1,99.7,51.4,53.3
Ladakh - North District 2955,8582,1110.3,49.5,30.4,Rice,30.0,167.75,3687.2,71.78,1307.4,49.2,101.2,28.6,43.0
Tamil Nadu - Valley District 2956,13509,1573.6,55.4,26.1,Maize,30.0,286.43,3465.8,103.7,649.4,61.0,102.6,59.9,24.0
Madhya Pradesh - Plains District 2957,17433,1286.2,89.5,22.6,Wheat,30.0,149.83,2339.7,61.62,1501.7,56.2,92.9,60.7,31.8
Assam - Rural District 2958,55648,453.9,85.0,25.8,Pulses,84.4,163.78,3222.9,74.41,2447.0,81.7,99.0,81.8,35.1
Karnataka - South District 2959,40193,1463.0,33.9,31.8,Maize,58.6,454.3,7884.5,198.68,1166.9,53.0,100.6,44.8,24.8
Manipur - Hills District 2960,12598,988.9,64.6,25.8,Rice,30.3,149.28,3594.0,54.05,1242.6,60.5,101.8,48.3,34.4
Sikkim - Central District 2961,190634,1075.2,93.6,28.1,Rice,178.8,1286.41,17761.8,500.41,7884.7,56.4,113.4,75.6,0.0
Jharkhand - South District 2962,50369,1429.9,40.9,22.5,Maize,124.3,934.72,16653.6,345.26,2336.8,57.4,105.3,54.4,18.3
Uttar Pradesh - Urban District 2963,56210,952.7,34.2,29.1,Maize,78.6,350.3,9613.1,154.52,1486.5,82.7,118.6,54.0,7.4
Puducherry - Coastal District 2964,31039,1090.7,39.1,30.3,Maize,71.8,458.53,9807.6,195.79,1523.6,79.7,93.9,66.7,24.7
Sikkim - Central District 2965,42086,641.0,62.5,20.7,Pulses,46.7,45.62,2105.6,23.88,1388.7,85.9,110.5,39.8,22.0
Sikkim - West District 2966,17467,1499.8,56.2,28.4,Maize,30.0,220.33,3320.1,106.43,572.9,56.0,110.3,44.7,21.7
Jammu & Kashmir - Valley District 2967,39295,963.1,57.3,35.4,Wheat,79.2,389.09,9341.2,122.65,3571.6,53.5,102.2,46.0,0.0
Rajasthan - Plains District 2968,126752,1018.0,24.8,33.4,Rice,183.6,648.69,29911.0,311.74,8015.3,61.8,105.2,75.1,0.0
Delhi - Valley District 2969,63426,1194.1,43.6,27.6,Rice,78.2,538.68,9612.6,155.66,3030.8,65.4,100.7,60.8,11.4
Madhya Pradesh - South District 2970,15699,622.6,58.6,22.9,Rice,30.0,84.96,4101.0,50.97,1187.4,68.9,100.1,59.8,18.6
Meghalaya - Delta District 2971,5584,966.6,64.0,26.8,Wheat,30.0,108.52,2452.2,41.6,1433.1,67.8,107.5,61.5,41.7
Tamil Nadu - Urban District 2972,29607,1120.3,65.6,22.8,Rice,30.9,232.47,4262.4,91.33,1310.5,47.3,109.6,59.5,32.0
Rajasthan - Central District 2973,33461,1398.9,67.5,31.5,Wheat,61.2,362.36,5414.2,111.23,2905.2,45.7,109.7,64.0,13.9
Haryana - South District 2974,35060,1416.0,49.2,23.9,Maize,63.8,461.17,7456.0,223.68,1273.5,52.7,116.9,45.3,0.5
Gujarat - Delta District 2975,24950,945.5,42.8,25.1,Wheat,31.6,123.31,3708.8,47.52,1498.0,60.0,106.6,52.9,30.5
Delhi - Rural District 2976,32299,1034.9,56.9,24.2,Maize,45.1,380.68,4670.8,146.5,897.1,47.7,112.7,41.7,27.2
Meghalaya - Plains District 2977,8237,1610.8,70.5,27.9,Rice,30.0,264.59,3857.4,57.26,1265.4,51.8,95.3,49.2,42.2
Ladakh - North District 2978,19319,1404.7,69.0,19.2,Maize,30.0,254.57,3408.6,98.32,585.6,51.0,98.8,65.6,58.7
Odisha - East District 2979,9293,726.6,58.7,26.2,Rice,30.0,103.61,3387.3,53.67,1160.0,75.8,97.1,32.0,62.3
Meghalaya - East District 2980,49089,613.6,40.5,35.0,Wheat,96.7,266.67,11431.0,146.36,5144.1,86.2,104.6,76.3,3.8
Ladakh - South District 2981,42903,1196.3,37.8,18.8,Wheat,57.7,278.09,6703.5,70.3,2802.0,46.8,93.2,72.7,28.0
Chhattisgarh - Hills District 2982,8234,1135.7,85.1,22.9,Maize,30.0,208.79,2866.7,101.3,552.1,65.7,105.8,65.4,33.8
Manipur - Rural District 2983,18607,1255.0,62.7,17.5,Rice,35.2,265.37,4638.0,83.27,1290.8,63.0,104.4,65.0,26.4
Jharkhand - Coastal District 2984,14228,1164.2,78.6,25.7,Wheat,30.0,129.16,2876.1,46.05,1481.7,58.8,113.7,66.1,20.4
Rajasthan - East District 2985,15920,1063.2,58.0,21.6,Pulses,33.5,68.03,1510.2,24.97,1052.9,92.2,108.2,43.4,32.4
Ladakh - Plateau District 2986,17390,1292.6,55.2,30.7,Wheat,30.0,192.37,3092.7,50.88,1497.5,61.2,104.8,56.7,40.0
Madhya Pradesh - South District 2987,10283,1727.0,32.3,22.7,Wheat,30.0,196.88,3759.3,48.19,1445.5,44.9,95.1,34.4,32.7
Kerala - West District 2988,58362,965.9,66.4,29.8,Rice,87.1,455.97,11601.5,183.23,3097.1,77.3,104.8,43.1,0.0
Karnataka - South District 2989,4193,1565.5,51.1,29.7,Pulses,30.0,99.08,1633.1,21.6,882.1,31.0,115.2,45.4,36.9
Jammu & Kashmir - Central District 2990,8735,610.6,56.9,28.0,Wheat,30.0,99.74,3452.2,45.1,1595.7,79.1,105.2,49.3,53.9
Uttarakhand - Plateau District 2991,16542,1477.3,51.6,31.3,Rice,30.0,201.86,4203.8,72.2,1161.7,63.1,110.2,62.6,57.9
Puducherry - South District 2992,49945,1351.5,61.5,27.9,Rice,71.1,505.99,9455.4,170.81,2900.6,48.4,118.1,62.6,0.0
Maharashtra - Plains District 2993,26817,1362.7,81.3,25.1,Maize,51.1,377.74,4994.3,135.75,995.8,42.6,115.1,56.8,29.2
Chhattisgarh - Urban District 2994,10898,846.1,54.1,27.4,Maize,30.0,189.33,3663.1,89.13,633.0,97.6,104.9,47.2,26.6
Gujarat - Coastal District 2995,7700,744.8,28.4,28.3,Rice,30.0,128.57,4005.0,49.63,1069.2,77.1,100.1,42.7,72.7
Chhattisgarh - Plateau District 2996,5043,1090.0,45.6,24.4,Rice,30.0,179.14,4265.5,61.32,1101.4,65.1,95.3,61.1,47.6
Ladakh - Delta District 2997,4863,1307.9,69.1,22.6,Maize,30.0,294.91,3159.7,109.55,586.6,37.5,103.3,33.3,38.7
Jharkhand - Valley District 2998,90909,261.1,57.2,28.0,Maize,109.0,120.41,14967.4,199.97,2300.8,84.6,98.8,59.0,0.0
Nagaland - Valley District 2999,51451,1169.9,43.6,29.7,Maize,90.5,636.39,12824.7,254.48,1827.9,62.6,99.7,36.6,14.0
Uttar Pradesh - Coastal District 3000,59426,703.0,60.6,15.7,Rice,107.8,224.91,14082.4,177.85,4391.6,93.7,128.5,40.3,0.0
Manipur - Central District 3001,24012,789.8,36.7,26.6,Maize,30.4,124.99,4966.5,64.07,538.7,59.5,100.9,30.7,29.8
Bihar - South District 3002,15126,1018.5,55.6,20.0,Wheat,30.0,129.04,3136.5,43.93,1422.9,61.9,103.1,47.8,35.8
Bihar - Delta District 3003,42162,1134.1,100.0,26.5,Wheat,54.8,255.29,4526.1,77.58,2734.1,61.2,93.6,54.9,21.3
Jharkhand - West District 3004,119741,1226.5,57.8,23.7,Pulses,113.9,172.39,5377.8,65.48,3045.2,63.9,104.3,75.4,0.0
Kerala - West District 3005,9345,218.7,44.6,22.8,Maize,30.0,39.34,3310.8,56.32,642.5,92.5,113.6,48.3,32.0
Maharashtra - Central District 3006,28177,1380.2,85.8,26.5,Rice,68.8,542.34,7985.8,178.22,2816.5,49.4,92.7,45.2,32.2
Rajasthan - Plains District 3007,5828,1332.1,89.3,24.2,Pulses,30.0,46.94,988.4,17.36,867.9,54.1,105.0,48.7,47.0
Manipur - North District 3008,13635,1245.1,71.6,28.9,Wheat,30.0,195.32,3151.8,37.95,1725.5,22.2,99.4,47.5,48.0
Karnataka - Delta District 3009,14822,1153.1,27.2,20.6,Rice,30.0,167.66,4587.2,52.45,1192.8,63.3,113.8,49.2,29.1
Nagaland - North District 3010,27807,725.4,38.7,20.9,Pulses,52.1,46.49,2739.9,28.02,1664.5,87.6,119.0,48.2,18.1
Arunachal Pradesh - East District 3011,32741,1495.0,72.9,22.9,Wheat,39.5,271.3,4151.8,61.68,1935.3,31.3,104.2,42.5,8.4
Bihar - Coastal District 3012,55588,1044.5,30.1,29.3,Wheat,46.1,107.98,5170.5,50.79,2500.5,68.9,115.5,48.5,18.4
Ladakh - East District 3013,46768,784.0,77.0,25.4,Rice,92.6,483.48,11490.5,178.99,3796.9,69.4,103.0,69.8,0.0
Andhra Pradesh - Urban District 3014,32006,1225.2,97.0,28.4,Rice,35.6,246.68,3957.0,107.82,1428.4,80.3,98.4,43.7,27.8
West Bengal - Rural District 3015,35765,1120.0,67.7,19.9,Rice,77.1,529.26,7651.0,149.7,3080.7,55.1,104.1,81.4,6.4
Punjab - Hills District 3016,16010,763.2,56.5,26.4,Rice,30.0,68.31,3559.8,58.58,1106.4,73.0,102.3,69.9,37.0
Bihar - Hills District 3017,17646,1549.4,41.0,22.5,Pulses,44.6,92.2,2453.9,28.0,1284.6,43.7,108.1,48.3,22.0
Rajasthan - North District 3018,16084,1024.8,49.6,24.7,Maize,30.0,155.09,3750.0,77.65,573.1,57.0,97.5,76.9,31.1
Uttar Pradesh - East District 3019,33126,932.7,86.5,18.2,Rice,30.0,163.63,3250.0,65.09,1200.2,81.6,109.0,42.2,52.8
Meghalaya - Plateau District 3020,31316,1292.0,34.5,21.9,Pulses,67.6,143.26,3035.0,37.29,2021.9,50.0,115.6,60.9,23.7
Gujarat - Plateau District 3021,18468,678.5,32.9,29.2,Wheat,30.0,70.56,3599.2,52.2,1528.5,77.2,96.0,32.9,33.0
Odisha - Hills District 3022,78688,976.3,58.5,29.0,Maize,143.9,874.28,16582.3,454.65,2953.1,67.4,97.1,36.6,0.0
Himachal Pradesh - Urban District 3023,42551,533.0,69.3,22.6,Pulses,80.2,122.72,3164.5,52.47,2513.9,84.2,107.7,71.2,15.0
Kerala - Urban District 3024,10473,1257.7,69.1,24.3,Rice,30.0,205.55,3437.2,83.55,1177.4,68.5,93.1,51.5,45.5
Sikkim - Delta District 3025,17097,1397.6,28.5,32.1,Rice,30.0,180.24,4134.0,60.79,1113.7,41.2,89.5,44.0,33.2
Haryana - Central District 3026,63398,1414.1,59.7,24.5,Pulses,132.5,225.87,4848.7,84.06,3620.7,42.7,95.1,52.7,2.3
Chhattisgarh - Coastal District 3027,20950,888.6,52.6,21.9,Wheat,30.0,109.75,3652.3,37.98,1537.4,69.4,85.3,31.9,34.9
Gujarat - North District 3028,14269,1138.0,59.9,20.3,Maize,30.0,183.52,3123.7,84.15,649.4,64.2,95.4,53.2,39.9
Jharkhand - Delta District 3029,106573,1538.9,48.3,21.7,Maize,95.5,825.65,11532.2,264.53,1773.2,45.2,96.0,59.9,0.0
Chhattisgarh - West District 3030,10486,983.1,86.1,20.6,Maize,30.0,187.64,3204.8,89.3,558.2,65.3,112.1,53.3,35.9
Odisha - Hills District 3031,50889,992.9,56.9,23.0,Pulses,40.1,93.67,1713.8,26.44,1280.9,80.5,119.1,61.8,0.0
Punjab - Central District 3032,24449,896.6,85.0,27.9,Wheat,47.6,213.08,3839.0,75.4,2272.7,86.1,116.9,67.5,27.0
Tripura - Delta District 3033,41477,1034.9,54.4,31.1,Rice,64.3,341.89,9323.9,106.35,2584.1,78.2,98.9,67.9,24.9
Goa - South District 3034,25562,485.0,58.9,23.2,Rice,31.5,135.37,3878.0,56.44,1397.0,86.1,110.2,46.3,42.8
Tamil Nadu - East District 3035,4140,741.8,53.1,24.3,Maize,30.0,142.79,3142.1,68.65,639.6,73.8,106.8,50.2,47.6
Puducherry - Rural District 3036,28233,809.4,48.1,28.2,Maize,31.2,146.25,3678.2,92.6,635.1,61.6,85.9,55.6,30.5
Tamil Nadu - East District 3037,16829,1614.1,66.5,25.8,Maize,30.0,254.5,3242.3,97.11,591.3,49.9,118.9,39.3,44.5
Uttar Pradesh - Coastal District 3038,14228,973.5,70.6,23.6,Wheat,30.0,105.68,2675.4,32.67,1505.7,60.0,115.8,47.4,35.2
Meghalaya - Valley District 3039,15316,2007.2,53.2,18.3,Wheat,31.3,272.86,3602.2,58.88,1633.0,29.3,118.8,48.1,51.0
Jharkhand - South District 3040,19206,1265.0,40.9,27.4,Maize,30.0,172.03,3869.2,80.2,566.6,55.3,117.8,67.3,50.8
Odisha - Valley District 3041,11115,1402.1,36.2,29.8,Wheat,30.0,188.46,3565.9,58.02,1435.1,43.6,114.1,33.5,51.1
Manipur - Delta District 3042,57528,435.3,65.1,30.3,Pulses,55.0,102.4,1891.5,35.52,1869.4,89.4,97.6,48.0,7.3
Himachal Pradesh - West District 3043,28809,1203.9,35.7,30.7,Wheat,30.4,109.89,3709.8,43.81,1522.3,66.0,99.0,64.3,43.2
Assam - Plateau District 3044,85675,883.0,39.9,23.6,Maize,114.4,614.58,14168.9,309.07,2183.6,69.2,104.0,33.1,0.0
Andhra Pradesh - Valley District 3045,23463,1028.0,67.7,26.9,Rice,51.9,377.92,6528.6,113.02,1906.9,68.5,101.1,31.3,45.6
Arunachal Pradesh - Plains District 3046,12356,734.4,61.8,28.6,Pulses,30.0,48.31,1398.6,18.9,893.2,69.2,112.5,38.2,29.3
Kerala - Rural District 3047,15871,1399.5,21.9,31.6,Rice,30.0,191.92,4236.9,77.13,1247.1,65.6,102.7,17.0,52.8
Andhra Pradesh - Delta District 3048,13372,354.6,54.1,27.1,Wheat,30.0,108.22,3374.2,44.27,1592.7,93.6,123.0,46.1,34.7
Meghalaya - West District 3049,12443,1021.9,81.3,24.7,Maize,30.0,198.57,3260.4,97.38,622.0,65.4,107.9,67.2,36.3
Haryana - South District 3050,35415,1301.5,66.5,27.7,Rice,36.4,245.94,5218.2,85.15,1443.4,45.2,114.5,42.9,34.0
Uttar Pradesh - South District 3051,17219,735.9,72.9,30.3,Wheat,30.0,97.63,3008.5,42.65,1458.3,67.5,109.4,42.1,18.0
Haryana - East District 3052,96671,959.2,67.5,26.1,Maize,189.0,1130.75,21180.4,623.52,3314.8,87.1,113.6,57.8,0.0
Assam - North District 3053,35092,1103.2,63.1,24.0,Wheat,63.7,282.87,6185.2,84.91,3501.9,46.9,97.5,30.8,15.8
West Bengal - West District 3054,50997,1428.1,95.2,27.3,Rice,56.2,467.77,5823.5,135.17,2223.6,56.8,109.5,55.8,0.0
Andhra Pradesh - Delta District 3055,26018,1386.4,63.6,20.9,Maize,30.0,225.16,3703.2,94.03,573.6,50.1,111.2,48.3,43.4
Punjab - Coastal District 3056,33151,1240.0,76.2,25.5,Rice,34.1,195.46,3629.5,81.51,1335.1,77.8,104.4,69.7,22.2
Karnataka - Coastal District 3057,40410,1718.9,49.3,31.0,Rice,42.3,242.06,5414.8,97.62,1611.9,42.3,108.5,43.8,9.7
Rajasthan - South District 3058,4343,1294.0,55.9,23.4,Maize,30.0,221.02,4120.7,91.23,537.2,57.3,121.4,55.7,73.4
Karnataka - North District 3059,15230,1285.9,62.1,24.3,Wheat,30.0,100.58,3253.8,42.71,1511.0,57.2,121.6,30.9,26.8
Odisha - Hills District 3060,45160,1029.0,38.6,25.8,Maize,39.1,208.6,4682.3,107.98,702.1,62.2,117.1,59.0,0.0
Gujarat - Hills District 3061,54275,1191.7,59.7,30.0,Rice,78.1,449.81,9851.7,187.38,3311.6,81.8,91.2,68.4,0.0
Madhya Pradesh - East District 3062,10553,1638.1,54.5,20.4,Rice,30.0,239.38,4667.2,72.08,1143.2,32.8,104.0,56.2,66.5
Uttar Pradesh - North District 3063,5137,1087.9,70.2,31.2,Wheat,30.0,145.75,2514.3,41.55,1530.2,70.0,87.3,32.2,47.9
Chhattisgarh - Rural District 3064,17725,778.4,60.1,28.9,Maize,30.0,171.91,3262.9,80.46,576.3,70.3,96.0,65.4,42.5
Tamil Nadu - Urban District 3065,31741,1159.0,49.7,21.3,Maize,62.5,388.31,6130.8,193.42,1239.2,45.9,128.0,48.1,30.7
Punjab - East District 3066,26712,255.5,61.8,25.6,Rice,30.0,82.07,4396.3,35.43,1180.2,90.1,94.3,49.6,11.6
Arunachal Pradesh - Central District 3067,9463,1879.4,29.9,27.2,Maize,30.0,264.54,4478.8,91.24,524.1,17.4,92.2,21.0,17.3
Gujarat - Rural District 3068,7806,1518.5,66.9,24.1,Rice,30.0,210.66,3938.0,76.37,1163.9,44.7,111.5,54.8,66.9
Haryana - Urban District 3069,12730,1001.7,53.9,26.2,Rice,30.0,186.55,3839.7,75.32,1263.1,61.6,108.7,32.7,44.3
Uttarakhand - Delta District 3070,39932,785.1,53.6,22.4,Wheat,40.6,131.75,4481.0,53.3,2020.6,66.5,104.5,43.4,30.4
Kerala - Urban District 3071,15957,315.5,58.0,28.8,Rice,30.0,89.26,4268.3,51.73,1116.1,75.7,101.0,51.8,31.6
Chhattisgarh - Plateau District 3072,26665,876.6,44.7,26.5,Rice,30.0,105.42,4155.4,52.09,1239.1,58.6,88.2,61.6,35.1
Chhattisgarh - Plains District 3073,38388,1456.9,21.9,30.7,Rice,61.9,450.99,9946.8,133.05,2384.4,42.6,109.1,55.4,12.0
Sikkim - East District 3074,56564,765.1,50.5,27.5,Rice,116.0,362.75,15706.1,203.69,4639.0,84.2,107.5,47.3,0.0
Telangana - East District 3075,7919,1015.5,65.6,29.1,Maize,30.0,203.73,3177.2,83.11,585.8,51.6,107.6,49.3,44.9
Maharashtra - Valley District 3076,36676,1458.5,62.3,31.1,Rice,77.2,498.95,9380.3,177.38,3274.5,54.0,115.6,47.1,16.2
Uttarakhand - Coastal District 3077,18617,1523.4,46.3,24.0,Wheat,30.0,86.39,2417.1,34.54,1546.5,51.8,122.0,66.6,33.6
Nagaland - Rural District 3078,41810,1523.3,30.6,27.6,Wheat,60.1,291.31,6675.9,111.99,2868.7,56.8,107.9,29.4,14.1
Telangana - North District 3079,113847,960.9,52.6,22.4,Maize,150.9,715.96,16386.1,290.5,3207.6,69.2,119.6,63.9,0.0
Maharashtra - Central District 3080,46485,1070.7,64.1,21.1,Rice,99.5,485.87,11774.3,198.88,3804.1,54.7,110.7,44.0,24.0
Punjab - South District 3081,11664,1147.7,47.2,24.5,Wheat,30.0,161.53,4145.1,47.66,1591.4,60.1,113.1,51.6,33.4
Jammu & Kashmir - Plateau District 3082,31572,801.6,71.1,27.4,Maize,85.8,530.99,9257.0,229.73,1756.6,67.1,105.0,41.2,16.7
Jammu & Kashmir - Plains District 3083,14642,1289.0,71.1,25.1,Wheat,31.5,152.06,2921.5,52.42,1523.0,51.2,109.9,57.2,30.2
West Bengal - Central District 3084,58795,1308.2,58.8,24.8,Maize,71.9,609.65,8056.3,229.55,1307.4,41.4,99.7,47.6,15.9
Haryana - East District 3085,21616,968.0,88.4,23.6,Wheat,31.3,121.4,2764.4,40.66,1417.7,73.3,124.0,58.6,33.4
Uttar Pradesh - Valley District 3086,55697,1035.0,58.0,29.6,Maize,95.7,410.81,11277.2,184.56,1732.0,65.8,93.8,52.7,2.5
Gujarat - South District 3087,85957,1032.9,39.9,25.0,Rice,130.1,828.65,18636.6,291.88,5240.8,59.7,100.9,66.8,0.0
Uttarakhand - Coastal District 3088,69775,635.2,18.0,22.9,Rice,140.3,307.26,23613.1,187.06,5538.2,77.4,93.1,49.2,0.0
Delhi - North District 3089,57887,1001.2,59.5,31.2,Maize,93.2,474.7,11587.7,230.52,1817.5,68.5,102.4,63.6,24.3
Manipur - Hills District 3090,41483,768.8,56.9,26.6,Maize,55.2,259.73,6960.5,144.2,1102.5,88.5,111.0,52.4,8.3
Gujarat - Delta District 3091,9439,1122.2,52.2,27.3,Maize,30.0,174.28,4332.3,86.43,656.3,56.2,113.5,40.0,48.1
Andhra Pradesh - East District 3092,14323,1069.4,74.9,31.9,Wheat,30.0,101.85,2831.5,40.44,1435.8,69.3,106.4,55.4,37.4
Ladakh - South District 3093,95511,1353.1,74.3,23.9,Rice,122.5,739.87,14414.4,304.93,5108.7,58.3,106.6,60.0,0.0
Nagaland - East District 3094,45460,829.7,87.2,27.5,Wheat,95.7,405.01,6690.2,130.14,4832.0,74.1,110.8,69.6,5.6
Karnataka - North District 3095,7776,692.5,58.7,30.3,Wheat,30.0,37.12,3172.8,41.17,1470.2,83.5,101.2,45.4,42.0
Assam - Urban District 3096,42795,557.2,100.0,19.7,Wheat,69.2,243.08,4889.3,102.63,3551.2,88.7,98.1,46.9,21.4
Andhra Pradesh - Plains District 3097,44122,1054.1,87.3,21.7,Maize,61.5,411.75,6447.4,246.19,1180.5,58.5,93.6,32.9,15.2
Assam - Rural District 3098,18652,654.6,49.4,27.1,Rice,32.1,136.34,5114.7,73.9,1185.1,85.6,92.3,37.7,30.4
Maharashtra - Central District 3099,19082,1658.2,40.1,24.5,Maize,30.0,241.34,3919.9,94.8,620.2,42.5,93.3,31.8,36.0
Haryana - Plateau District 3100,16251,1416.4,33.2,33.0,Wheat,30.6,179.22,3505.6,58.93,1621.5,44.8,102.0,35.1,35.6
West Bengal - North District 3101,22690,1186.9,49.2,24.1,Rice,49.2,340.5,7161.0,101.5,1980.6,66.1,109.5,69.6,32.3
Puducherry - West District 3102,77308,1127.4,66.7,24.7,Rice,95.9,418.74,11351.0,218.18,3586.9,54.2,111.6,71.1,0.0
Jharkhand - South District 3103,62183,1127.7,42.1,23.6,Maize,53.9,347.84,7556.0,194.4,973.7,47.2,102.8,32.0,0.0
Tripura - Plateau District 3104,107546,1404.7,57.8,20.7,Maize,247.1,1884.56,30223.3,777.6,4842.9,60.5,111.9,72.0,0.0
Jammu & Kashmir - Urban District 3105,17833,806.7,42.4,31.5,Wheat,30.0,126.04,2992.9,49.08,1513.3,75.4,112.6,47.2,17.0
Rajasthan - South District 3106,50891,834.1,38.3,25.8,Rice,76.2,385.48,11867.6,139.86,3143.4,54.9,100.5,86.7,8.1
Sikkim - Coastal District 3107,42487,1058.3,48.3,24.0,Rice,96.6,483.18,15235.0,195.11,4089.0,55.7,99.0,73.9,21.4
Odisha - Plateau District 3108,35612,818.3,57.4,26.6,Maize,54.8,294.16,5922.1,142.8,1118.6,89.0,94.5,53.6,17.1
Uttarakhand - Valley District 3109,12801,1283.7,67.8,26.5,Wheat,30.0,145.78,2954.5,48.93,1578.4,42.3,116.5,77.1,49.5
Maharashtra - Urban District 3110,199495,1362.9,43.9,28.3,Rice,95.3,564.49,16754.2,201.52,3764.6,54.2,104.7,94.0,0.0
Kerala - Hills District 3111,25693,949.1,69.9,24.5,Rice,30.0,178.09,3445.0,57.02,1232.9,57.7,116.3,42.9,24.2
Arunachal Pradesh - East District 3112,46540,1549.1,71.2,29.0,Rice,62.5,585.04,6508.9,148.03,2367.4,46.3,132.0,47.7,11.2
Jharkhand - Delta District 3113,18321,1572.4,59.7,27.1,Rice,31.3,218.71,4058.5,77.49,1061.4,43.1,100.6,44.4,21.7
Madhya Pradesh - Coastal District 3114,20395,1774.3,88.7,32.3,Maize,32.7,302.98,2876.7,120.8,618.3,32.1,113.1,50.5,26.9
West Bengal - South District 3115,20125,1877.8,24.7,27.3,Rice,35.5,312.44,7028.3,93.99,1532.1,23.7,119.4,36.9,24.5
Bihar - Rural District 3116,62226,1375.4,36.7,26.6,Wheat,95.5,515.56,11749.7,180.16,4901.9,51.1,107.7,60.7,1.9
Assam - Rural District 3117,17242,1445.9,48.4,26.4,Wheat,35.7,180.72,4118.8,61.22,1964.6,51.0,106.5,34.8,18.5
Maharashtra - Delta District 3118,3908,412.9,51.5,33.3,Wheat,30.0,97.87,2961.7,35.23,1740.6,99.9,104.8,50.7,44.2
Chhattisgarh - Coastal District 3119,19655,818.0,53.3,16.9,Wheat,30.0,118.95,3587.5,42.42,1441.5,68.0,119.2,42.0,42.7
Odisha - Plains District 3120,26278,954.1,79.9,19.8,Pulses,43.2,150.47,1771.3,33.31,1144.8,58.7,102.5,48.6,31.3
Rajasthan - Plateau District 3121,19393,1122.1,47.2,23.8,Wheat,31.9,227.06,3499.4,70.88,1483.1,43.6,126.3,73.9,9.0
Delhi - Rural District 3122,47706,1085.5,70.5,24.3,Maize,111.5,753.03,12391.1,302.27,2254.5,62.7,105.1,53.2,0.0
Uttarakhand - Plains District 3123,12765,664.4,48.5,27.7,Wheat,30.0,124.75,3322.1,45.62,1513.5,73.2,110.3,27.5,50.5
Bihar - North District 3124,3094,1426.4,61.5,16.1,Rice,30.0,231.75,3750.5,71.41,1147.8,37.9,110.8,52.5,53.3
Karnataka - Rural District 3125,68142,1011.4,60.0,24.5,Wheat,89.7,401.04,8861.9,128.66,4855.4,67.8,108.1,56.4,0.0
Karnataka - Plains District 3126,41171,1394.4,30.2,24.4,Rice,72.8,446.43,11090.1,127.68,2991.9,30.5,102.3,65.9,19.1
Gujarat - Hills District 3127,43020,1366.1,57.3,23.1,Wheat,65.7,394.82,6066.3,119.62,3456.8,39.9,102.8,64.2,32.4
Kerala - Plateau District 3128,10856,890.5,60.9,28.3,Maize,30.0,149.91,3408.7,70.11,598.1,72.2,90.9,22.7,56.6
Meghalaya - Delta District 3129,17723,1073.8,84.1,37.4,Rice,31.3,150.5,3443.0,54.08,1247.9,70.7,100.8,61.1,56.8
Haryana - Delta District 3130,54690,1207.8,50.7,28.5,Rice,84.3,483.03,13862.8,156.51,3149.4,62.7,106.1,62.4,0.7
Chhattisgarh - Delta District 3131,38911,1100.6,57.1,24.6,Maize,64.1,427.98,6839.9,181.42,1231.7,68.0,105.3,53.4,23.0
Goa - Central District 3132,56828,873.1,60.7,26.8,Rice,95.3,339.42,14516.5,212.93,4097.1,64.8,98.9,55.2,14.6
Delhi - South District 3133,53206,1087.0,69.5,22.5,Wheat,91.9,507.51,8603.4,136.18,4723.1,53.1,101.1,57.3,5.2
West Bengal - Hills District 3134,23612,543.7,69.5,18.8,Wheat,30.0,104.25,3178.7,37.22,1437.0,82.2,102.4,50.0,14.0
Manipur - Valley District 3135,60037,953.1,65.4,30.4,Maize,30.0,222.72,3657.3,88.98,596.8,64.7,94.6,57.7,16.8
Karnataka - Coastal District 3136,16140,1353.7,44.3,24.4,Wheat,30.0,136.1,3234.4,41.94,1579.8,55.5,103.9,38.1,32.2
Rajasthan - Valley District 3137,33242,1347.1,73.8,30.1,Wheat,52.2,217.91,5064.4,85.18,2590.8,44.7,111.4,79.4,24.3
Chhattisgarh - Rural District 3138,11972,504.5,64.7,28.1,Rice,30.0,82.2,4229.5,46.32,1140.0,87.1,91.3,34.0,21.9
Puducherry - Urban District 3139,38948,1420.7,49.3,28.8,Maize,58.8,480.27,6852.3,215.81,1235.8,59.7,118.1,57.6,8.9
Telangana - Valley District 3140,38753,690.0,52.2,25.0,Maize,76.3,318.15,10156.4,194.27,1598.4,81.8,80.4,44.5,22.5
Arunachal Pradesh - East District 3141,18864,772.4,87.9,26.4,Rice,30.0,131.58,2985.6,63.62,1211.5,65.9,114.0,67.2,35.9
Karnataka - Urban District 3142,105590,1507.7,42.4,29.5,Rice,30.0,209.68,4550.2,72.41,1258.2,33.0,122.2,84.7,0.0
Bihar - Central District 3143,154084,1486.5,65.0,33.6,Maize,235.5,2144.95,27642.8,732.81,4797.0,41.3,97.6,76.6,0.0
Meghalaya - Plains District 3144,41374,542.5,66.8,28.6,Maize,52.9,272.55,5683.7,185.93,1074.2,75.6,100.9,63.8,31.0
Haryana - Rural District 3145,31934,1405.6,40.0,23.3,Wheat,30.0,192.21,4277.1,47.98,1471.9,51.8,108.3,54.4,35.4
Jammu & Kashmir - West District 3146,25029,976.1,39.9,27.1,Wheat,60.7,194.4,7394.2,84.76,3031.3,67.8,103.5,55.2,27.5
Jharkhand - Central District 3147,3016,933.6,67.7,26.0,Wheat,30.0,159.77,2566.7,43.94,1536.1,61.6,107.2,59.3,36.1
Sikkim - Plateau District 3148,12952,739.2,56.5,26.1,Pulses,30.0,6.41,1483.5,14.46,993.1,80.2,119.4,70.4,20.6
Maharashtra - Valley District 3149,18620,1226.7,42.9,25.5,Rice,30.0,153.95,4857.8,50.83,1166.8,60.1,107.5,69.5,35.1
Uttar Pradesh - Urban District 3150,121955,1162.7,56.8,21.4,Maize,32.0,239.44,3653.3,97.43,642.5,42.1,103.6,91.5,0.0
Tripura - Rural District 3151,10390,601.1,58.9,24.1,Pulses,30.0,72.18,1362.4,18.22,940.9,81.2,110.6,48.1,53.5
Uttar Pradesh - Delta District 3152,44815,1393.3,60.2,25.3,Wheat,40.4,221.26,4759.9,69.98,2078.6,44.5,104.0,32.2,19.8
West Bengal - Urban District 3153,40093,1349.2,57.4,19.2,Maize,71.0,557.11,7758.9,174.44,1329.3,45.1,83.6,56.7,0.0
West Bengal - Plains District 3154,26147,1076.4,57.2,31.6,Rice,32.5,175.77,4869.9,79.1,1435.1,66.2,105.9,43.6,45.0
Maharashtra - Rural District 3155,4092,1289.7,27.8,28.5,Rice,30.0,182.48,4028.6,68.95,1093.2,55.9,92.9,51.5,47.4
Bihar - North District 3156,16056,1265.9,70.5,24.1,Wheat,30.0,135.96,2697.2,36.32,1318.5,69.1,103.3,55.6,30.8
Manipur - Delta District 3157,18905,1346.7,48.2,20.1,Wheat,38.1,248.03,4912.5,68.48,1852.5,51.8,109.6,61.1,11.1
Puducherry - Hills District 3158,15756,989.3,66.5,24.2,Wheat,34.1,174.68,3307.5,45.97,1699.4,57.0,108.3,40.2,30.0
West Bengal - Central District 3159,143924,1165.0,47.3,28.1,Rice,167.8,838.48,28352.5,366.36,6433.0,63.4,118.9,96.0,0.0
Tamil Nadu - Delta District 3160,34581,924.8,66.7,31.6,Maize,46.0,335.4,5109.3,103.01,921.0,63.0,106.2,28.0,0.0
Punjab - Coastal District 3161,48912,1286.9,66.5,28.1,Rice,78.6,480.06,6910.2,166.47,3369.0,56.4,87.7,70.8,30.2
Delhi - Central District 3162,17005,1405.7,71.8,19.5,Rice,30.0,218.85,3807.7,82.96,1171.2,50.8,94.2,45.2,43.1
Manipur - Urban District 3163,30399,1114.6,64.7,22.8,Wheat,70.4,307.29,7268.4,100.22,3706.0,61.4,96.3,36.2,34.6
Uttar Pradesh - Urban District 3164,51411,1233.2,45.3,25.4,Wheat,97.4,459.62,11207.4,127.16,5013.9,65.2,95.8,67.0,0.0
Odisha - North District 3165,49730,511.1,31.6,19.9,Rice,85.4,289.86,12532.5,145.65,3431.6,82.7,103.6,55.0,12.9
Ladakh - Plains District 3166,6651,1265.7,62.9,27.3,Pulses,30.0,54.01,1390.3,18.24,978.0,43.8,108.6,43.5,47.8
Tamil Nadu - Valley District 3167,19717,678.4,59.3,29.6,Wheat,48.3,137.19,4981.0,69.26,2431.0,68.5,97.0,55.5,38.3
Telangana - Plains District 3168,29363,1006.0,59.6,31.1,Rice,60.5,308.23,7594.1,102.34,2474.6,62.3,91.0,52.2,36.0
Andhra Pradesh - Urban District 3169,22552,801.6,44.5,25.7,Wheat,30.0,94.39,3154.7,38.88,1449.3,73.9,111.8,33.5,22.4
Odisha - Central District 3170,13441,1152.3,83.2,22.4,Wheat,30.0,171.57,2451.8,38.89,1565.6,65.0,113.8,71.9,31.0
Goa - Coastal District 3171,6542,1657.6,43.5,19.9,Wheat,30.0,173.37,2797.4,55.67,1436.5,39.4,117.6,29.0,64.7
Arunachal Pradesh - Rural District 3172,16462,1211.5,58.4,30.4,Rice,30.0,187.89,3819.9,66.15,1206.8,67.1,74.8,79.8,49.3
Himachal Pradesh - East District 3173,8797,1917.5,33.1,22.2,Maize,30.0,285.46,3975.0,103.71,589.2,26.4,113.6,34.8,43.4
Manipur - Central District 3174,17920,755.8,17.0,19.2,Rice,30.0,144.8,5875.7,54.03,1272.2,70.5,103.8,53.3,40.7
Meghalaya - Central District 3175,44567,1315.2,44.8,27.2,Maize,61.9,470.65,8320.8,171.37,1235.4,43.0,112.6,48.6,8.1
Maharashtra - Delta District 3176,14211,1130.1,47.0,33.9,Maize,30.0,200.57,3221.5,87.34,636.5,47.3,95.1,33.5,37.0
Meghalaya - Rural District 3177,108040,957.9,62.6,29.4,Maize,130.4,813.77,13501.0,379.67,2488.7,64.8,98.7,81.4,0.0
Puducherry - Delta District 3178,64119,995.0,60.9,25.7,Maize,88.8,409.28,9066.0,168.66,1710.9,57.2,100.9,35.4,0.0
Kerala - Central District 3179,26997,966.3,47.5,36.1,Pulses,30.0,58.49,1501.0,19.01,912.7,56.0,112.4,65.0,17.0
Delhi - Central District 3180,33975,587.4,41.3,34.4,Wheat,67.7,184.99,7735.1,73.45,2938.3,73.2,88.9,70.1,4.8
Chhattisgarh - South District 3181,24450,200.0,69.8,24.6,Rice,30.0,45.96,3370.5,48.95,1169.2,100.0,102.5,35.3,30.2
Himachal Pradesh - Plateau District 3182,66093,1114.7,54.0,31.2,Maize,82.5,505.65,10462.8,251.35,1712.5,65.0,111.0,40.6,0.0
Manipur - West District 3183,42659,1319.0,72.0,28.2,Wheat,91.2,551.66,8503.4,152.98,4680.6,52.3,89.2,32.7,30.1
Nagaland - North District 3184,14332,830.8,81.2,23.4,Rice,30.0,125.98,3481.7,56.76,1232.6,65.8,104.5,49.6,42.3
Tripura - South District 3185,25544,759.6,46.5,20.6,Maize,47.7,216.96,5755.6,131.28,888.1,69.8,105.7,48.9,30.6
Sikkim - Plateau District 3186,44205,924.6,49.8,25.9,Rice,69.7,493.25,8396.5,171.6,2685.1,69.4,120.2,68.6,14.7
Karnataka - Valley District 3187,34529,827.2,55.8,25.5,Maize,68.4,297.99,7578.9,134.61,1266.7,73.7,98.7,42.0,9.8
Kerala - South District 3188,31437,1255.8,62.4,25.5,Maize,63.4,477.99,8223.1,193.81,1385.3,58.2,113.2,30.8,30.9
Telangana - South District 3189,50290,1020.7,51.1,23.8,Wheat,57.6,269.95,6863.2,88.88,2723.7,67.8,112.3,46.7,0.0
Himachal Pradesh - Plains District 3190,47204,1443.2,38.9,29.0,Rice,84.9,693.86,11994.1,192.33,3638.8,45.4,110.0,58.2,0.0
Punjab - Coastal District 3191,6180,1006.5,62.6,25.8,Pulses,30.0,35.02,1388.0,23.13,915.1,57.0,104.4,41.1,20.5
Karnataka - Plains District 3192,52313,954.1,69.8,22.2,Pulses,110.3,297.89,4284.9,82.39,3264.6,74.5,102.0,40.8,17.6
Madhya Pradesh - South District 3193,47279,516.5,40.4,22.0,Rice,55.6,208.79,7723.1,116.42,2210.4,80.7,72.8,50.8,22.7
Jammu & Kashmir - Plains District 3194,41810,696.7,48.3,18.4,Rice,66.0,216.11,9592.5,119.07,2460.9,93.4,108.6,66.8,6.8
Gujarat - Valley District 3195,13572,1274.3,25.5,28.2,Wheat,30.0,105.26,3271.3,47.4,1560.8,46.1,107.5,42.0,43.4
Nagaland - Central District 3196,47195,1280.8,58.2,25.1,Rice,49.7,269.99,7162.8,100.89,1673.4,52.9,99.7,65.2,1.0
Maharashtra - Central District 3197,75450,647.2,74.3,24.0,Maize,73.4,406.35,7339.2,198.46,1497.8,64.5,90.0,69.9,0.0
Haryana - Plateau District 3198,4076,1890.6,73.0,24.7,Rice,30.0,263.94,3443.4,87.99,1224.6,45.3,97.9,52.7,50.6
West Bengal - Hills District 3199,8385,2066.4,58.3,21.8,Wheat,30.0,222.87,3379.7,55.25,1473.6,17.0,97.6,37.6,44.6
Haryana - West District 3200,121954,1286.0,49.6,25.9,Wheat,135.4,446.14,15141.2,198.08,6528.0,64.0,102.2,45.9,0.0
Arunachal Pradesh - Rural District 3201,30174,389.6,54.3,21.9,Wheat,30.0,11.53,3287.1,34.08,1636.5,100.0,119.5,60.6,35.7
Uttarakhand - Plains District 3202,18309,997.3,63.9,24.5,Wheat,30.0,171.76,2785.8,34.11,1438.7,52.9,104.3,63.0,53.8
Uttar Pradesh - Urban District 3203,55868,1376.7,78.8,24.5,Wheat,83.9,495.07,8045.3,138.62,4597.5,48.1,111.2,76.6,0.0
West Bengal - Valley District 3204,6994,716.0,57.8,26.5,Rice,30.0,108.62,4297.6,50.45,1116.1,54.7,103.1,45.4,31.2
Gujarat - Valley District 3205,69370,1727.1,17.1,26.9,Wheat,147.0,913.08,17735.1,252.19,8314.4,49.4,92.3,25.4,7.9
Telangana - Central District 3206,16496,1856.1,50.9,28.1,Maize,30.0,248.31,3376.9,108.55,659.5,43.2,105.2,58.4,33.8
Haryana - North District 3207,82842,1347.4,61.4,19.3,Maize,42.4,363.61,5181.9,151.92,855.1,40.1,110.3,73.7,0.0
Nagaland - North District 3208,12553,1019.5,54.9,25.4,Maize,30.0,188.41,3745.7,100.94,545.1,67.3,110.3,54.2,47.2
Ladakh - West District 3209,15918,1239.6,73.2,33.9,Maize,30.0,211.49,3789.3,82.64,556.1,55.0,103.0,45.3,58.9
Chhattisgarh - Valley District 3210,10256,745.7,51.2,24.2,Rice,30.0,120.14,4106.4,46.31,1175.1,77.6,101.0,46.6,55.1
Himachal Pradesh - Plateau District 3211,31327,387.5,67.0,23.7,Rice,57.8,310.46,5868.9,114.08,2299.7,97.3,109.4,61.4,22.3
Andhra Pradesh - Central District 3212,59574,622.9,62.3,24.9,Wheat,69.8,120.33,7324.0,87.26,3299.6,85.2,106.1,92.2,16.2
Kerala - Rural District 3213,32644,1417.9,55.2,22.0,Rice,44.7,294.13,5588.2,90.54,1948.1,24.2,116.0,52.8,0.0
Karnataka - Valley District 3214,33220,1894.0,50.2,26.0,Wheat,30.0,201.35,3885.8,43.36,1503.3,40.3,98.4,37.9,16.3
Madhya Pradesh - Plateau District 3215,117094,525.3,42.7,25.9,Rice,179.8,654.81,29452.0,368.12,6607.8,77.9,107.4,77.9,0.0
Ladakh - Rural District 3216,4058,1045.5,68.1,26.2,Maize,30.0,143.25,3023.3,72.24,633.1,62.7,91.4,61.7,52.5
Uttarakhand - Central District 3217,34508,1919.6,23.9,29.5,Wheat,30.0,202.22,4130.3,51.88,1591.5,24.6,118.0,81.2,47.6
Manipur - Delta District 3218,29194,1268.8,29.3,31.6,Maize,56.5,273.95,7464.2,116.42,1142.8,66.8,102.9,57.2,10.9
Maharashtra - South District 3219,18382,1403.0,58.3,29.5,Wheat,30.0,186.01,2826.3,38.88,1414.3,57.2,103.4,64.9,22.9
Ladakh - South District 3220,35987,1039.4,79.4,25.7,Rice,56.3,302.4,6594.6,100.67,2420.7,70.0,105.7,59.3,25.6
Telangana - Plains District 3221,99099,1763.2,59.2,23.8,Wheat,119.1,820.32,11373.7,247.96,6009.8,51.6,98.5,45.0,0.0
Himachal Pradesh - North District 3222,62117,1350.2,48.6,31.9,Rice,117.1,773.12,15284.1,240.13,4728.9,65.4,89.3,61.4,0.0
Telangana - Central District 3223,31937,818.1,70.6,14.0,Rice,51.7,268.02,6284.7,139.12,1964.3,56.2,111.2,45.5,39.6
Jammu & Kashmir - North District 3224,51761,381.3,63.1,27.8,Wheat,62.8,215.65,5445.1,87.91,3087.9,76.7,123.5,54.0,9.4
Kerala - Delta District 3225,40066,760.6,30.4,17.9,Wheat,36.2,176.55,4203.5,59.5,1972.8,60.0,102.8,60.0,17.7
Nagaland - Urban District 3226,84081,847.6,70.5,25.0,Rice,134.9,653.67,17723.4,316.99,6010.8,81.4,96.4,50.4,0.0
Manipur - Delta District 3227,14517,1205.3,40.1,31.7,Wheat,30.0,146.59,3765.8,50.7,1380.9,40.8,103.4,63.1,44.3
Puducherry - West District 3228,36142,1087.8,56.9,21.6,Maize,30.0,190.25,3633.1,88.34,651.6,63.2,104.1,61.0,9.7
Delhi - Valley District 3229,14931,1594.9,69.5,27.0,Maize,30.0,235.92,3370.4,89.96,610.7,34.7,91.5,59.7,46.2
Jammu & Kashmir - South District 3230,37585,945.6,71.2,25.5,Wheat,63.1,339.21,6543.4,114.48,2892.0,51.6,97.0,51.6,3.7
Gujarat - Central District 3231,12257,1024.7,76.5,24.6,Wheat,30.0,157.33,3128.9,55.66,1478.2,66.5,97.6,18.9,51.2
Sikkim - Urban District 3232,10487,1058.3,34.3,29.7,Maize,30.0,113.67,3611.6,75.29,592.2,50.7,105.0,54.8,42.1
Kerala - Delta District 3233,13375,938.5,76.2,20.2,Rice,30.0,157.97,3606.4,50.99,1297.3,72.6,117.3,39.9,25.3
Andhra Pradesh - Hills District 3234,60156,653.4,40.9,31.5,Pulses,117.5,154.96,6035.7,71.71,4116.6,93.6,123.3,49.9,7.2
Bihar - East District 3235,5062,1102.9,52.1,25.4,Rice,30.0,146.64,3779.2,67.44,1258.0,49.9,105.1,55.4,52.2
Karnataka - East District 3236,59714,309.9,34.5,18.3,Wheat,96.5,246.91,12300.6,143.22,4729.6,79.2,105.0,51.3,0.9
Nagaland - Central District 3237,8460,1358.5,72.5,29.2,Maize,30.0,221.6,3091.3,98.59,643.0,52.3,88.6,43.6,31.6
Puducherry - North District 3238,13335,1506.2,47.8,25.9,Maize,30.0,233.8,3597.1,69.74,550.0,46.4,82.0,43.4,34.5
Andhra Pradesh - Valley District 3239,35195,1262.1,44.6,21.4,Rice,53.9,391.52,6035.0,112.27,2358.4,64.5,116.0,52.3,26.9
Tamil Nadu - East District 3240,21157,2163.1,49.6,24.5,Rice,45.7,500.26,6493.0,123.31,1791.5,20.2,118.4,57.1,8.7
Assam - Rural District 3241,22170,1209.5,85.4,29.7,Rice,36.9,239.38,3826.7,101.85,1551.0,48.6,110.4,50.0,34.5
Himachal Pradesh - Coastal District 3242,37058,1620.7,67.7,29.9,Pulses,59.9,195.25,2414.1,52.94,1680.4,35.8,115.8,52.5,17.5
Tripura - North District 3243,46611,758.1,69.6,24.5,Wheat,86.6,368.86,7621.7,144.95,4125.8,68.8,107.6,86.0,3.0
Meghalaya - Coastal District 3244,220091,1966.0,54.0,22.2,Wheat,204.3,1906.99,22030.7,419.47,10461.2,27.3,97.2,88.7,0.0
Chhattisgarh - South District 3245,39031,951.3,46.4,29.5,Maize,86.8,443.23,10559.7,221.08,1584.1,60.0,104.8,50.7,6.6
Gujarat - West District 3246,10144,1184.0,53.8,24.4,Rice,30.0,177.66,3780.4,68.82,1192.7,71.1,103.9,32.7,42.0
Jammu & Kashmir - Hills District 3247,13740,1258.0,70.4,27.3,Maize,30.0,177.38,3429.3,85.62,582.5,65.8,107.7,48.2,51.3
Delhi - Hills District 3248,6040,1651.6,85.1,22.3,Rice,30.0,262.14,3188.7,76.18,1158.8,34.1,94.6,63.7,39.0
Himachal Pradesh - Plains District 3249,25587,666.7,91.1,29.7,Pulses,35.2,73.65,1311.7,22.19,1114.4,63.9,93.3,45.3,31.9
Andhra Pradesh - Urban District 3250,57533,1012.2,49.4,29.6,Pulses,61.7,83.43,2469.9,38.46,1758.1,64.8,106.5,50.5,20.8
Tamil Nadu - Coastal District 3251,32853,833.6,79.4,27.1,Wheat,83.1,405.71,7605.9,137.47,4398.5,76.2,95.5,67.1,27.5
Haryana - Plateau District 3252,12786,970.2,64.2,24.5,Rice,30.0,110.27,4115.8,60.83,1143.7,75.5,96.9,59.4,20.8
Madhya Pradesh - Urban District 3253,30213,850.4,87.8,27.9,Wheat,43.3,237.65,3708.2,80.61,1808.9,76.1,117.8,51.0,40.5
Odisha - North District 3254,24164,906.8,33.8,22.1,Maize,50.7,224.68,7471.3,105.97,1064.5,84.7,103.9,56.7,51.7
Punjab - Central District 3255,18536,1860.3,48.7,31.8,Pulses,44.8,183.75,2066.8,31.32,1421.4,44.5,106.5,53.7,35.4
Tripura - Urban District 3256,35930,1059.8,47.2,27.4,Wheat,58.7,290.7,6501.0,77.85,3035.7,64.8,117.0,54.9,30.1
Jammu & Kashmir - Hills District 3257,73316,1045.7,34.8,27.8,Maize,71.5,420.47,9023.9,199.23,1453.9,57.7,104.0,58.9,0.0
Uttar Pradesh - East District 3258,38815,673.6,82.9,32.8,Wheat,31.4,114.03,3028.2,43.08,1576.5,70.6,126.1,35.4,0.0
Chhattisgarh - West District 3259,20446,884.7,48.4,26.9,Rice,43.7,202.94,6643.1,85.54,1808.3,50.2,103.1,61.0,16.1
Jharkhand - Delta District 3260,65424,906.9,88.9,32.9,Pulses,44.1,110.69,1601.4,31.61,1170.1,61.0,92.1,72.3,0.0
Delhi - Plains District 3261,44179,1610.7,60.2,29.9,Rice,58.1,470.48,8887.4,105.77,2293.2,62.9,106.8,48.7,9.8
Karnataka - Urban District 3262,38186,647.2,54.7,23.0,Maize,50.0,234.85,6804.4,96.97,1064.4,55.0,106.5,52.5,16.8
Arunachal Pradesh - North District 3263,34761,1089.0,38.6,23.5,Maize,71.7,481.42,9016.9,203.28,1494.8,58.3,99.4,36.8,8.3
Himachal Pradesh - West District 3264,44740,1229.0,66.3,31.0,Wheat,78.5,406.49,7097.4,102.7,4456.4,66.8,104.0,27.6,0.0
Maharashtra - North District 3265,23152,1626.8,52.3,25.2,Wheat,30.0,180.98,2984.6,50.94,1311.0,41.5,120.9,44.9,42.4
Haryana - Plains District 3266,48506,1313.2,31.9,29.3,Wheat,99.4,615.16,12113.2,179.53,4889.7,52.0,108.9,57.1,10.6
Maharashtra - South District 3267,31456,1078.7,59.4,20.0,Pulses,38.2,92.26,1636.7,30.98,1105.7,63.0,104.7,57.5,17.0
Telangana - Urban District 3268,33257,1457.0,33.9,25.4,Rice,56.0,365.8,7606.9,93.86,2271.1,46.4,112.3,40.5,41.2
Arunachal Pradesh - East District 3269,21931,610.6,72.5,24.4,Rice,32.3,146.53,4002.0,63.96,1360.8,89.6,109.1,53.5,28.5
Rajasthan - Valley District 3270,114460,1086.7,34.8,23.1,Pulses,215.3,233.39,10993.0,137.45,6240.7,65.1,107.7,62.4,0.0
Telangana - West District 3271,7630,1430.5,41.6,29.5,Wheat,30.0,200.41,3301.5,42.83,1486.6,47.9,103.5,33.3,40.4
Jharkhand - East District 3272,38343,1164.3,58.7,33.2,Rice,78.7,533.28,9521.6,156.47,3329.9,56.0,108.0,44.3,24.5
Ladakh - Plateau District 3273,105018,1610.1,55.5,23.1,Wheat,165.9,1079.14,21656.6,302.02,7884.8,48.7,130.8,54.1,0.0
Chhattisgarh - Plateau District 3274,95071,726.6,75.8,27.1,Wheat,154.3,407.23,12098.9,224.2,7250.8,65.5,101.6,73.0,0.0
Himachal Pradesh - South District 3275,21373,1264.4,67.6,29.1,Maize,30.0,218.94,3017.4,101.47,631.1,52.5,99.0,54.0,41.7
Ladakh - West District 3276,27377,945.7,74.8,29.9,Maize,46.9,261.15,5110.1,128.81,979.6,65.7,95.5,43.7,45.2
Rajasthan - Urban District 3277,9321,1428.4,45.5,22.1,Rice,30.0,184.08,4258.7,74.11,1135.0,39.2,109.5,44.6,37.7
Arunachal Pradesh - Valley District 3278,30455,1237.8,61.6,30.7,Rice,65.7,407.1,8094.8,147.27,2674.9,55.7,111.1,60.8,22.7
Goa - West District 3279,64459,1003.1,46.0,28.1,Wheat,128.9,633.74,16490.9,193.13,6366.4,61.1,111.6,69.4,0.0
Punjab - Valley District 3280,37684,444.2,62.2,34.1,Maize,84.0,360.89,11205.5,235.27,1766.7,97.2,92.0,33.1,29.6
Puducherry - Delta District 3281,30358,897.3,40.7,21.2,Wheat,65.2,288.57,8315.3,101.36,3336.9,70.2,81.8,63.7,23.7
Kerala - South District 3282,23753,1519.6,53.7,27.2,Pulses,33.6,8.57,1644.4,19.35,1006.4,47.6,95.8,56.6,34.7
Delhi - West District 3283,244300,1009.7,97.1,26.4,Rice,473.5,2961.5,49775.7,1108.31,19962.5,59.1,108.9,100.0,0.0
Assam - South District 3284,34728,758.1,68.2,26.9,Rice,34.3,185.67,3632.6,76.53,1442.0,69.5,107.0,38.1,4.8
Tamil Nadu - Urban District 3285,27229,1069.5,16.0,34.1,Wheat,43.4,184.61,5230.0,60.36,2285.7,53.9,111.5,51.2,44.5
Telangana - West District 3286,46740,1008.8,63.7,24.1,Rice,67.3,442.94,8159.2,151.88,2768.4,64.3,113.2,56.6,0.0
Madhya Pradesh - Plains District 3287,52126,1279.7,73.0,27.3,Pulses,91.6,60.6,3781.5,50.44,2318.9,31.8,100.8,28.3,10.7
Ladakh - Valley District 3288,16042,1173.0,43.9,30.4,Maize,30.0,140.77,3476.1,71.73,576.4,65.8,104.7,10.5,34.8
Gujarat - East District 3289,14324,401.9,51.9,29.7,Maize,30.0,74.02,4411.5,57.6,586.9,90.4,107.0,49.3,48.3
Nagaland - Hills District 3290,25509,478.5,66.5,28.5,Rice,30.0,89.39,3665.3,63.06,1296.9,91.1,97.4,48.2,15.1
Madhya Pradesh - Plains District 3291,57427,977.0,82.1,25.5,Rice,68.3,504.67,8510.5,190.45,3046.4,56.1,106.7,45.6,0.0
Himachal Pradesh - Delta District 3292,46770,1005.0,55.2,27.8,Rice,80.2,314.72,10659.0,144.12,3277.5,65.9,96.6,62.0,0.0
Jammu & Kashmir - Central District 3293,54399,1161.6,67.6,29.8,Rice,72.9,568.19,8472.5,183.74,3228.3,59.5,103.2,51.0,0.0
Uttarakhand - West District 3294,17106,715.2,13.8,28.5,Maize,30.0,146.14,4409.9,66.24,640.1,64.7,109.3,14.7,17.1
Rajasthan - Hills District 3295,6456,1115.6,75.3,34.9,Rice,30.0,190.22,3526.5,62.36,1071.4,49.6,102.8,45.3,39.9
Karnataka - Central District 3296,55333,1676.9,41.1,28.1,Pulses,89.7,281.5,5010.4,51.06,2543.2,36.5,114.2,66.4,27.8
Manipur - Delta District 3297,6765,1462.5,83.5,25.2,Wheat,30.0,230.36,2701.4,54.19,1530.7,46.9,108.1,48.2,37.9
Sikkim - Plains District 3298,14649,875.7,30.6,24.1,Rice,30.7,104.63,5113.0,55.72,1180.5,70.2,110.0,86.2,34.5
Uttarakhand - Central District 3299,9540,448.5,49.7,18.9,Wheat,30.0,76.32,3008.8,44.39,1404.1,88.1,109.9,53.6,33.1
Odisha - Central District 3300,55460,794.7,22.9,26.1,Maize,69.0,270.08,10260.3,181.78,1351.9,75.4,105.9,65.5,0.0
Sikkim - North District 3301,16206,763.0,92.7,26.7,Rice,30.0,119.11,3521.6,63.7,1235.3,64.6,112.8,45.2,43.5
Haryana - East District 3302,17606,1387.5,64.8,23.4,Maize,30.0,229.05,3677.8,115.31,614.4,33.2,118.2,53.7,11.7
Chhattisgarh - North District 3303,17062,1338.6,86.1,33.3,Rice,46.0,326.2,4896.9,83.8,1802.8,50.5,90.9,54.5,31.2
Arunachal Pradesh - Plateau District 3304,46087,1048.1,55.7,23.4,Wheat,91.6,504.26,9151.2,174.67,4373.0,52.0,100.1,39.9,11.2
Nagaland - Valley District 3305,19439,543.5,96.9,27.2,Maize,30.0,113.97,2620.0,88.25,561.6,75.5,106.5,64.0,47.8
Himachal Pradesh - Hills District 3306,25637,1248.7,51.9,27.1,Pulses,32.7,79.18,1511.5,22.18,929.4,59.6,121.4,61.7,33.5
Manipur - Coastal District 3307,93817,1125.2,69.0,22.9,Maize,157.8,1008.63,15593.0,473.28,3482.4,67.8,117.7,69.9,0.0
Ladakh - Delta District 3308,57026,625.9,72.3,25.7,Maize,103.8,463.08,11072.9,224.88,1903.1,76.9,106.3,63.8,7.5
Meghalaya - Rural District 3309,63299,1350.7,72.6,21.3,Pulses,113.1,223.83,4708.6,71.54,3281.5,45.7,113.0,49.4,0.0
Arunachal Pradesh - Valley District 3310,14942,1250.9,79.3,30.1,Maize,30.0,235.76,2867.2,89.44,573.0,69.1,90.4,82.5,52.6
Uttarakhand - Plateau District 3311,18288,769.4,41.3,29.3,Maize,35.3,97.1,5188.0,68.5,659.1,88.6,108.9,70.3,47.1
Maharashtra - Delta District 3312,23149,1605.2,25.0,22.1,Wheat,33.6,222.83,3679.9,57.62,1590.8,40.7,104.6,51.1,34.3
Karnataka - East District 3313,45618,1948.7,49.8,30.4,Wheat,30.0,213.65,3404.8,55.68,1465.3,33.7,100.3,53.0,4.6
Maharashtra - Central District 3314,51607,1151.0,61.9,22.7,Wheat,106.5,527.98,10647.6,178.72,5364.9,65.5,112.0,51.6,9.1
Tamil Nadu - West District 3315,84009,771.4,71.5,28.9,Maize,194.8,1000.06,18248.0,380.79,3948.2,83.5,110.0,40.1,0.0
Tamil Nadu - West District 3316,7335,504.7,45.2,23.5,Maize,30.0,159.94,4398.3,89.38,593.4,98.4,108.2,53.8,42.3
Himachal Pradesh - East District 3317,46460,200.0,64.6,23.5,Wheat,64.8,131.81,6374.9,64.65,3151.8,92.9,116.7,50.0,10.7
Chhattisgarh - West District 3318,20695,643.2,42.6,24.7,Wheat,37.8,105.72,4750.7,50.76,1924.2,82.1,94.1,64.4,32.3
Telangana - Delta District 3319,19658,1223.8,80.0,27.0,Wheat,30.0,215.42,2815.5,59.96,1441.6,36.5,121.6,53.5,21.9
Jammu & Kashmir - Plains District 3320,36561,1165.6,73.0,26.0,Maize,45.0,280.48,4516.8,111.32,788.9,57.6,111.8,45.0,0.0
Rajasthan - Urban District 3321,58397,1237.5,84.7,25.0,Wheat,90.6,474.87,7772.5,160.56,4490.9,52.7,103.4,62.1,10.7
Arunachal Pradesh - East District 3322,13456,1150.9,43.5,32.1,Rice,30.0,162.18,4474.8,49.68,1160.8,58.0,103.0,65.3,44.5
Nagaland - North District 3323,27834,935.7,38.1,16.1,Maize,47.1,311.0,5412.2,155.56,1083.5,65.6,123.5,62.8,5.3
Haryana - Coastal District 3324,15742,852.8,47.6,30.7,Rice,30.0,155.67,3852.5,69.52,1181.6,61.5,107.8,46.1,59.5
Nagaland - East District 3325,56034,1345.4,62.2,23.5,Rice,93.6,487.23,14043.6,169.72,3911.4,56.7,99.9,56.7,9.6
Jharkhand - East District 3326,10662,1182.2,42.0,24.8,Wheat,30.0,139.71,3840.0,45.62,1510.2,60.2,82.9,34.3,36.0
Uttarakhand - Hills District 3327,40383,1130.2,48.7,26.2,Wheat,41.4,198.19,3743.7,67.24,1946.4,70.0,116.7,41.6,19.1
Andhra Pradesh - Central District 3328,168574,835.3,47.5,30.0,Pulses,318.5,249.93,16275.0,160.12,10005.5,79.7,96.5,62.5,0.0
Odisha - Central District 3329,43787,636.1,63.4,25.3,Rice,74.9,351.18,10050.3,129.58,2948.5,70.8,101.3,62.3,0.0
Puducherry - Plateau District 3330,29332,1314.5,77.9,27.8,Wheat,62.1,453.74,5747.0,126.17,3199.8,45.3,99.7,66.3,36.1
Punjab - Plains District 3331,18213,792.2,64.1,32.3,Maize,30.0,195.24,3722.1,85.12,591.7,87.0,109.1,48.1,17.2
Goa - West District 3332,19724,1499.6,75.0,31.6,Rice,41.6,320.58,5255.1,104.51,1600.5,33.8,110.3,52.3,20.4
Chhattisgarh - Valley District 3333,32685,948.4,47.7,30.9,Maize,63.8,295.45,6958.2,188.45,1321.4,69.5,103.3,60.8,39.2
West Bengal - Central District 3334,25493,886.1,64.8,29.8,Wheat,30.0,157.64,3157.7,52.05,1550.7,67.5,94.9,52.1,24.6
Nagaland - Rural District 3335,26183,1328.7,36.7,27.0,Rice,30.0,169.39,4259.7,67.67,1104.7,51.4,117.0,50.3,15.8
Karnataka - North District 3336,50361,1519.5,72.6,25.5,Rice,51.3,356.36,6318.8,114.09,2056.2,39.4,117.4,51.2,16.0
Assam - Valley District 3337,17999,1174.7,50.1,29.1,Rice,30.0,186.72,3830.3,74.66,1048.6,62.4,95.8,30.3,43.2
Puducherry - West District 3338,56218,1494.9,64.1,30.8,Maize,112.8,1037.04,10641.6,264.86,2326.7,55.3,114.2,50.5,27.4
Delhi - Central District 3339,15233,599.1,81.4,31.5,Pulses,31.0,60.68,1113.4,16.86,996.1,70.8,106.3,52.5,40.0
Tamil Nadu - Valley District 3340,89102,1014.5,68.3,30.3,Wheat,95.5,341.61,10399.9,159.32,4627.7,51.3,116.3,67.5,0.0
Ladakh - Urban District 3341,29821,1606.8,72.1,20.8,Wheat,50.9,356.26,4360.6,96.0,2448.0,41.9,87.2,43.0,18.3
Manipur - Plateau District 3342,14733,1411.5,77.1,22.4,Wheat,30.0,192.4,2419.2,47.76,1442.7,34.9,106.9,63.8,63.6
West Bengal - East District 3343,84391,881.3,34.8,28.4,Pulses,93.5,77.74,4923.4,71.13,2992.8,67.1,107.8,64.1,0.0
Gujarat - South District 3344,21673,1443.1,55.4,28.6,Wheat,49.9,263.73,5042.1,67.93,2551.5,52.3,109.6,59.7,18.0
Himachal Pradesh - East District 3345,22120,1033.7,28.6,24.5,Wheat,30.0,98.77,3669.8,42.07,1542.3,70.5,112.2,53.6,22.7
Arunachal Pradesh - Central District 3346,16001,1016.1,74.8,30.2,Rice,30.0,154.95,4004.5,54.99,1212.1,58.2,100.8,52.2,59.9
Jammu & Kashmir - West District 3347,166899,912.7,74.5,27.1,Rice,136.7,691.48,19088.0,256.98,5129.9,69.6,103.4,67.1,0.0
Tamil Nadu - North District 3348,21643,1753.9,47.5,27.9,Rice,42.8,418.07,5783.8,117.48,1901.3,45.1,109.9,49.4,44.0
Assam - Urban District 3349,91752,979.9,75.6,26.8,Rice,149.0,626.01,17693.8,270.06,5867.3,73.6,118.8,63.2,0.0
Manipur - Plains District 3350,3226,1075.5,36.9,25.1,Rice,30.0,152.96,4287.7,70.96,1195.2,61.8,114.0,35.3,43.8
Punjab - Central District 3351,11954,1002.1,49.2,30.7,Rice,30.0,128.6,4029.7,49.44,1375.6,63.4,104.8,71.2,50.9
Kerala - West District 3352,21562,559.2,46.6,32.7,Rice,30.0,84.87,3782.8,54.64,1325.9,87.2,96.7,36.3,22.2
Kerala - Rural District 3353,9943,1417.7,96.9,35.3,Wheat,30.0,164.15,2482.2,42.21,1501.5,50.9,101.1,30.8,52.6
Manipur - Delta District 3354,11317,1105.5,71.2,24.0,Maize,30.0,161.96,2941.2,71.26,559.2,63.8,111.4,59.3,50.3
Kerala - Hills District 3355,28039,500.8,83.5,31.0,Rice,47.6,231.05,4635.4,106.21,1980.4,81.0,104.6,49.6,34.0
Rajasthan - Plains District 3356,54578,915.2,24.5,31.5,Rice,69.1,377.49,10995.8,141.99,2624.3,85.6,99.7,50.9,0.0
Assam - Urban District 3357,34892,339.2,12.3,24.8,Rice,65.3,123.82,11710.7,114.22,2551.0,75.4,111.3,66.7,12.8
Nagaland - Valley District 3358,13611,1579.1,42.3,27.2,Rice,30.0,225.7,4449.5,84.52,1117.4,37.1,116.6,41.3,52.1
Jharkhand - Plains District 3359,6128,504.8,65.3,20.4,Wheat,30.0,46.8,2752.3,37.08,1557.6,83.6,95.1,54.9,48.4
Sikkim - Hills District 3360,48512,1400.0,34.2,33.6,Rice,59.3,470.77,7985.5,97.12,2462.7,40.3,101.1,51.9,5.9
Chhattisgarh - Urban District 3361,50851,943.3,41.1,25.0,Rice,88.3,256.3,12331.0,181.6,3544.0,52.6,111.0,69.2,20.7
Telangana - Coastal District 3362,17645,750.4,61.9,29.2,Wheat,30.0,94.86,2979.5,36.05,1515.4,87.1,112.3,68.3,28.2
Chhattisgarh - Hills District 3363,2998,1340.5,63.9,22.4,Maize,30.0,233.14,3162.1,90.77,620.4,48.4,116.6,51.5,62.1
West Bengal - Urban District 3364,38722,1257.2,44.0,23.0,Rice,43.1,207.07,5715.9,109.3,1536.7,50.5,95.7,65.3,0.0
Maharashtra - Plateau District 3365,17327,888.9,58.4,21.0,Pulses,44.7,21.66,1920.2,30.41,1422.1,74.4,117.2,18.1,33.8
Goa - Rural District 3366,80367,1436.2,43.7,25.0,Wheat,146.2,1008.82,15967.4,181.67,7300.5,36.4,100.5,43.9,0.0
Haryana - West District 3367,17718,1267.0,41.7,23.9,Rice,33.2,190.75,5030.3,65.19,1281.4,45.8,99.9,56.4,47.3
Manipur - East District 3368,44766,1228.4,63.7,31.2,Wheat,67.6,353.33,6335.4,122.93,3677.8,61.3,107.8,42.9,21.3
Tripura - Coastal District 3369,89669,848.1,50.8,24.1,Maize,194.3,877.68,28139.0,471.06,4046.2,81.0,111.6,61.8,0.0
Manipur - Valley District 3370,28216,1420.9,59.0,25.3,Maize,35.9,296.42,4136.6,107.17,733.0,50.2,108.2,40.3,12.0
Sikkim - Central District 3371,19927,1295.1,85.8,25.0,Maize,30.0,245.91,2786.9,92.83,578.3,50.3,102.8,45.2,35.0
Himachal Pradesh - Coastal District 3372,55806,1241.9,62.3,25.5,Wheat,84.9,482.11,8954.2,132.41,4409.4,55.8,108.3,62.8,25.8
Sikkim - Hills District 3373,66412,968.0,78.7,25.3,Maize,108.3,750.7,11791.1,377.41,2191.1,72.7,116.7,61.1,2.1
Ladakh - Plateau District 3374,95003,1016.3,58.6,32.4,Wheat,150.4,845.05,14981.2,223.22,7671.1,61.7,129.2,65.8,0.0
Gujarat - North District 3375,31649,1065.7,30.5,29.5,Pulses,52.4,94.86,2582.3,35.86,1593.8,62.9,112.1,69.5,24.6
Sikkim - South District 3376,35861,1037.6,34.3,28.9,Rice,36.4,143.52,4839.9,65.05,1345.4,64.2,109.0,56.2,25.0
Chhattisgarh - West District 3377,29106,797.8,56.9,26.9,Maize,30.0,183.71,3490.9,76.58,557.8,64.5,88.3,48.0,33.1
Kerala - Plateau District 3378,18971,1229.6,57.7,20.3,Maize,30.0,225.01,3559.3,71.89,579.0,56.4,99.8,49.5,39.1
Jammu & Kashmir - North District 3379,46410,1059.3,46.4,21.7,Rice,126.0,644.08,17376.4,275.24,4783.4,51.5,107.4,56.0,17.2
Tamil Nadu - North District 3380,22231,1413.3,56.8,23.6,Maize,30.0,211.67,3403.4,88.92,618.7,42.3,101.6,41.9,32.9
Telangana - North District 3381,28896,543.7,49.9,19.4,Maize,30.0,114.92,3815.0,79.23,641.1,95.2,98.5,83.1,17.9
Himachal Pradesh - Central District 3382,24158,1058.2,49.3,25.1,Rice,30.0,160.62,3880.5,64.09,1282.6,53.2,105.9,66.0,20.1
Uttarakhand - Coastal District 3383,37210,772.0,59.1,24.4,Wheat,42.6,140.19,3857.6,59.86,2085.2,65.4,106.6,50.9,32.2
Andhra Pradesh - Central District 3384,37319,1258.6,58.2,30.0,Rice,45.2,259.57,6395.7,97.3,1704.8,47.6,107.3,49.0,0.0
Bihar - South District 3385,56884,434.0,59.6,28.6,Maize,108.0,319.34,11602.2,255.62,2136.4,77.8,91.4,55.3,20.6
Puducherry - Central District 3386,82956,1581.2,54.4,23.5,Wheat,114.2,801.77,12393.5,198.51,5587.2,52.0,117.2,66.5,0.0
West Bengal - Rural District 3387,11305,1337.1,73.0,25.5,Rice,30.0,159.12,3729.9,59.2,1250.9,46.7,115.6,54.1,38.4
Chhattisgarh - Plateau District 3388,49839,1460.3,33.9,31.4,Rice,30.0,208.01,4136.4,82.51,1285.6,53.8,99.3,55.1,5.7
Kerala - Plateau District 3389,36755,1208.5,19.8,26.7,Maize,40.6,179.67,6379.0,106.55,802.8,68.4,101.3,29.8,22.0
Manipur - South District 3390,19773,1138.1,81.5,24.6,Pulses,30.3,57.12,1142.1,21.63,925.7,69.6,109.2,51.5,20.9
Rajasthan - East District 3391,49510,1291.1,65.5,22.0,Wheat,30.0,171.62,2742.6,48.28,1376.8,71.9,106.6,61.3,10.7
Telangana - Plateau District 3392,23270,1173.7,26.3,27.1,Rice,41.3,267.92,5919.6,117.33,1802.7,54.8,99.7,31.8,28.5
Maharashtra - East District 3393,15986,1054.4,58.8,31.0,Pulses,30.0,33.18,1434.4,16.62,910.4,63.2,98.2,58.9,50.0
Arunachal Pradesh - Coastal District 3394,46054,1152.5,59.7,26.6,Wheat,71.0,296.61,7299.9,105.84,3340.6,50.1,94.7,68.5,15.9
Maharashtra - Valley District 3395,17237,774.1,44.4,22.5,Wheat,33.6,129.52,3551.6,52.7,1685.8,78.5,128.4,25.1,28.0
West Bengal - Coastal District 3396,23633,875.3,39.0,22.5,Rice,36.4,112.76,5761.7,57.41,1415.6,46.6,99.9,33.1,0.0
Meghalaya - South District 3397,54175,632.8,57.7,26.5,Wheat,125.6,479.75,13903.2,198.43,6602.0,70.1,87.4,75.3,22.6
Chhattisgarh - Valley District 3398,20648,1594.2,51.9,24.4,Maize,30.0,284.53,3972.5,108.71,525.4,38.7,94.4,49.5,49.8
Arunachal Pradesh - Hills District 3399,32445,1456.4,80.1,18.0,Rice,62.8,463.1,7801.1,158.48,2307.6,46.4,110.3,60.1,15.7
Chhattisgarh - South District 3400,6188,809.9,43.4,23.1,Wheat,30.0,108.29,3279.5,44.44,1525.8,78.2,89.1,42.6,49.7
Tripura - South District 3401,18870,1482.1,86.7,27.1,Pulses,34.4,85.02,1236.4,23.38,1036.4,39.4,112.3,66.1,47.6
Bihar - Delta District 3402,32760,1129.2,62.6,29.8,Maize,55.8,407.78,7000.8,173.31,1114.1,70.6,95.0,64.5,24.0
Manipur - Plateau District 3403,8591,1183.9,98.4,25.8,Rice,30.0,206.6,2968.2,74.64,1247.0,77.7,98.7,39.9,30.4
Manipur - Coastal District 3404,33842,1609.0,31.7,29.0,Wheat,47.9,351.6,5812.7,74.57,2470.0,31.7,104.8,36.1,6.4
Ladakh - Rural District 3405,19313,1095.8,12.4,26.6,Rice,30.0,119.74,4370.0,62.06,1298.4,70.4,115.8,41.2,34.4
Maharashtra - East District 3406,86130,1077.7,41.2,24.9,Wheat,67.9,340.53,8222.8,97.9,3300.2,53.0,96.4,70.3,0.0
Manipur - Coastal District 3407,5730,1012.5,67.7,27.7,Maize,30.0,222.64,3646.3,83.01,631.8,64.2,110.2,43.6,50.4
Jammu & Kashmir - Valley District 3408,58234,853.6,63.9,26.5,Pulses,30.0,67.64,1175.8,21.83,858.5,67.0,116.5,64.9,1.1
Uttar Pradesh - West District 3409,43931,1364.7,39.9,28.5,Maize,61.6,378.43,7735.3,132.48,1304.5,55.1,102.5,53.7,13.9
Rajasthan - Delta District 3410,13296,1639.9,26.1,23.7,Wheat,30.0,167.3,3927.3,39.4,1561.2,41.0,116.5,41.2,33.9
Manipur - East District 3411,73266,422.4,55.2,26.0,Rice,115.5,308.78,14861.3,211.69,4907.9,74.9,96.0,39.2,0.8
Puducherry - Central District 3412,124832,560.6,87.4,26.1,Rice,257.4,815.67,28932.6,413.76,10493.2,89.7,112.2,72.1,0.0
Maharashtra - Central District 3413,9380,604.2,49.6,20.0,Maize,30.0,85.16,4024.5,71.93,651.2,89.2,108.6,37.4,26.4
Madhya Pradesh - Plains District 3414,47275,1188.7,49.0,27.4,Wheat,117.1,418.19,13348.4,159.65,5738.7,69.4,110.3,74.5,17.1
West Bengal - Delta District 3415,47091,1411.3,56.9,29.7,Pulses,77.6,141.37,3608.6,61.27,2291.2,50.7,106.3,50.7,14.7
Bihar - Delta District 3416,57153,1241.2,69.9,30.0,Wheat,105.6,739.33,10250.7,189.01,5079.6,63.9,130.5,70.4,0.8
Telangana - Hills District 3417,5330,1339.6,53.3,24.9,Maize,30.0,269.46,3906.2,89.92,649.7,43.0,102.9,37.4,34.8
Uttar Pradesh - Plateau District 3418,79205,1449.6,100.0,31.8,Maize,114.7,916.28,9631.8,324.73,2128.1,48.0,105.6,67.3,0.0
Meghalaya - Delta District 3419,9081,534.9,50.3,27.0,Maize,30.0,74.0,3864.5,61.74,609.2,83.2,120.0,66.8,32.7
Odisha - Urban District 3420,59473,684.7,60.8,27.7,Rice,113.1,335.65,13047.9,192.31,4407.6,88.2,112.6,73.4,3.8
Andhra Pradesh - Rural District 3421,24250,701.0,71.0,28.9,Pulses,34.3,69.05,1376.1,27.26,957.6,60.1,127.2,44.5,12.0
Rajasthan - Urban District 3422,79602,1022.3,64.0,23.7,Rice,59.5,396.86,8412.4,135.09,2378.0,61.9,117.3,85.9,0.0
Karnataka - North District 3423,9724,1033.7,44.3,28.9,Rice,30.0,116.42,4590.6,43.56,1307.2,61.0,96.3,35.6,35.6
Himachal Pradesh - Hills District 3424,70002,1541.1,58.9,29.0,Pulses,143.3,377.58,4970.3,84.45,3930.9,36.2,110.0,33.8,17.7
Tripura - West District 3425,5898,415.0,49.4,26.7,Wheat,30.0,71.26,3230.0,44.7,1543.9,74.7,96.7,30.3,48.3
Madhya Pradesh - Plains District 3426,13824,1175.3,51.3,24.3,Maize,30.0,212.12,3173.6,99.94,562.6,56.6,107.5,48.6,34.6
West Bengal - East District 3427,130599,917.1,97.2,25.6,Rice,192.9,1099.31,16744.5,484.16,7453.3,86.3,119.4,70.1,0.0
Karnataka - Urban District 3428,24747,1583.5,34.9,26.9,Wheat,30.0,198.69,3836.0,56.6,1521.3,59.6,116.4,42.3,37.1
Punjab - Central District 3429,20394,1232.7,64.4,30.1,Maize,32.4,185.7,3488.2,98.92,652.0,51.8,114.3,47.9,31.7
Haryana - Hills District 3430,29778,960.2,88.0,26.8,Maize,51.4,271.29,4231.2,150.56,1040.8,55.7,106.0,64.8,25.6
Punjab - West District 3431,20976,1226.8,66.4,28.1,Maize,35.3,266.31,3664.3,107.68,645.0,51.0,127.4,45.0,36.1
Arunachal Pradesh - Delta District 3432,13115,1995.1,47.7,25.4,Wheat,30.0,240.59,3258.0,67.94,1265.5,11.5,133.4,59.3,41.3
Nagaland - Central District 3433,8261,536.4,29.4,24.4,Rice,30.0,74.28,4703.4,49.3,1286.0,77.3,99.7,44.7,62.8
Manipur - Plains District 3434,55817,1820.6,50.0,24.3,Wheat,84.0,614.58,10173.3,180.21,3987.2,37.1,128.8,49.5,9.8
Bihar - Urban District 3435,15508,930.9,57.2,21.4,Wheat,30.0,133.31,3490.4,52.78,1434.9,71.0,109.7,51.5,31.9
Maharashtra - Urban District 3436,52689,1533.5,87.6,30.8,Rice,97.9,747.23,10049.6,203.81,3828.5,31.0,114.0,57.8,9.6
Karnataka - Plains District 3437,60219,426.6,83.1,21.9,Wheat,88.5,236.89,8995.0,106.86,4389.8,94.7,99.2,58.0,2.0
Rajasthan - East District 3438,18116,1248.4,89.9,28.1,Rice,30.0,222.94,3004.9,68.22,1316.8,62.6,121.4,40.4,35.0
Uttar Pradesh - Plateau District 3439,15493,1637.3,36.0,26.3,Wheat,30.0,144.97,3826.4,45.74,1636.9,32.6,104.0,45.2,37.2
Kerala - Plains District 3440,59928,1061.4,47.2,25.9,Wheat,130.5,528.58,14069.8,185.51,6017.1,65.2,108.9,62.2,0.8
Assam - Rural District 3441,76461,1105.3,36.4,24.7,Wheat,121.1,527.21,14925.1,140.66,5782.2,63.9,99.3,63.5,0.0
Karnataka - North District 3442,36225,1053.8,77.1,29.5,Pulses,65.0,108.11,2026.0,50.82,2072.8,70.7,95.0,42.5,19.3
Punjab - Urban District 3443,51537,1038.0,64.8,20.7,Rice,54.6,219.26,6550.2,109.01,2132.6,48.2,117.6,53.7,1.2
Telangana - Valley District 3444,73513,1123.2,74.2,32.7,Wheat,112.9,515.63,10787.3,180.6,5898.3,51.4,107.0,41.6,0.0
West Bengal - Coastal District 3445,18217,1054.5,60.2,23.3,Pulses,30.0,87.77,1441.6,21.28,906.1,55.7,96.8,9.9,32.8
Kerala - Urban District 3446,39529,1598.6,49.9,25.0,Maize,44.0,432.52,5795.3,154.88,877.7,38.1,96.6,34.5,42.0
Maharashtra - West District 3447,44179,728.4,63.4,24.6,Pulses,53.1,114.7,1847.4,35.52,1735.9,71.6,136.4,80.8,5.4
Goa - Plateau District 3448,12660,1405.6,65.3,23.6,Rice,30.0,194.65,3445.6,57.67,1219.3,35.1,95.7,59.1,57.7
Kerala - Urban District 3449,36474,1041.1,97.8,24.3,Rice,42.3,268.35,4266.5,87.3,1682.4,61.1,95.3,50.7,16.8
Telangana - East District 3450,23207,758.8,62.7,27.5,Wheat,31.5,141.47,2934.9,55.94,1553.1,65.8,113.1,52.3,17.5
Puducherry - West District 3451,21327,1037.0,79.0,27.4,Rice,42.4,196.95,4718.0,72.66,1639.2,58.0,120.4,67.2,34.2
Ladakh - Valley District 3452,32006,1316.1,47.1,29.4,Maize,48.8,336.59,6271.0,154.99,1032.7,68.3,101.0,56.4,30.5
West Bengal - Plains District 3453,32358,833.9,46.7,23.9,Wheat,46.1,123.71,5061.3,52.6,2163.1,64.6,101.3,52.2,49.6
Uttar Pradesh - North District 3454,69752,859.6,76.8,29.8,Rice,76.1,432.68,10204.9,148.65,3118.6,61.6,105.2,74.2,0.0
West Bengal - Valley District 3455,28636,802.8,53.5,28.9,Maize,30.0,165.42,3571.3,61.22,594.7,72.3,107.9,51.9,22.8
Rajasthan - Urban District 3456,23111,1137.5,75.4,27.7,Rice,37.4,181.95,3959.1,77.47,1405.7,67.4,112.1,51.1,35.5
Chhattisgarh - Valley District 3457,20926,1041.2,48.7,24.9,Rice,30.8,200.1,3831.7,85.01,1247.1,56.3,109.2,52.1,36.7
Tripura - Central District 3458,64375,1168.8,41.0,25.7,Wheat,114.5,511.73,13694.4,181.39,5278.4,52.7,99.4,61.1,0.0
Manipur - Plains District 3459,37954,950.0,61.0,22.3,Maize,68.8,306.98,7697.1,213.12,1348.1,81.8,97.0,45.1,13.0
Puducherry - Valley District 3460,8208,1325.3,100.0,22.9,Rice,30.0,199.08,2997.3,70.23,1220.7,60.7,93.6,52.5,55.5
Uttarakhand - West District 3461,42939,1842.7,38.1,30.0,Maize,53.3,513.27,6741.2,209.46,1063.5,29.6,111.9,65.2,2.8
Karnataka - Plateau District 3462,22623,1196.5,74.4,28.3,Rice,30.0,173.72,3608.3,70.34,1334.8,60.9,109.8,31.3,14.2
Puducherry - East District 3463,9438,984.7,68.0,27.7,Rice,30.0,198.84,3727.7,73.11,1200.2,62.3,90.4,40.8,34.8
Jammu & Kashmir - Rural District 3464,60500,1325.9,54.4,32.3,Rice,98.0,574.37,10587.0,197.28,3994.5,62.3,111.6,62.6,0.0
Telangana - Delta District 3465,62749,1233.4,64.0,24.7,Rice,120.3,708.98,14128.5,258.41,5237.1,55.7,120.0,38.7,0.0
Tamil Nadu - Coastal District 3466,12885,1601.1,70.7,28.9,Maize,30.0,286.59,3254.9,104.47,622.0,45.9,92.7,58.7,70.3
Uttarakhand - East District 3467,22899,411.3,66.5,28.4,Wheat,34.5,127.02,3348.3,43.92,1593.9,88.5,107.2,33.5,25.5
Madhya Pradesh - South District 3468,9712,1293.2,72.2,23.4,Rice,30.0,240.41,3704.0,74.26,1308.1,64.1,118.2,69.6,69.0
Tripura - Plateau District 3469,70566,1308.3,21.5,28.0,Wheat,45.0,170.24,6005.8,62.13,2414.0,53.4,102.5,44.8,0.0
Kerala - Valley District 3470,28860,1156.3,73.7,25.5,Wheat,38.5,116.14,3519.9,55.32,2040.9,70.1,105.4,43.6,14.8
Uttarakhand - Rural District 3471,14788,1982.3,89.7,19.3,Wheat,30.0,275.7,2406.0,61.55,1396.7,14.7,119.6,54.3,41.6
Sikkim - Coastal District 3472,7355,1169.2,68.6,32.3,Rice,30.0,208.64,2895.8,62.35,1133.7,54.2,92.8,51.7,31.9
Rajasthan - East District 3473,5100,1156.3,59.9,25.2,Wheat,30.0,177.58,3354.0,54.41,1625.8,67.6,121.3,46.0,26.2
Goa - Plains District 3474,193402,1349.4,32.8,26.2,Wheat,158.2,586.24,19260.5,238.3,7958.8,72.5,98.4,89.4,0.0
Himachal Pradesh - East District 3475,36330,1016.6,54.9,26.8,Wheat,68.5,281.96,7569.1,120.17,3543.9,56.2,129.1,59.4,0.0
Himachal Pradesh - East District 3476,23161,1017.5,47.5,25.2,Pulses,35.6,92.47,1786.8,28.04,1020.2,53.5,102.1,35.2,44.0
Jammu & Kashmir - Central District 3477,11380,1009.1,87.4,29.7,Wheat,30.0,104.16,2802.3,44.82,1595.4,77.3,92.0,36.9,26.6
Ladakh - Plains District 3478,4341,407.0,100.0,23.9,Rice,30.0,126.18,3096.4,52.32,1162.5,62.4,117.2,44.4,46.9
Uttarakhand - Hills District 3479,26086,1379.2,78.2,22.7,Wheat,39.8,231.79,3318.2,70.52,2025.1,45.5,94.0,59.6,26.3
Arunachal Pradesh - Rural District 3480,32380,897.9,56.0,23.3,Pulses,47.7,149.17,2205.7,30.94,1367.7,74.8,114.8,47.9,17.3
Puducherry - North District 3481,22571,615.7,36.0,29.9,Rice,38.6,140.7,5737.8,61.22,1692.4,67.4,108.0,52.7,36.3
Uttar Pradesh - West District 3482,3844,1521.3,62.8,22.8,Maize,30.0,240.44,2959.6,93.63,579.5,32.1,98.8,40.2,52.5
Assam - Urban District 3483,10656,944.5,79.8,26.2,Rice,30.0,196.78,3784.1,64.58,1238.8,72.6,97.8,40.3,47.6
Punjab - West District 3484,55617,810.5,66.1,24.8,Wheat,97.6,396.07,8903.9,142.89,5072.4,82.5,96.1,67.4,0.0
Tamil Nadu - Plains District 3485,47304,1005.2,67.7,19.4,Wheat,69.0,309.81,7282.5,80.25,3391.9,66.2,119.2,51.1,0.0
Andhra Pradesh - Plains District 3486,10293,1178.1,83.6,28.0,Pulses,30.0,33.33,1112.7,17.75,1030.2,62.2,91.3,44.2,57.4
Telangana - Plains District 3487,34747,1096.4,48.1,29.1,Wheat,45.8,282.73,5219.9,77.6,2362.9,75.4,120.2,63.9,9.5
Sikkim - Plains District 3488,9687,1456.9,88.1,27.2,Rice,30.0,168.56,3155.1,61.24,1226.1,56.6,111.0,56.0,37.7
Puducherry - Delta District 3489,30465,1209.6,49.6,25.9,Rice,37.5,204.67,4822.6,69.8,1511.8,63.1,92.7,62.3,45.3
Jharkhand - Plateau District 3490,4809,1266.1,39.5,28.7,Wheat,30.0,192.49,3910.3,46.72,1496.0,60.0,109.5,29.0,60.1
Gujarat - South District 3491,19181,904.5,87.0,28.5,Pulses,30.0,94.91,1118.9,16.37,837.0,72.1,108.9,52.5,41.4
Jharkhand - Valley District 3492,13681,2187.1,71.1,24.3,Maize,30.0,325.7,3260.7,96.93,573.4,26.1,115.9,37.2,27.6
Himachal Pradesh - Coastal District 3493,13913,1809.7,66.8,24.6,Wheat,31.0,192.11,3119.5,48.92,1420.0,43.1,104.2,63.7,21.4
Tripura - Hills District 3494,49160,491.9,83.0,19.2,Rice,65.9,265.34,7078.8,95.88,2685.6,86.6,104.0,66.6,23.8
Sikkim - Rural District 3495,108089,1375.1,47.9,24.0,Wheat,179.6,941.84,20409.9,291.19,8989.3,70.6,108.2,76.5,0.0
Gujarat - West District 3496,32887,908.9,57.9,22.4,Rice,61.3,362.62,8269.4,132.06,2566.3,58.5,118.0,58.2,17.4
Goa - West District 3497,22406,1283.8,43.4,31.2,Rice,30.0,160.94,5043.4,56.18,1368.3,50.8,102.9,52.0,34.5
Manipur - Plateau District 3498,8850,1006.3,50.7,21.8,Wheat,30.0,71.99,3363.3,49.9,1609.3,48.7,106.6,53.8,56.4
Chhattisgarh - East District 3499,30625,1622.3,63.7,25.2,Rice,49.3,403.71,6742.1,103.46,2169.3,41.6,97.1,74.7,35.0
Meghalaya - Hills District 3500,148801,689.3,48.6,28.2,Rice,276.5,875.03,41236.0,455.6,10902.1,83.1,104.3,100.0,0.0
West Bengal - Rural District 3501,25850,1614.6,39.6,30.6,Pulses,51.3,75.2,2424.6,24.13,1539.7,45.5,108.1,41.6,19.4
Uttarakhand - North District 3502,12871,794.6,36.1,31.2,Maize,30.0,149.97,3727.6,97.92,562.7,71.7,107.1,51.6,39.2
Meghalaya - Valley District 3503,78942,1583.8,65.1,26.5,Wheat,155.6,1122.36,15220.0,283.41,7936.9,34.8,107.7,59.6,1.6
Arunachal Pradesh - Hills District 3504,80515,1083.5,50.7,31.9,Maize,234.1,1412.71,31661.0,641.41,5056.7,58.2,109.0,61.2,0.0
Sikkim - Rural District 3505,5257,1079.1,67.4,25.6,Rice,30.0,177.49,3940.0,63.56,1139.0,61.0,99.9,22.9,29.0
Tamil Nadu - East District 3506,48271,606.7,20.8,25.9,Wheat,64.7,116.68,8517.6,68.18,3261.4,71.5,107.3,53.9,3.0
Odisha - Urban District 3507,25171,1279.5,59.8,23.3,Maize,30.0,208.24,3132.0,72.45,584.9,51.3,108.2,46.1,21.5
Uttar Pradesh - Valley District 3508,7222,1134.4,53.3,24.6,Maize,30.0,177.07,3723.0,94.23,529.6,62.2,106.9,38.6,50.2
Kerala - Valley District 3509,41996,561.8,65.3,31.2,Wheat,84.5,278.58,8142.7,135.05,4404.6,78.1,114.3,53.0,24.7
Assam - Rural District 3510,59927,1007.8,64.2,22.9,Rice,80.1,385.31,11489.2,156.98,2893.5,76.3,111.0,50.5,4.3
Jammu & Kashmir - South District 3511,61034,1371.7,45.8,28.3,Rice,78.4,504.19,13199.4,135.03,3102.5,46.4,105.2,46.3,15.9
Manipur - East District 3512,19151,999.3,51.3,24.4,Wheat,38.9,182.47,3915.9,68.43,1898.1,51.7,96.2,51.1,38.0
Karnataka - Rural District 3513,30937,1062.1,24.1,32.1,Maize,44.8,278.32,6029.8,138.01,964.4,65.2,113.8,21.2,20.7
Uttar Pradesh - Urban District 3514,47648,1493.1,53.0,30.4,Rice,86.8,570.14,11503.7,190.87,3439.8,31.0,106.2,66.6,17.0
Manipur - Plateau District 3515,53993,770.3,42.6,18.9,Maize,81.7,411.54,9118.3,256.41,1751.3,68.4,107.4,60.1,2.7
Goa - Urban District 3516,8967,1203.2,65.4,24.0,Pulses,30.0,49.43,1239.0,22.33,944.7,51.6,94.9,40.3,27.5
Uttar Pradesh - Rural District 3517,36352,572.3,59.5,27.9,Rice,44.3,211.35,7390.8,87.8,1651.6,59.9,98.7,59.2,13.0
Bihar - Valley District 3518,65165,1242.8,51.5,30.3,Wheat,126.9,610.65,10225.7,135.56,6461.5,68.5,95.0,30.4,0.0
Punjab - Plains District 3519,124609,1192.8,44.3,32.1,Rice,252.6,1359.71,42462.0,594.2,8836.2,75.0,112.8,76.2,0.0
Uttar Pradesh - Hills District 3520,31721,805.9,58.5,35.0,Wheat,43.9,147.53,4813.9,61.04,2312.3,71.9,98.1,67.2,2.9
Karnataka - Central District 3521,12994,1041.8,54.8,18.8,Rice,30.0,152.67,3933.1,69.45,1073.8,93.3,83.1,21.9,32.5
Telangana - Delta District 3522,8546,1674.1,40.0,29.9,Rice,30.0,232.7,4648.7,84.3,1183.3,20.5,105.9,50.4,46.8
Bihar - Hills District 3523,14012,1086.7,34.3,28.4,Rice,30.0,130.71,3812.6,53.09,1355.3,55.3,99.2,54.3,33.7
Puducherry - Valley District 3524,28132,806.0,49.4,22.2,Rice,57.7,332.73,6976.6,104.65,2096.8,63.6,100.3,86.5,39.3
Himachal Pradesh - Hills District 3525,45129,725.6,60.9,23.5,Maize,57.4,323.47,6453.1,170.29,1039.6,62.4,104.8,49.5,26.7
West Bengal - Plateau District 3526,114480,1136.5,44.5,24.6,Rice,263.6,1369.32,39135.7,467.37,11184.8,64.1,101.9,64.4,0.0
Manipur - South District 3527,19209,860.4,73.1,29.7,Wheat,39.0,158.72,3968.2,59.01,1957.3,67.0,110.2,47.8,41.8
Delhi - Rural District 3528,24126,1223.6,47.5,24.2,Pulses,40.4,66.24,2242.0,18.39,1204.1,62.1,106.9,43.2,36.3
Uttarakhand - Plains District 3529,46495,1180.5,64.0,26.9,Wheat,74.5,361.94,7945.5,127.43,3384.3,38.4,109.9,34.7,0.0
Jammu & Kashmir - North District 3530,65530,1231.6,52.3,27.2,Wheat,88.8,523.01,9613.9,154.57,3509.1,60.2,119.7,79.6,0.0
Telangana - East District 3531,29733,263.0,41.3,25.0,Rice,43.2,56.63,6838.8,76.94,1843.4,86.2,104.7,18.4,33.4
Delhi - East District 3532,21993,1505.5,71.9,26.5,Maize,32.6,312.58,3436.5,107.01,597.4,45.0,132.6,41.4,16.5
Assam - Hills District 3533,14962,1780.3,93.6,20.8,Wheat,30.0,211.36,2676.1,42.77,1606.6,34.7,95.7,23.5,49.2
Jharkhand - Rural District 3534,9127,553.5,83.6,27.6,Wheat,30.0,158.1,2501.7,46.83,1396.5,77.4,101.7,58.7,50.7
Manipur - North District 3535,101052,924.7,86.9,22.0,Rice,164.3,937.73,18060.5,403.37,6481.5,73.3,102.4,44.2,0.0
Meghalaya - Valley District 3536,227985,345.9,24.0,30.5,Wheat,358.4,641.49,45791.0,360.7,17499.4,100.0,107.0,84.7,0.0
Uttarakhand - Central District 3537,35637,453.0,49.4,34.1,Wheat,58.7,137.94,5719.3,58.22,2915.2,76.0,111.3,61.1,0.0
Chhattisgarh - Coastal District 3538,15644,1475.5,60.4,27.9,Wheat,30.0,219.7,3198.4,57.21,1562.4,57.1,99.1,67.5,36.2
Punjab - Coastal District 3539,25190,908.6,65.4,26.3,Rice,30.0,204.19,3564.6,64.59,1154.8,64.1,99.4,47.1,31.1
Telangana - West District 3540,26915,1040.0,74.1,27.0,Wheat,34.1,164.18,2962.1,52.42,1704.1,64.4,111.4,60.3,39.2
West Bengal - Plateau District 3541,4743,1009.3,34.3,25.8,Wheat,30.0,119.45,3892.4,41.77,1576.3,67.6,104.4,74.9,60.8
Chhattisgarh - South District 3542,59948,1179.2,55.8,26.3,Rice,122.0,657.31,15280.4,233.88,4993.3,61.3,106.9,59.1,0.0
West Bengal - Rural District 3543,23514,1198.4,72.0,24.0,Pulses,51.7,144.75,2199.1,34.34,1491.8,64.4,105.0,41.2,33.4
Madhya Pradesh - South District 3544,25927,441.7,62.1,21.1,Rice,30.0,75.96,4491.0,60.32,1237.9,77.9,121.2,64.5,21.7
Telangana - Plains District 3545,26981,1024.2,31.0,26.0,Rice,30.0,140.1,4026.1,52.14,1268.3,61.6,116.4,57.6,42.6
Maharashtra - South District 3546,15119,1160.2,43.5,27.7,Rice,30.0,174.26,4677.0,49.64,1227.8,54.3,105.6,42.0,46.5
Meghalaya - Plains District 3547,45337,1800.9,74.5,22.7,Pulses,58.6,245.28,2237.8,55.6,1725.0,28.6,109.0,58.2,3.5
Ladakh - South District 3548,8389,1063.1,68.9,27.0,Rice,30.0,172.68,3153.5,77.36,1334.2,53.0,106.6,34.6,58.2
Tamil Nadu - Urban District 3549,49034,1036.6,44.8,24.6,Maize,112.2,567.8,16874.9,241.81,2382.8,54.3,106.3,34.7,16.1
Delhi - East District 3550,77554,526.7,50.7,24.1,Wheat,142.4,219.32,15722.3,145.43,6815.5,67.9,99.3,70.6,0.0
Manipur - West District 3551,51569,714.8,72.6,24.8,Rice,94.6,427.62,10047.4,189.01,3409.7,95.0,84.1,59.2,0.0
Assam - West District 3552,51657,1036.9,26.5,17.7,Rice,79.8,433.43,12310.0,176.26,3166.8,63.8,106.2,70.0,0.0
Odisha - East District 3553,48176,828.3,62.6,24.5,Wheat,52.5,241.36,5030.7,75.08,2616.9,71.6,106.5,51.1,1.9
Puducherry - Plains District 3554,11209,1295.4,50.3,21.5,Rice,30.0,170.86,4549.7,72.37,1171.6,46.6,110.9,35.7,34.7
Tamil Nadu - East District 3555,72621,716.4,63.7,28.1,Maize,97.3,592.4,13287.4,225.91,1765.7,88.4,100.2,25.6,0.0
Tripura - South District 3556,18398,721.0,39.3,29.6,Rice,30.0,101.96,4315.3,47.54,1264.5,79.2,105.8,61.1,34.3
Gujarat - Central District 3557,40166,1172.1,50.8,25.4,Rice,70.4,367.05,9042.8,131.59,3031.4,62.7,115.1,48.2,15.1
Punjab - North District 3558,56470,1062.0,43.5,33.3,Pulses,79.9,66.68,3836.5,52.81,2422.6,55.9,125.2,52.9,12.2
Himachal Pradesh - East District 3559,12133,962.6,71.5,30.4,Pulses,30.0,70.29,1331.4,20.73,844.5,67.1,113.3,19.4,24.1
Meghalaya - North District 3560,21264,1173.4,57.1,30.8,Wheat,47.0,218.37,5161.4,66.29,2356.1,64.3,103.7,54.2,22.8
Tamil Nadu - Valley District 3561,19793,1030.2,64.1,26.2,Wheat,32.1,160.9,2999.9,55.23,1669.9,65.7,90.1,55.6,13.2
Madhya Pradesh - North District 3562,33407,609.4,56.5,26.7,Maize,36.4,144.03,4138.4,98.19,739.2,85.9,88.2,59.2,19.1
Jharkhand - West District 3563,8407,810.5,43.4,27.2,Rice,30.0,143.42,4358.1,57.25,1104.6,86.9,118.0,66.2,40.4
Tamil Nadu - West District 3564,49139,980.8,51.4,27.6,Maize,57.8,284.07,7153.9,154.79,1091.9,71.1,111.0,80.0,10.3
Goa - West District 3565,19813,515.5,36.8,24.6,Rice,30.0,101.1,4754.1,67.16,1239.4,80.4,122.1,55.1,44.9
West Bengal - Rural District 3566,24471,887.9,73.3,23.8,Pulses,43.1,112.61,1841.0,34.64,1252.1,75.6,125.9,52.3,47.9
Goa - Valley District 3567,27436,642.9,39.3,30.1,Maize,41.3,148.32,5218.8,86.12,782.6,88.0,119.6,53.5,21.3
Punjab - Coastal District 3568,69698,1111.6,30.8,23.2,Rice,114.7,640.18,17456.8,270.11,4541.3,57.9,109.7,66.2,0.0
Chhattisgarh - Valley District 3569,88343,1427.3,83.8,29.4,Rice,101.1,629.07,11774.7,242.09,3837.0,40.4,105.3,63.2,0.0
Madhya Pradesh - South District 3570,9642,1148.9,95.7,22.7,Rice,30.0,210.08,2844.8,83.35,1113.0,63.9,105.2,78.0,58.8
Jharkhand - Delta District 3571,18314,1123.7,76.8,25.2,Wheat,30.0,126.54,3019.0,41.59,1466.2,57.2,103.6,89.8,37.7
Kerala - Central District 3572,47943,1188.3,68.5,29.6,Maize,94.1,770.99,11005.2,330.84,1756.1,52.0,95.4,39.6,21.1
Punjab - East District 3573,45656,890.2,59.3,22.8,Maize,57.7,338.33,5621.0,119.97,1179.9,58.1,110.3,47.3,14.1
Sikkim - West District 3574,21460,655.1,41.6,29.5,Rice,44.9,249.71,7226.5,85.43,1800.8,66.9,90.6,65.6,30.6
Madhya Pradesh - Valley District 3575,37209,1398.2,53.8,32.4,Wheat,60.9,364.7,5320.1,112.39,3239.3,55.8,112.2,58.8,11.1
Sikkim - Coastal District 3576,232497,1041.6,60.8,28.6,Rice,447.6,2297.54,60415.8,949.81,19307.8,57.5,101.5,92.2,0.0
Nagaland - Urban District 3577,42264,1274.2,42.1,31.0,Maize,89.7,600.13,12847.7,258.37,1830.8,55.1,99.5,44.6,32.4
Karnataka - Urban District 3578,96255,924.6,72.7,27.9,Wheat,229.2,1004.67,22094.3,214.85,11570.7,53.8,99.3,54.6,0.0
Manipur - Delta District 3579,54648,1493.0,46.9,26.8,Wheat,87.3,502.63,8933.9,123.29,4635.2,43.3,104.2,72.0,25.1
Delhi - Plains District 3580,34876,1296.2,54.7,29.5,Pulses,65.3,168.23,2781.6,49.11,2025.9,60.3,117.0,74.1,8.8
Rajasthan - Coastal District 3581,43690,1391.0,46.4,32.7,Rice,96.9,590.75,12358.5,197.13,4168.5,58.8,104.1,57.2,0.0
Arunachal Pradesh - North District 3582,55978,1015.7,60.4,30.6,Wheat,105.4,597.16,10601.2,164.58,5342.4,51.8,116.2,36.5,29.6
Meghalaya - West District 3583,11796,1342.5,58.8,28.5,Pulses,30.0,87.68,1237.6,23.2,881.3,51.0,112.4,38.3,15.1
Jammu & Kashmir - South District 3584,8758,1134.6,63.3,24.2,Wheat,30.0,175.96,3167.9,54.42,1497.8,51.0,99.2,47.3,60.5
Gujarat - North District 3585,12984,673.0,21.4,25.5,Rice,30.0,78.35,4806.4,39.88,1289.4,78.6,120.9,52.2,51.7
Kerala - Urban District 3586,12511,1174.9,42.9,25.4,Rice,30.0,193.22,4419.9,80.65,1247.5,62.4,114.5,53.4,39.4
Odisha - Delta District 3587,33396,1418.2,79.7,20.5,Wheat,58.6,334.44,4429.7,87.0,2783.4,50.4,84.3,51.3,22.9
Uttar Pradesh - Plateau District 3588,2626,1823.6,50.4,20.2,Maize,30.0,255.4,3741.6,86.96,595.2,41.4,112.3,50.9,25.0
Tripura - West District 3589,38884,1347.4,78.1,27.6,Rice,53.0,359.69,6159.0,110.1,2127.0,47.9,127.5,52.8,11.4
Assam - Coastal District 3590,2558,1311.1,60.8,24.7,Wheat,30.0,127.84,3343.7,55.88,1499.2,61.3,103.0,63.1,53.6
Meghalaya - Delta District 3591,84510,1224.3,58.5,25.1,Wheat,150.0,750.88,16322.6,235.69,7186.0,52.6,101.7,64.9,0.0
Delhi - Central District 3592,46884,999.8,63.5,35.1,Wheat,70.5,352.81,6321.7,123.62,3322.8,56.8,102.4,61.1,0.0
Bihar - Coastal District 3593,22257,829.7,59.1,29.3,Rice,49.3,222.53,6380.5,86.33,1849.9,73.9,98.6,49.6,14.8
Maharashtra - South District 3594,16797,1694.4,57.0,22.1,Rice,30.0,223.88,3750.1,57.45,1183.3,39.5,119.1,36.9,12.7
Manipur - Plains District 3595,46191,761.4,62.1,28.3,Rice,34.5,131.58,4198.6,56.38,1437.5,64.1,101.3,66.9,10.1
Meghalaya - West District 3596,13130,921.4,61.4,25.9,Wheat,30.0,81.79,2161.7,41.58,1343.8,75.9,98.8,47.4,41.2
Chhattisgarh - Plains District 3597,12800,872.1,52.1,25.4,Rice,30.0,140.46,3959.0,56.21,1182.6,64.1,107.8,13.7,36.7
Manipur - Plateau District 3598,16883,1416.1,73.2,30.8,Rice,30.0,223.64,3262.8,61.84,1223.7,54.2,92.7,51.6,33.9
Sikkim - Valley District 3599,18544,999.8,66.2,31.7,Maize,36.7,228.34,4133.8,103.64,780.9,67.9,109.1,40.3,19.2
Rajasthan - Rural District 3600,18263,1204.3,81.7,22.4,Maize,30.5,221.65,3154.9,85.83,608.8,35.6,110.3,75.1,30.4
Haryana - Coastal District 3601,5395,1160.7,42.8,32.9,Maize,30.0,213.48,3547.9,86.69,617.3,73.1,122.6,33.3,37.8
Odisha - Urban District 3602,123239,992.5,63.5,25.7,Rice,181.3,1053.65,22107.9,390.57,7184.8,72.1,106.4,68.5,0.0
Telangana - Coastal District 3603,25327,1226.6,77.1,26.4,Wheat,40.6,184.92,3419.9,48.38,2130.6,56.0,97.8,29.0,18.4
Haryana - Delta District 3604,10342,802.4,57.6,28.2,Wheat,30.0,165.42,3380.5,52.27,1540.2,65.4,97.6,58.6,57.9
Haryana - Delta District 3605,12531,1507.4,66.5,36.1,Wheat,30.0,201.45,2892.7,49.81,1560.3,42.5,90.1,49.9,35.6
Uttarakhand - East District 3606,48973,1392.9,69.9,26.2,Wheat,49.7,339.13,5125.9,99.21,2175.5,58.2,116.7,30.9,3.7
Arunachal Pradesh - Central District 3607,38096,1048.2,49.4,27.9,Wheat,30.0,125.33,2972.5,37.17,1561.6,76.2,105.8,41.3,22.6
Bihar - Plateau District 3608,9540,601.2,62.0,27.7,Pulses,30.0,40.28,1040.9,20.48,824.2,69.5,96.7,74.0,40.1
Telangana - Delta District 3609,25635,1300.9,81.6,20.0,Wheat,53.2,277.42,4225.5,86.26,2588.5,48.0,81.9,61.7,12.0
Puducherry - Delta District 3610,49544,1809.9,33.8,24.1,Rice,47.0,411.33,7465.4,118.8,1841.5,30.1,110.8,57.8,0.0
Gujarat - Hills District 3611,11772,781.5,75.4,22.2,Maize,30.0,178.87,3476.3,83.02,668.8,67.0,119.9,53.1,52.3
Chhattisgarh - Hills District 3612,33579,1063.9,89.0,33.8,Pulses,42.1,194.97,1350.0,33.31,1358.1,60.7,102.1,47.1,39.4
Meghalaya - Coastal District 3613,13449,1244.9,55.8,24.3,Rice,30.0,184.49,2799.3,57.61,1216.1,44.7,115.3,43.4,14.9
Sikkim - Delta District 3614,46431,1118.7,51.7,27.7,Rice,63.8,426.43,7203.7,126.47,2524.9,55.0,121.7,45.6,24.0
Jammu & Kashmir - Central District 3615,7196,1511.3,63.0,29.0,Rice,30.0,224.94,4067.0,58.57,1231.0,42.2,95.0,46.8,57.8
Andhra Pradesh - Plateau District 3616,10228,1343.4,74.8,29.8,Rice,30.0,215.72,3603.2,70.55,1238.8,42.3,103.7,65.5,50.4
Maharashtra - Delta District 3617,19670,1240.0,73.3,31.7,Wheat,30.0,146.92,3165.9,48.93,1603.4,47.5,114.8,62.2,28.3
Telangana - Delta District 3618,80387,610.6,78.1,29.5,Pulses,115.2,263.87,4818.9,83.6,3406.7,73.4,96.7,56.1,0.0
Karnataka - Delta District 3619,13391,1484.7,80.1,24.0,Pulses,30.0,97.38,1175.3,23.44,984.7,44.3,106.2,54.5,30.7
Sikkim - South District 3620,10267,896.4,50.4,24.7,Maize,30.0,158.94,3481.1,60.7,639.2,55.1,111.6,49.6,45.8
Odisha - West District 3621,27430,614.4,45.4,32.0,Pulses,30.0,53.85,1521.9,21.41,926.3,92.0,99.4,57.5,36.5
Andhra Pradesh - South District 3622,7696,1016.5,83.7,28.1,Wheat,30.0,134.91,2476.4,46.17,1570.8,54.6,109.9,24.0,32.4
Chhattisgarh - Valley District 3623,19858,1143.3,44.5,29.0,Rice,46.0,272.95,6458.8,111.03,1854.3,48.3,94.3,46.2,24.7
Haryana - Plains District 3624,43261,1274.9,50.4,22.5,Rice,54.3,406.09,6291.9,126.92,2169.7,51.8,95.5,50.3,0.0
Assam - Urban District 3625,36843,1014.6,40.8,29.7,Pulses,58.0,96.52,2635.6,38.67,1628.0,50.2,105.1,73.4,47.0
Punjab - Plateau District 3626,49881,1261.0,46.4,22.5,Wheat,134.1,750.92,12533.3,212.66,6336.6,54.5,99.1,53.4,0.0
Nagaland - Plains District 3627,28326,1485.2,44.1,24.4,Rice,53.3,414.21,7141.3,140.45,2275.0,43.4,109.1,46.2,20.1
Jharkhand - Delta District 3628,56389,1431.4,62.1,28.5,Wheat,85.1,638.22,7094.9,139.44,4240.6,33.6,105.9,82.6,10.1
Karnataka - Hills District 3629,21290,1264.7,66.1,34.1,Rice,30.0,201.97,3954.0,72.46,1029.8,64.0,104.1,42.1,38.2
Meghalaya - Rural District 3630,53901,947.3,51.6,26.1,Rice,90.7,285.57,12173.1,178.56,3290.9,46.9,97.1,49.9,0.0
Andhra Pradesh - Hills District 3631,64787,1527.5,58.9,33.0,Maize,118.9,1059.64,13710.0,333.64,2294.3,50.9,129.4,38.2,0.0
Odisha - Central District 3632,7010,1311.4,52.6,22.8,Maize,30.0,243.26,3552.5,101.88,598.7,48.0,89.9,50.1,27.1
Himachal Pradesh - Urban District 3633,35692,938.2,40.5,28.9,Wheat,55.7,288.16,7063.4,108.82,2772.2,62.0,112.7,48.5,0.0
Goa - Delta District 3634,24435,779.9,47.3,25.4,Wheat,45.9,177.11,4795.8,72.05,2477.8,80.3,104.4,54.1,48.9
Sikkim - Plateau District 3635,41925,1622.7,61.5,29.1,Maize,51.8,479.41,6456.3,206.08,969.0,44.6,103.3,44.0,5.0
Uttarakhand - Urban District 3636,48545,1600.3,74.0,29.6,Maize,73.9,662.64,7200.7,291.98,1475.8,32.9,120.6,57.9,7.7
Andhra Pradesh - North District 3637,3717,936.6,69.6,22.9,Rice,30.0,137.48,3388.2,79.67,997.4,66.1,94.5,38.8,68.3
Nagaland - Hills District 3638,27126,1491.7,53.6,21.7,Maize,46.8,381.5,6076.9,125.32,913.1,40.5,105.8,53.1,28.5
Arunachal Pradesh - West District 3639,22714,1385.4,58.7,27.8,Pulses,32.3,116.09,1347.4,28.95,951.1,60.0,111.2,38.6,26.1
Chhattisgarh - West District 3640,21647,1281.0,31.8,23.0,Rice,30.0,119.41,4190.9,41.49,1255.4,64.6,102.8,64.5,26.4
West Bengal - South District 3641,46764,919.9,47.2,32.5,Rice,59.7,249.65,8966.3,126.02,2558.9,77.0,95.8,32.4,38.5
Tamil Nadu - Valley District 3642,6673,1106.9,67.9,26.4,Rice,30.0,181.28,3708.6,58.78,1229.8,70.2,97.5,57.2,46.3
Manipur - Plains District 3643,20581,1301.4,54.6,29.0,Maize,38.1,214.6,4802.1,104.37,829.8,52.0,111.3,65.7,29.4
Delhi - Hills District 3644,9934,1934.2,48.9,26.1,Maize,30.0,307.66,3895.3,99.11,568.8,30.4,95.9,60.4,41.2
Ladakh - Coastal District 3645,12111,1471.7,52.3,30.8,Wheat,30.0,187.56,3686.8,40.25,1620.9,35.5,108.6,37.2,17.9
Nagaland - Coastal District 3646,19972,1085.1,88.1,34.7,Wheat,43.3,229.6,3297.1,79.39,2241.8,53.0,124.3,25.1,20.4
Nagaland - Coastal District 3647,10699,988.2,45.8,28.1,Maize,30.0,245.42,4285.8,67.56,573.8,52.2,103.1,62.9,13.3
West Bengal - Plateau District 3648,10181,1271.2,63.3,21.3,Rice,30.0,209.99,3803.1,73.59,1258.9,48.6,103.7,47.4,20.2
Haryana - Central District 3649,17253,1785.7,38.2,28.2,Rice,30.0,244.25,4109.9,79.65,1168.4,33.8,92.0,44.4,22.3
Sikkim - Hills District 3650,17537,426.7,38.4,22.2,Maize,30.0,113.49,3977.2,82.91,560.0,93.7,104.9,35.6,25.4
Sikkim - Central District 3651,27212,1309.2,51.5,27.7,Rice,44.4,264.09,5755.8,88.96,1789.2,52.1,103.1,40.0,39.6
Nagaland - Coastal District 3652,19367,955.0,80.9,27.1,Maize,30.0,204.32,3249.2,81.59,516.8,71.6,98.5,57.4,35.1
Nagaland - West District 3653,28756,304.7,34.5,31.4,Rice,54.9,222.31,7199.2,100.09,2157.0,67.7,102.3,77.8,3.5
Manipur - Valley District 3654,3413,522.2,46.7,31.8,Maize,30.0,104.92,3711.8,63.36,630.2,84.7,105.1,54.0,60.6
Jammu & Kashmir - Rural District 3655,19698,1204.9,65.4,14.9,Rice,49.5,325.12,5934.7,103.13,1778.2,68.3,108.4,53.0,14.4
Uttar Pradesh - Valley District 3656,35012,1425.4,49.8,22.3,Wheat,55.1,384.31,5666.4,109.63,2702.6,60.3,100.3,54.9,18.7
Madhya Pradesh - Valley District 3657,19962,872.3,39.1,26.5,Rice,30.0,69.78,3528.9,46.65,1168.0,71.1,107.7,36.5,9.4
Manipur - East District 3658,57431,1076.2,26.5,27.0,Rice,82.8,358.15,13985.7,154.65,3210.3,54.6,109.5,45.9,7.3
Madhya Pradesh - Rural District 3659,23662,952.1,63.4,26.4,Rice,44.1,252.52,5836.7,85.75,1772.9,63.4,95.8,47.2,31.2
Meghalaya - Urban District 3660,24971,1358.9,82.0,32.0,Wheat,40.3,229.3,4125.2,70.77,2140.8,53.6,99.8,78.1,23.3
Puducherry - Coastal District 3661,30322,948.5,63.2,31.9,Wheat,39.7,182.77,3696.8,63.8,1984.9,71.3,101.9,67.5,29.6
Chhattisgarh - South District 3662,58291,833.8,25.4,32.0,Rice,83.2,317.42,14140.9,148.89,3135.9,83.0,110.9,45.7,12.6
Delhi - Hills District 3663,64069,1412.0,48.8,20.7,Rice,81.5,566.68,10589.7,153.08,3224.1,62.3,110.4,76.5,16.6
Uttar Pradesh - Rural District 3664,32925,663.2,66.5,29.0,Maize,57.7,289.59,7396.9,150.67,1131.5,76.1,98.4,48.7,20.7
Tripura - Valley District 3665,68033,1475.8,75.5,27.3,Maize,99.7,906.39,9412.0,362.44,1802.8,58.8,112.6,59.3,11.2
West Bengal - Hills District 3666,9236,760.6,41.3,20.7,Maize,30.0,115.07,3907.5,57.26,617.4,83.2,118.4,51.0,30.9
Goa - Plateau District 3667,20197,1537.5,40.6,26.7,Wheat,50.7,260.92,5971.0,68.3,2937.3,55.9,104.0,29.9,25.1
Odisha - Rural District 3668,40929,911.0,57.5,30.3,Rice,64.9,262.78,8156.1,117.11,2367.9,74.7,105.9,77.0,0.0
Bihar - Central District 3669,132687,1156.0,75.7,23.7,Maize,169.1,1388.69,18745.6,573.13,2793.9,52.3,110.7,66.4,0.0
Haryana - Plateau District 3670,23576,839.1,58.1,24.1,Maize,52.7,260.53,6000.4,156.96,1077.9,53.4,98.1,66.4,0.0
Meghalaya - North District 3671,44783,683.3,87.2,18.2,Rice,79.2,255.52,7913.1,124.59,3433.2,65.5,99.2,60.4,14.8
Uttarakhand - Hills District 3672,13494,1955.0,23.9,23.6,Rice,30.0,251.92,4723.6,56.37,1202.0,27.6,107.3,54.1,37.7
Tamil Nadu - West District 3673,115259,831.7,40.2,29.9,Rice,232.3,933.58,34415.7,358.93,8535.8,81.0,121.1,92.1,0.0
Ladakh - Central District 3674,10746,677.0,64.1,23.4,Wheat,30.0,96.47,2597.0,37.61,1347.0,90.5,114.6,44.3,35.4
Arunachal Pradesh - Rural District 3675,16630,1314.5,37.3,21.0,Pulses,33.3,105.94,1904.0,22.0,970.9,43.5,118.3,61.3,31.9
Meghalaya - Rural District 3676,20384,603.6,62.8,21.1,Rice,50.7,247.31,6854.0,117.53,2021.1,58.1,116.6,42.8,23.8
Telangana - Plains District 3677,24368,1332.5,43.4,25.4,Maize,53.5,289.57,6513.8,128.82,939.4,61.5,89.2,58.0,24.6
Manipur - Hills District 3678,35266,1106.3,26.0,26.0,Rice,45.1,163.84,6470.0,78.78,1760.8,48.4,114.6,62.2,17.6
Goa - Urban District 3679,68604,1247.5,61.3,21.5,Wheat,97.4,576.61,9080.3,139.31,4714.6,55.9,108.8,44.3,0.0
Gujarat - Urban District 3680,33429,1069.0,71.5,27.2,Maize,51.9,346.17,5973.5,160.92,1074.3,73.7,105.0,76.3,31.5
Uttarakhand - Valley District 3681,11403,1523.8,68.6,24.3,Rice,30.0,239.4,4037.6,61.76,1187.2,34.7,107.4,34.6,39.6
Arunachal Pradesh - Coastal District 3682,18027,1255.4,60.5,26.9,Wheat,30.9,200.12,3298.5,68.38,1651.9,61.1,116.8,36.4,14.2
West Bengal - Central District 3683,24327,527.7,23.8,30.6,Wheat,40.0,53.57,5302.6,41.66,2162.5,88.0,107.9,31.3,44.0
Andhra Pradesh - Plateau District 3684,15117,625.4,49.3,23.5,Maize,30.0,88.57,3575.3,51.44,560.3,70.7,107.2,27.6,47.2
Uttar Pradesh - East District 3685,22621,966.1,51.9,25.7,Maize,34.1,195.9,4319.1,92.47,697.6,76.3,93.1,29.6,34.4
Uttarakhand - Urban District 3686,9805,1023.2,85.3,24.9,Pulses,30.0,37.68,1063.9,17.82,880.1,61.2,108.5,51.3,37.8
Arunachal Pradesh - Plateau District 3687,39086,1239.3,74.3,32.1,Maize,30.2,196.27,2873.7,76.5,582.2,65.3,117.3,42.8,0.0
Jharkhand - East District 3688,65207,843.1,47.8,24.6,Rice,81.2,412.19,12047.5,161.54,3272.8,57.7,106.9,53.3,0.0
Gujarat - Central District 3689,7655,960.7,93.5,31.9,Rice,30.0,167.77,2996.3,34.5,1289.6,71.5,108.2,47.7,37.7
Uttar Pradesh - West District 3690,22161,999.0,92.5,29.2,Rice,30.0,151.16,2799.9,64.25,1158.7,77.6,94.8,37.8,30.4
West Bengal - West District 3691,56078,1078.9,67.2,28.1,Rice,73.7,289.71,10644.0,134.7,3209.5,79.0,108.9,47.7,23.6
Maharashtra - Plains District 3692,19880,1378.0,84.4,31.3,Maize,33.0,280.07,3551.1,110.89,645.7,60.0,97.7,81.8,19.7
Nagaland - West District 3693,32012,1143.6,75.3,24.2,Wheat,52.7,280.68,4996.7,105.96,2784.9,41.0,112.5,42.9,26.7
Ladakh - Central District 3694,35326,1276.2,43.1,25.9,Maize,63.1,418.89,8135.9,175.35,1277.0,42.5,105.7,41.6,12.8
Tripura - Rural District 3695,61178,475.0,78.8,24.8,Rice,82.0,216.92,10268.2,136.51,3114.6,91.4,128.2,55.7,1.4
Tamil Nadu - South District 3696,38872,1582.9,58.8,25.4,Maize,57.7,508.23,6719.5,209.83,1045.4,41.8,106.9,66.8,21.6
Uttar Pradesh - South District 3697,11200,1246.1,72.9,24.4,Wheat,30.0,187.07,2612.0,60.04,1565.2,44.9,105.5,27.1,32.7
Andhra Pradesh - Delta District 3698,36920,1055.0,28.4,32.4,Wheat,32.4,150.41,3727.9,45.17,1540.3,60.1,97.9,47.1,28.8
Gujarat - Delta District 3699,59769,1428.6,47.0,25.4,Rice,73.2,526.96,10133.9,173.4,2963.6,55.6,122.9,43.7,17.9
Chhattisgarh - Delta District 3700,16836,764.3,53.1,22.0,Rice,30.0,103.43,4208.4,47.96,1150.8,65.6,108.5,39.9,0.0
Telangana - Plains District 3701,18837,859.2,69.2,30.0,Wheat,30.0,119.66,2349.9,48.19,1461.8,48.8,97.1,47.7,27.8
Delhi - Plateau District 3702,24493,987.3,88.2,26.0,Wheat,40.1,209.46,3446.5,72.37,1991.4,60.5,106.2,45.8,21.7
Punjab - West District 3703,56011,931.7,50.7,26.9,Maize,106.4,489.92,12597.7,300.96,2156.7,71.5,115.3,62.1,0.0
Ladakh - Urban District 3704,11247,736.8,35.7,29.6,Rice,30.0,75.86,4273.4,48.77,1110.2,69.3,103.7,71.5,44.7
Telangana - Coastal District 3705,19717,963.8,67.5,20.1,Wheat,30.0,92.17,2757.2,51.44,1658.3,84.1,105.3,57.3,41.1
Meghalaya - West District 3706,27034,953.0,85.6,26.2,Rice,41.9,264.29,3669.7,99.66,1500.8,66.4,112.3,58.9,27.7
Nagaland - Central District 3707,17874,1085.7,66.5,31.2,Maize,35.8,211.21,4190.0,123.36,710.0,66.7,108.8,49.9,11.1
Himachal Pradesh - Coastal District 3708,72350,1641.7,62.9,27.9,Rice,160.0,1220.0,20737.9,449.93,6141.9,50.4,108.5,70.6,0.0
Meghalaya - Delta District 3709,37957,1009.7,55.6,35.3,Maize,50.6,336.87,6539.5,132.02,992.5,55.7,110.6,58.8,21.9
Bihar - Hills District 3710,10682,990.0,58.8,27.1,Rice,30.0,186.56,3669.0,68.03,1152.0,65.7,109.5,30.2,33.9
Goa - Urban District 3711,41914,1068.5,70.7,24.9,Wheat,72.3,343.58,6251.8,106.26,3772.3,70.8,94.9,53.2,9.0
Gujarat - North District 3712,66128,888.2,38.5,25.1,Maize,108.2,567.5,15581.6,250.05,2254.9,56.9,106.7,59.0,0.0
West Bengal - Delta District 3713,23933,1119.4,14.9,19.7,Rice,30.0,132.79,4535.2,68.31,1184.2,44.4,110.8,52.0,25.6
Goa - Plateau District 3714,27234,1840.7,62.1,23.1,Wheat,36.1,247.44,4037.5,72.58,1578.8,38.9,119.7,49.4,45.8
Tripura - Delta District 3715,17382,897.4,62.8,28.6,Rice,30.0,161.39,4518.3,64.17,1277.7,48.6,124.0,55.3,15.0
Assam - East District 3716,25297,1043.3,29.1,28.0,Maize,45.1,187.92,6049.4,118.07,828.2,60.5,110.3,57.1,32.0
Maharashtra - Plateau District 3717,72486,1009.4,43.5,25.7,Wheat,136.7,735.51,18203.9,240.4,8191.8,68.2,96.4,36.8,0.0
Sikkim - Plains District 3718,45834,400.2,63.2,27.5,Wheat,52.0,128.45,4715.8,77.91,2478.0,95.7,96.0,71.2,14.7
Tamil Nadu - West District 3719,31752,977.0,51.0,39.9,Maize,60.5,329.59,7417.9,147.16,1263.6,55.0,105.2,40.4,14.6
Karnataka - Plains District 3720,30464,1238.6,50.0,27.2,Wheat,42.5,216.98,4605.8,65.17,2306.5,51.6,107.7,27.4,43.4
Ladakh - East District 3721,36744,1045.4,51.2,23.2,Maize,65.1,378.39,9020.0,167.61,1330.1,53.8,108.7,43.5,23.4
Jharkhand - Coastal District 3722,94104,1123.7,67.5,29.2,Wheat,66.5,384.45,6483.2,98.95,3442.4,64.3,106.2,67.2,0.0
Haryana - East District 3723,28294,1170.7,55.8,23.8,Rice,51.6,356.77,7045.7,133.25,2200.7,57.1,103.6,79.7,44.5
Manipur - Plains District 3724,48344,1064.1,33.6,31.3,Wheat,78.7,256.27,9561.6,94.21,4466.3,69.2,101.2,60.9,0.0
Andhra Pradesh - West District 3725,14857,505.1,86.2,29.2,Wheat,30.0,115.32,2601.0,37.87,1534.1,76.6,90.7,45.0,63.0
Kerala - Coastal District 3726,77161,1381.0,79.9,27.2,Maize,173.1,1574.87,18145.1,746.91,3403.4,50.4,89.1,75.7,0.0
Tamil Nadu - South District 3727,25750,1342.1,36.4,36.5,Pulses,47.0,52.64,2418.7,27.04,1419.9,45.4,112.8,49.1,33.6
Jharkhand - Urban District 3728,29976,1354.1,78.3,26.0,Rice,30.0,163.03,3538.0,67.45,1141.4,70.7,104.8,49.7,12.8
Nagaland - North District 3729,23762,1174.4,57.6,30.6,Maize,37.3,182.63,4428.4,89.53,689.4,49.9,125.1,29.3,20.4
Delhi - Rural District 3730,13461,1004.7,61.1,20.1,Wheat,30.0,120.59,3297.0,50.99,1580.4,63.7,101.0,67.2,46.8
Tripura - Central District 3731,24830,980.2,66.8,27.8,Rice,39.6,237.85,5384.2,76.43,1362.2,72.6,96.1,71.1,22.9
Madhya Pradesh - North District 3732,89656,692.6,84.8,29.7,Pulses,80.1,115.03,3056.1,50.08,2644.1,83.1,112.4,77.0,0.0
Himachal Pradesh - North District 3733,33276,991.8,41.7,20.7,Maize,49.4,258.13,5886.6,154.13,853.8,65.3,101.4,71.7,36.3
Himachal Pradesh - Central District 3734,20107,1114.4,55.8,28.3,Wheat,33.5,190.81,3740.3,52.02,1620.0,55.2,128.1,51.2,28.4
Maharashtra - Urban District 3735,64904,1005.6,71.9,26.8,Maize,114.1,641.73,11029.8,271.5,1917.3,67.5,105.8,74.1,0.0
Arunachal Pradesh - Rural District 3736,14406,958.4,70.0,24.4,Pulses,30.0,81.3,1269.8,20.39,890.3,62.9,99.0,71.8,45.7
Tripura - Plateau District 3737,53673,1134.2,50.7,21.9,Rice,102.0,563.38,13693.2,178.01,4074.1,43.5,122.6,54.5,14.9
Delhi - Plains District 3738,75329,625.5,62.9,23.9,Pulses,177.9,238.25,8140.1,121.8,5533.8,78.8,107.6,65.3,0.0
Madhya Pradesh - North District 3739,108963,990.1,84.5,22.0,Pulses,179.3,221.37,6110.6,109.12,5052.1,70.0,95.7,54.1,0.0
Ladakh - Plateau District 3740,16116,865.4,79.1,28.3,Maize,30.0,136.22,3489.4,71.25,641.0,74.6,116.2,64.7,1.6
Goa - North District 3741,11145,1187.1,41.5,28.8,Rice,30.0,146.92,4583.5,61.45,1292.8,47.2,111.7,43.6,33.7
Odisha - Coastal District 3742,17204,545.7,81.3,31.5,Wheat,33.0,103.04,2867.3,41.17,1545.1,87.4,104.4,28.7,59.0
Meghalaya - East District 3743,74248,971.6,62.2,31.8,Maize,131.3,726.13,15889.5,302.99,2715.3,84.7,116.2,54.8,0.0
Kerala - Coastal District 3744,24914,1512.6,57.5,29.5,Rice,30.0,199.7,3904.1,73.08,1160.0,50.1,97.4,71.6,34.0
Gujarat - Plateau District 3745,14912,747.9,62.6,15.0,Wheat,30.6,71.12,3145.6,35.59,1633.8,73.3,112.8,24.1,31.6
Delhi - Plateau District 3746,9932,730.1,14.4,30.5,Wheat,30.0,120.25,4140.1,40.43,1497.3,61.7,121.3,44.7,53.1
Tamil Nadu - Central District 3747,16309,1622.6,65.1,24.5,Wheat,30.0,182.39,2356.6,50.0,1522.5,30.2,95.6,50.4,33.9
Tripura - North District 3748,16748,835.2,56.0,30.9,Maize,30.0,112.58,3082.2,63.13,535.4,80.5,97.1,84.4,24.6
Chhattisgarh - Hills District 3749,8261,1423.5,89.8,27.2,Maize,30.0,272.99,2340.0,82.81,598.4,53.6,95.6,51.7,46.7
Himachal Pradesh - Central District 3750,50636,1052.8,49.2,32.2,Rice,56.6,288.39,8006.8,107.67,2185.8,67.7,104.5,33.8,8.6
Tripura - Delta District 3751,14833,885.6,43.8,23.6,Maize,30.0,146.06,4144.7,81.57,571.8,71.2,113.0,33.7,24.1
Punjab - Valley District 3752,14231,699.4,60.7,28.3,Maize,30.0,145.56,3643.6,90.77,617.5,73.6,101.8,60.5,32.9
Punjab - Coastal District 3753,29949,924.2,66.0,30.5,Rice,31.9,149.12,3903.7,41.06,1216.4,82.7,111.9,46.9,37.8
Manipur - South District 3754,30550,556.6,85.0,25.1,Rice,34.5,147.15,3608.1,58.99,1355.1,63.5,93.5,55.8,41.0
Odisha - Central District 3755,11049,1404.3,36.1,27.4,Wheat,30.0,165.62,3435.5,56.5,1563.5,35.2,100.5,53.7,48.8
Tripura - West District 3756,38882,1745.0,68.9,27.5,Rice,61.0,538.21,7089.8,181.87,2413.3,35.4,106.4,45.9,0.0
Himachal Pradesh - Rural District 3757,146133,1585.7,58.4,23.1,Wheat,282.4,1838.13,29854.8,459.31,14165.3,42.4,110.8,54.5,0.0
Uttar Pradesh - Plateau District 3758,62108,1396.2,52.9,26.9,Rice,139.3,949.06,18471.9,292.08,5358.5,51.7,115.0,57.8,0.0
Chhattisgarh - West District 3759,53871,1439.6,33.4,23.1,Wheat,128.9,712.69,14188.0,247.31,6723.9,71.0,91.1,63.6,5.0
Puducherry - West District 3760,36310,1107.3,53.9,32.1,Rice,49.0,259.42,6884.3,111.79,1864.9,72.6,99.4,41.8,39.1
Uttar Pradesh - South District 3761,8242,1452.6,60.3,28.7,Wheat,30.0,218.11,3127.2,61.82,1454.3,55.6,81.1,47.2,17.2
Sikkim - Hills District 3762,123569,1100.9,32.9,35.0,Maize,246.2,1579.01,38013.3,790.98,4471.9,53.9,107.6,59.5,0.0
Kerala - Plateau District 3763,50745,1425.1,59.1,30.0,Maize,59.4,464.84,7036.6,180.02,1056.4,49.8,110.8,53.3,0.0
Nagaland - Coastal District 3764,36385,1292.7,69.7,25.9,Wheat,64.4,380.27,5159.8,99.8,3156.7,44.7,102.3,55.4,18.3
Tripura - Urban District 3765,40013,1503.7,77.2,23.6,Rice,58.4,427.04,6990.6,149.24,2378.2,44.3,102.9,50.3,35.5
Karnataka - South District 3766,78196,1549.6,39.6,28.5,Maize,101.8,1011.11,13772.4,406.74,2217.1,37.0,120.4,79.4,0.0
Jammu & Kashmir - North District 3767,11126,990.8,27.0,28.5,Wheat,30.0,89.96,3765.7,32.91,1611.1,69.1,111.1,19.3,34.7
Haryana - Plains District 3768,103209,893.7,93.4,24.5,Wheat,136.3,978.96,11450.7,281.74,7066.4,73.8,103.6,67.0,0.0
Rajasthan - Rural District 3769,28566,281.1,58.2,33.0,Rice,30.0,77.53,3519.8,52.04,1163.9,93.1,115.3,53.6,0.2
Punjab - Delta District 3770,34832,964.3,63.9,24.2,Maize,68.4,448.62,6475.5,246.36,1480.2,58.9,102.2,45.8,27.2
Goa - Central District 3771,21408,1085.3,63.2,22.8,Maize,30.0,200.37,3273.0,90.67,565.2,71.1,109.5,52.2,34.1
Assam - Hills District 3772,60482,1197.7,48.2,23.6,Rice,90.0,432.45,12495.1,165.82,3906.6,42.5,105.1,64.2,0.0
Rajasthan - Valley District 3773,16214,488.6,88.5,32.7,Maize,30.0,112.86,2994.2,84.38,575.7,94.2,96.8,59.0,51.7
Karnataka - Delta District 3774,131360,1076.3,67.8,24.4,Maize,242.6,2206.01,30669.2,824.23,5067.2,57.0,114.2,68.0,0.0
Telangana - East District 3775,39099,1217.4,65.4,23.0,Wheat,60.5,386.18,6099.8,116.87,2978.9,59.7,100.9,68.4,31.9
Maharashtra - North District 3776,125661,1129.8,67.4,27.7,Wheat,177.7,1092.67,19036.7,292.41,8928.5,44.9,119.2,87.6,0.0
Chhattisgarh - Coastal District 3777,11544,1120.5,48.8,26.8,Rice,30.0,141.26,3548.2,58.11,1243.8,56.7,111.5,43.1,51.0
Uttar Pradesh - East District 3778,97548,622.5,58.6,31.5,Wheat,214.1,536.61,20889.5,287.1,11105.1,68.3,101.0,37.2,0.0
Arunachal Pradesh - Central District 3779,10568,1244.4,61.8,27.2,Rice,30.0,180.93,3952.9,58.9,1104.9,46.2,94.9,55.2,45.4
Meghalaya - Urban District 3780,42882,878.6,43.0,24.7,Rice,93.0,204.48,13812.8,163.6,3975.7,83.0,107.9,73.2,2.2
Goa - West District 3781,26542,1258.9,49.1,24.3,Maize,41.4,218.45,4946.2,107.91,816.3,54.3,95.5,16.3,16.7
Haryana - Rural District 3782,84324,1538.8,73.6,22.8,Maize,107.7,849.39,12525.6,304.93,1999.7,37.4,105.5,75.1,0.0
Haryana - Hills District 3783,10194,813.9,38.5,25.3,Pulses,30.0,46.08,1527.2,19.58,928.2,75.0,108.7,55.4,50.6
Uttarakhand - Valley District 3784,28781,885.1,66.2,22.5,Wheat,30.9,160.55,2648.7,52.4,1491.1,56.9,104.1,57.6,23.6
Arunachal Pradesh - Plains District 3785,3016,1751.9,53.3,28.2,Rice,30.0,218.0,4089.1,75.08,1365.5,31.0,103.3,37.3,64.7
Andhra Pradesh - East District 3786,12398,842.8,77.1,29.2,Wheat,30.0,157.75,3015.2,49.88,1447.1,60.8,107.5,49.6,34.2
Tripura - South District 3787,47395,885.3,33.7,29.2,Rice,46.0,215.99,6924.6,77.57,2000.3,48.7,125.8,59.4,9.1
Uttarakhand - Plateau District 3788,15687,986.5,28.2,27.8,Rice,30.0,129.4,4881.9,53.6,1201.6,78.5,95.5,53.0,34.0
Delhi - Coastal District 3789,52799,904.4,64.0,28.6,Rice,46.9,224.64,6193.1,78.69,1971.4,55.7,101.0,48.5,0.0
Haryana - Valley District 3790,16457,997.9,45.5,28.5,Pulses,30.0,37.8,1413.0,16.35,869.8,55.2,101.4,59.4,36.8
Uttar Pradesh - Valley District 3791,17854,797.0,51.4,24.9,Wheat,30.0,102.3,3186.4,38.85,1447.5,81.7,100.3,53.6,31.1
Kerala - North District 3792,58384,1351.9,51.3,22.9,Wheat,96.0,566.09,11930.5,110.37,4750.7,38.2,111.4,37.4,3.7
Jammu & Kashmir - Delta District 3793,12470,747.2,75.5,20.1,Wheat,30.0,56.02,2895.9,39.71,1413.4,72.7,102.7,67.5,40.8
Rajasthan - Plateau District 3794,4637,739.9,79.9,19.3,Wheat,30.0,156.41,2720.2,51.71,1515.0,69.4,109.8,48.1,42.0
Jammu & Kashmir - Plains District 3795,41283,1308.4,42.0,23.5,Maize,49.5,308.07,6105.1,152.43,1018.0,60.3,94.3,49.7,27.4
Jharkhand - Rural District 3796,25685,1348.1,86.3,28.8,Wheat,30.0,173.16,2809.9,49.58,1455.4,47.8,101.6,45.6,49.1
Telangana - Valley District 3797,14092,1087.3,69.9,25.9,Wheat,30.0,132.08,3469.5,33.21,1537.6,74.3,96.4,36.1,46.0
Jharkhand - North District 3798,19776,826.7,36.1,19.9,Rice,30.0,120.22,4237.1,60.1,1078.0,66.2,108.8,82.1,25.6
Odisha - South District 3799,17055,909.1,24.5,28.5,Wheat,30.0,102.66,4026.5,41.32,1475.6,76.7,100.7,28.7,42.8
Rajasthan - North District 3800,34593,1039.1,69.2,18.9,Wheat,72.9,419.05,7476.4,128.27,3822.0,52.0,102.8,79.0,11.1
Himachal Pradesh - Urban District 3801,51461,1141.2,95.0,29.6,Rice,73.6,465.8,8483.5,149.31,2686.0,68.3,110.4,70.0,8.6
Manipur - North District 3802,15300,889.6,33.1,25.4,Rice,30.4,93.98,5467.7,34.65,1073.4,56.2,99.9,42.1,43.1
Ladakh - Urban District 3803,64893,1362.5,74.0,27.3,Rice,84.2,609.58,9610.0,196.43,3503.5,46.9,107.3,49.9,6.1
Gujarat - Rural District 3804,44646,1261.9,74.3,31.0,Rice,83.4,533.59,10041.8,158.33,3552.3,54.5,111.4,54.9,2.5
Punjab - Central District 3805,24957,1020.4,37.9,27.0,Wheat,43.7,143.55,4725.6,73.79,2029.0,55.5,99.5,61.6,34.3
Tamil Nadu - Plains District 3806,22948,1291.8,72.2,27.3,Wheat,30.0,188.46,3184.8,60.58,1513.5,49.4,96.9,64.4,10.2
Tamil Nadu - Central District 3807,75049,1109.8,76.0,17.2,Wheat,71.7,447.62,7019.5,112.87,3489.1,61.3,133.7,58.1,0.0
Assam - Delta District 3808,12418,1548.1,34.6,30.3,Pulses,30.0,115.06,1504.7,23.0,884.5,46.0,104.6,40.4,43.6
Assam - Plateau District 3809,40780,200.0,33.7,26.4,Rice,64.4,46.91,8193.2,78.95,2621.3,71.5,126.5,50.2,17.1
Kerala - Plains District 3810,17937,527.7,45.6,24.8,Maize,30.0,67.06,3949.8,80.46,631.5,76.5,108.2,34.9,31.7
Chhattisgarh - West District 3811,33758,1379.0,66.7,27.7,Pulses,69.4,162.54,2933.6,41.86,2150.0,41.6,96.4,51.4,46.6
Jharkhand - East District 3812,35202,200.0,48.8,33.9,Rice,40.9,67.93,6224.8,64.6,1793.6,87.8,114.3,49.7,8.0
Meghalaya - Coastal District 3813,26887,810.4,43.1,21.8,Wheat,37.2,99.38,3405.5,49.68,1671.3,64.7,115.2,71.5,22.1
Himachal Pradesh - East District 3814,30606,1385.2,58.4,21.9,Maize,57.4,396.79,6147.4,146.22,1035.0,44.1,119.0,57.0,0.0
Haryana - North District 3815,108368,1749.8,47.9,31.9,Maize,123.5,1072.21,16696.6,449.13,2388.4,47.0,117.9,66.0,0.0
Manipur - Rural District 3816,18096,997.0,65.8,25.6,Rice,33.3,165.95,4093.5,77.66,1558.2,75.2,101.5,26.1,46.7
Goa - South District 3817,29576,1401.4,80.8,24.9,Wheat,37.5,236.42,3136.6,73.78,1839.7,44.2,89.5,50.1,17.2
Goa - Valley District 3818,21585,1546.8,39.3,13.2,Rice,30.0,194.03,4167.0,68.01,1263.9,34.0,110.0,14.9,8.0
Puducherry - West District 3819,15117,694.9,47.3,23.8,Wheat,30.0,132.17,2903.8,42.67,1469.2,74.8,100.4,43.1,48.9
Jharkhand - Plateau District 3820,20684,1004.5,81.7,23.5,Maize,30.0,215.12,3115.3,96.12,649.0,66.3,104.9,52.9,41.9
West Bengal - Plateau District 3821,22804,1119.7,28.6,25.2,Maize,30.0,172.24,4023.6,104.63,594.8,59.7,113.8,59.7,45.8
Himachal Pradesh - Valley District 3822,21232,1245.3,58.2,32.0,Maize,52.1,360.18,5745.4,138.39,1049.3,60.8,89.4,53.9,29.0
Karnataka - East District 3823,39583,1226.2,66.5,27.2,Maize,91.0,737.9,9092.5,282.24,1848.1,59.7,93.8,57.7,12.6
Karnataka - Urban District 3824,20818,836.4,82.2,22.1,Pulses,34.4,22.98,1459.0,22.16,1089.1,65.9,96.6,37.4,21.7
Uttar Pradesh - East District 3825,30558,1369.9,64.6,30.1,Maize,53.1,432.08,6052.9,183.38,1038.9,51.1,108.1,66.1,29.2
Telangana - West District 3826,26343,333.3,51.1,27.2,Wheat,53.3,173.67,6403.4,77.94,2489.6,92.4,109.1,38.4,24.4
Tripura - Central District 3827,11933,1202.0,83.5,24.0,Rice,30.0,149.23,3231.3,53.19,1301.5,58.8,112.5,45.2,45.5
Meghalaya - South District 3828,8842,1388.0,53.3,26.7,Wheat,30.0,170.91,3194.6,51.52,1521.6,54.4,103.0,62.0,58.3
Delhi - Central District 3829,19050,698.7,60.9,27.2,Wheat,30.0,104.71,2862.6,37.45,1397.6,65.7,113.5,32.3,45.7
Tripura - Coastal District 3830,14256,1120.5,66.9,25.7,Rice,30.0,157.98,4083.9,64.07,1191.5,57.1,109.9,47.0,60.1
Madhya Pradesh - South District 3831,20900,889.2,47.1,35.8,Rice,30.0,144.28,3884.5,44.87,1167.3,65.2,100.7,48.7,38.6
Arunachal Pradesh - Hills District 3832,16050,783.3,61.5,27.4,Wheat,30.0,108.28,2917.4,42.31,1424.4,83.0,108.0,72.3,47.3
Meghalaya - West District 3833,109857,693.6,71.9,25.0,Wheat,182.1,674.87,17435.9,258.23,9612.3,72.8,102.7,73.2,0.0
Nagaland - Rural District 3834,67842,863.3,71.2,22.9,Wheat,130.2,662.21,11784.1,190.56,6992.0,68.1,92.8,43.4,0.0
Gujarat - Coastal District 3835,11947,955.9,77.6,23.9,Rice,30.0,160.53,3874.8,48.58,1161.5,52.1,98.6,36.5,23.3
Manipur - Central District 3836,42770,998.1,72.6,17.5,Rice,45.9,226.45,5831.3,93.84,2017.4,61.0,98.2,33.9,26.5
Assam - East District 3837,29965,1298.5,90.6,23.0,Rice,39.8,239.39,4012.5,86.4,1538.1,53.7,110.8,60.4,27.9
Nagaland - South District 3838,47354,1070.5,51.8,23.9,Wheat,64.0,253.2,6305.3,88.55,3091.2,79.5,115.2,45.5,8.4
Tamil Nadu - East District 3839,34421,536.4,57.1,29.6,Rice,42.9,138.9,5694.9,93.38,1965.6,87.1,112.7,64.3,16.6
Madhya Pradesh - North District 3840,24768,1693.9,89.2,21.8,Maize,49.7,535.87,4658.0,189.27,1013.6,40.2,119.6,29.6,41.5
Meghalaya - Plains District 3841,17695,1008.6,65.6,25.1,Wheat,30.0,149.87,3108.2,52.99,1408.9,63.6,101.2,32.3,36.3
Telangana - West District 3842,22379,1155.5,34.1,21.3,Rice,31.9,198.15,4457.3,61.32,1235.6,48.0,77.7,45.0,40.4
West Bengal - Rural District 3843,18208,603.6,59.2,22.2,Rice,32.6,90.17,4636.9,57.88,1279.1,86.3,93.7,49.4,44.8
Andhra Pradesh - Hills District 3844,21589,688.6,64.0,21.9,Maize,35.9,126.22,4169.3,84.47,742.1,90.5,103.4,45.8,49.7
Kerala - Delta District 3845,18891,865.3,54.4,18.3,Rice,30.0,109.52,4946.4,50.58,1071.8,85.1,96.1,54.9,45.7
Puducherry - Central District 3846,22291,2088.9,74.5,30.1,Rice,30.0,276.34,3530.9,80.54,1169.7,21.0,83.7,63.6,57.5
Nagaland - North District 3847,148899,1311.2,100.0,26.5,Maize,299.0,2501.45,24510.7,893.23,5708.4,45.7,109.9,81.8,0.0
Sikkim - Coastal District 3848,9100,868.6,50.0,19.5,Wheat,30.0,132.92,3232.8,42.88,1597.1,71.3,115.2,40.3,40.1
Gujarat - West District 3849,46660,813.5,93.3,24.7,Rice,95.5,475.25,10406.7,195.5,3496.0,85.3,94.6,56.2,27.0
Ladakh - South District 3850,38120,867.0,41.5,29.5,Pulses,33.5,72.47,1507.0,26.08,1017.6,64.6,106.1,58.9,18.5
Manipur - Delta District 3851,82018,1119.0,57.9,31.1,Maize,173.2,983.01,20668.9,377.39,3288.5,66.4,97.3,84.4,0.0
Karnataka - Plateau District 3852,33040,984.7,60.8,31.3,Rice,50.6,234.42,6949.2,99.77,1947.1,55.7,105.5,60.1,29.8
Telangana - Urban District 3853,19544,892.9,64.4,27.6,Pulses,38.6,71.31,1734.8,24.04,1167.2,74.7,111.2,39.4,38.0
Chhattisgarh - Valley District 3854,119827,866.7,47.2,30.4,Rice,207.6,1032.25,30171.8,447.52,8831.0,66.9,101.1,53.2,0.0
Gujarat - East District 3855,8682,939.2,48.9,24.9,Rice,30.0,160.0,4097.5,59.29,1165.2,71.8,97.6,52.4,49.1
Arunachal Pradesh - Hills District 3856,41267,1101.1,64.8,25.3,Wheat,43.9,179.41,4326.8,53.24,2132.4,73.8,108.5,61.8,15.6
Chhattisgarh - Hills District 3857,45390,1323.8,62.3,21.6,Maize,76.7,651.58,9966.9,317.4,1310.1,36.4,105.7,60.9,0.0
Tamil Nadu - Hills District 3858,53874,896.3,55.1,26.2,Wheat,80.9,327.86,9740.6,120.28,3363.6,77.0,111.6,32.9,1.7
Meghalaya - Delta District 3859,58593,1226.6,42.3,27.7,Maize,68.9,389.15,9996.0,182.09,1460.9,60.0,97.7,63.3,0.0
Puducherry - Delta District 3860,81800,825.4,40.8,19.1,Wheat,181.7,900.62,24980.0,263.62,8753.0,85.2,115.3,52.0,0.0
Manipur - Valley District 3861,11323,1193.8,50.0,26.5,Wheat,30.0,124.03,3584.5,39.09,1476.7,48.6,101.7,27.6,53.7
Chhattisgarh - East District 3862,61559,1071.3,90.6,29.2,Wheat,68.2,402.56,5534.9,99.08,3359.7,57.3,110.4,49.8,4.3
Telangana - Central District 3863,5087,990.5,55.3,25.7,Maize,30.0,137.44,3611.5,68.36,598.5,59.8,100.2,36.6,42.9
Assam - Central District 3864,10500,844.6,26.9,21.6,Rice,30.0,117.91,5172.2,50.1,1241.0,92.2,115.5,35.5,42.9
Jharkhand - Central District 3865,9725,1214.7,47.0,27.3,Maize,30.0,140.76,3689.7,85.08,587.4,46.3,110.6,34.0,21.4
Punjab - Central District 3866,6583,997.1,63.4,23.9,Rice,30.0,169.49,4188.9,61.87,1173.3,72.5,111.5,60.2,44.0
Telangana - West District 3867,2578,615.5,55.6,30.6,Maize,30.0,150.56,3707.9,90.76,638.7,74.3,94.5,32.3,61.8
Delhi - Hills District 3868,50858,1223.3,44.3,28.2,Rice,63.2,444.62,8613.0,135.79,2274.6,53.0,123.0,62.8,17.3
Madhya Pradesh - Urban District 3869,13582,479.1,61.6,29.7,Maize,34.5,58.53,4688.7,67.33,696.4,77.4,91.7,11.8,58.0
Maharashtra - North District 3870,6979,1321.6,68.9,23.5,Wheat,30.0,158.62,2717.7,34.77,1518.4,67.7,108.9,58.2,39.1
Assam - Coastal District 3871,25931,958.7,87.2,20.1,Rice,64.8,394.46,7063.5,143.38,2612.1,57.0,94.3,12.6,29.1
Odisha - Delta District 3872,46862,750.2,66.0,18.6,Pulses,69.8,138.17,3185.7,42.7,2144.1,66.0,110.6,50.4,9.7
West Bengal - South District 3873,19414,1156.2,51.3,31.4,Rice,30.0,185.61,3737.3,55.35,1200.6,62.1,103.1,61.4,40.0
Andhra Pradesh - South District 3874,5569,1187.9,45.6,22.2,Wheat,30.0,158.07,3399.8,52.95,1418.6,55.2,130.3,80.2,39.9
Madhya Pradesh - Valley District 3875,16143,993.8,30.6,26.5,Rice,30.0,129.16,4874.5,59.55,1132.7,60.8,100.1,59.3,20.3
Gujarat - Coastal District 3876,50680,1008.7,49.9,27.6,Wheat,58.8,305.01,6228.3,73.73,2763.3,59.1,110.4,52.9,3.4
Ladakh - Delta District 3877,44425,1264.8,53.6,26.4,Wheat,54.5,280.75,5873.6,97.99,2310.7,35.1,95.3,52.6,30.1
Madhya Pradesh - Plains District 3878,8389,997.5,53.5,26.7,Maize,30.0,188.67,3926.6,88.45,655.8,71.4,111.4,39.0,27.5
Meghalaya - Central District 3879,2705,1246.4,33.2,26.2,Pulses,30.0,27.72,1377.7,18.5,964.2,57.1,103.7,35.5,49.6
Meghalaya - Plains District 3880,31332,1569.9,72.7,27.8,Wheat,53.7,336.34,5501.4,85.39,2784.0,50.9,89.1,64.1,24.8
Tripura - Coastal District 3881,17008,1012.6,60.4,24.3,Maize,30.0,228.92,3641.9,101.9,604.1,63.8,114.2,57.3,32.8
Jharkhand - Valley District 3882,14651,1171.0,50.0,24.1,Rice,30.0,159.05,4101.3,49.0,1158.6,63.2,95.9,27.1,25.7
Gujarat - Rural District 3883,61989,1050.9,60.8,26.4,Rice,116.8,541.77,14537.9,255.96,4610.6,54.4,101.4,63.0,0.0
Assam - Plateau District 3884,60798,929.2,49.6,22.6,Maize,135.4,1048.87,16845.8,459.52,2392.5,55.5,124.9,33.0,0.0
Tamil Nadu - South District 3885,7015,1266.3,74.9,29.5,Maize,30.0,203.89,2939.6,92.42,578.0,59.9,98.7,43.8,42.3
Karnataka - Plains District 3886,20230,1239.3,50.7,24.3,Wheat,38.9,186.28,4280.1,64.53,1721.3,54.6,95.2,27.0,45.5
Puducherry - Urban District 3887,14649,893.8,66.7,24.8,Maize,38.1,205.14,4958.0,84.03,723.7,59.7,103.1,14.8,23.2
Uttar Pradesh - Delta District 3888,30085,1112.1,48.4,20.2,Maize,30.0,184.13,4130.4,92.12,600.8,66.1,105.0,49.7,47.4
Odisha - Rural District 3889,33214,1107.9,75.2,31.2,Wheat,54.3,305.9,3780.6,74.96,2752.3,51.2,103.3,70.4,21.3
Punjab - Rural District 3890,10234,1035.6,49.9,25.1,Wheat,30.0,57.94,3021.7,36.74,1631.5,61.0,107.7,51.7,38.6
Uttarakhand - Plateau District 3891,41398,1110.8,64.5,29.6,Rice,59.9,358.33,7756.8,181.75,2521.6,60.2,97.7,57.9,20.7
Sikkim - South District 3892,10778,983.5,57.9,26.0,Maize,30.0,194.62,3600.4,68.57,614.4,67.0,86.0,45.4,40.6
Himachal Pradesh - Delta District 3893,22050,1168.6,55.0,32.5,Rice,30.0,187.14,3775.2,73.24,1255.4,58.5,116.6,32.4,31.3
Delhi - Plateau District 3894,187963,696.2,50.5,32.0,Rice,458.5,1490.34,72199.7,739.99,17068.0,62.3,111.5,100.0,0.0
Karnataka - Central District 3895,2553,1312.9,75.4,31.8,Pulses,30.0,51.6,1039.6,22.57,898.7,52.2,92.6,38.8,18.0
Andhra Pradesh - Rural District 3896,62618,1090.0,61.8,26.7,Maize,84.5,561.81,9878.7,249.76,1913.7,67.7,118.8,52.7,11.6
Assam - North District 3897,26324,1346.2,74.5,30.8,Rice,30.0,143.26,3163.3,64.76,1232.0,61.3,101.5,26.8,10.9
Nagaland - Urban District 3898,12301,990.3,97.9,30.6,Rice,30.0,177.91,3496.0,49.69,1235.8,60.8,112.7,39.6,55.3
Himachal Pradesh - North District 3899,10967,1376.7,68.7,34.3,Rice,30.0,164.52,4134.8,44.83,1108.0,44.5,89.3,35.6,46.8
Manipur - North District 3900,84958,1853.2,82.4,28.7,Wheat,146.7,1321.48,10872.3,273.59,8148.4,35.5,100.8,52.8,0.0
Meghalaya - South District 3901,38900,1113.4,62.8,30.3,Rice,73.4,458.87,10418.6,178.23,2806.0,45.8,108.5,56.5,22.3
Jammu & Kashmir - Rural District 3902,10731,1675.3,60.4,27.6,Maize,30.0,257.09,3806.5,113.85,638.3,33.0,113.8,53.8,31.9
Maharashtra - West District 3903,67457,1324.3,43.6,23.7,Rice,57.6,368.89,6730.3,132.55,2117.4,53.2,94.7,55.7,8.0
Assam - North District 3904,8654,747.8,23.5,30.1,Wheat,30.0,52.51,4102.2,46.37,1269.4,80.8,104.2,43.6,43.9
Kerala - South District 3905,31984,1474.9,53.6,27.2,Rice,40.9,276.49,5392.6,76.29,1669.8,50.9,102.5,59.4,30.6
Madhya Pradesh - Delta District 3906,40667,830.4,47.1,25.2,Rice,58.8,258.84,7130.7,113.2,2541.5,74.6,103.3,46.9,14.6
Punjab - Central District 3907,7496,1268.2,76.0,24.9,Rice,30.0,226.57,3923.9,78.82,1079.0,38.4,91.5,34.0,34.4
Karnataka - Plains District 3908,29454,719.8,61.0,29.0,Rice,30.0,185.7,4479.7,66.34,1345.4,79.6,119.9,60.5,17.0
Kerala - Plateau District 3909,19925,969.9,47.8,27.2,Wheat,30.0,130.46,3821.2,48.13,1494.0,72.1,108.7,51.5,56.4
Chhattisgarh - Delta District 3910,10270,900.6,64.2,30.7,Wheat,30.0,142.09,2901.6,39.21,1363.6,70.5,107.6,53.5,36.3
Jharkhand - Urban District 3911,120619,1059.7,62.5,24.5,Rice,117.8,675.6,15476.4,266.21,4834.9,69.4,118.5,100.0,0.0
Andhra Pradesh - Delta District 3912,26021,1268.0,69.1,28.9,Maize,39.3,265.95,3878.1,97.41,745.4,60.0,101.2,48.2,16.6
Meghalaya - Delta District 3913,13783,1407.9,85.4,35.1,Rice,30.0,245.24,3385.8,80.85,1306.3,38.7,109.6,53.8,53.4
Nagaland - Rural District 3914,78067,1022.7,70.0,25.8,Rice,109.5,582.72,11677.8,216.68,4683.0,59.6,107.2,55.3,6.8
Odisha - Delta District 3915,115446,1166.6,70.3,25.6,Rice,168.1,1028.15,24051.0,324.1,6482.2,56.9,117.0,69.0,0.0
Goa - Delta District 3916,34564,957.4,96.0,26.9,Rice,55.0,327.56,6686.6,132.1,2456.1,71.4,103.9,53.0,13.4
Odisha - South District 3917,137114,955.6,58.4,35.1,Rice,100.6,533.45,11263.0,224.24,4772.7,55.6,103.4,70.0,0.0
Uttarakhand - Central District 3918,81714,1013.4,23.1,27.8,Maize,154.7,835.54,24448.7,422.23,2929.7,51.3,97.8,57.8,0.0
Chhattisgarh - West District 3919,25067,1160.7,41.9,27.5,Rice,51.1,277.96,7059.6,109.98,2113.0,65.6,93.6,59.7,35.5
Haryana - Rural District 3920,24355,1521.1,56.4,22.1,Pulses,32.3,73.14,1464.1,15.82,927.5,35.9,95.4,38.8,26.2
Assam - Plains District 3921,10265,1433.4,38.3,21.2,Wheat,30.0,183.35,3585.1,60.42,1529.4,42.1,100.3,37.0,16.2
Maharashtra - Plains District 3922,15800,1325.1,55.1,17.0,Maize,30.0,190.1,3338.6,102.41,649.5,57.8,97.8,28.0,35.8
Uttarakhand - South District 3923,14740,292.2,61.1,25.2,Pulses,30.0,20.88,1334.1,16.27,830.2,77.9,110.4,44.0,42.9
Tamil Nadu - Delta District 3924,11806,1619.4,47.0,29.9,Rice,30.0,230.0,4324.6,69.3,1214.1,43.6,84.7,74.7,41.2
Haryana - Central District 3925,25538,1244.0,42.1,27.5,Wheat,42.0,259.05,4832.4,76.34,1919.0,51.8,99.0,57.7,27.2
Assam - West District 3926,28968,1142.7,43.8,25.6,Wheat,37.6,223.1,4711.3,51.63,2015.5,54.7,97.9,61.7,30.3
Ladakh - Valley District 3927,25046,1276.2,28.9,23.7,Rice,30.0,108.64,3955.9,50.04,1136.5,62.0,116.9,73.3,29.0
Ladakh - Hills District 3928,16285,630.2,59.3,29.1,Wheat,30.0,82.29,2676.6,31.32,1408.6,81.2,99.3,85.2,45.6
Bihar - Plains District 3929,9275,1140.0,78.9,28.9,Rice,30.0,190.8,3465.4,57.79,1207.5,58.9,100.3,33.7,21.0
Tripura - Valley District 3930,43588,1199.5,86.3,22.1,Wheat,92.1,543.39,7703.7,162.66,4422.6,68.8,91.9,43.6,14.6
Uttar Pradesh - Central District 3931,137484,971.2,33.0,21.2,Wheat,299.9,1210.52,39595.1,372.4,15371.9,75.9,101.6,68.2,0.0
Punjab - Valley District 3932,28074,1520.2,29.7,31.1,Maize,36.4,297.51,5374.0,97.69,675.4,29.6,113.5,52.1,18.0
Andhra Pradesh - South District 3933,116345,788.5,75.0,23.2,Wheat,144.9,530.99,15284.0,176.64,7690.8,82.7,114.9,53.2,0.0
Kerala - West District 3934,14771,1380.0,55.8,26.4,Rice,30.0,205.66,3507.7,75.34,1267.4,49.4,90.3,22.3,25.9
Jharkhand - North District 3935,25210,801.6,45.2,21.5,Maize,39.4,128.14,5606.4,101.26,833.2,78.2,95.8,48.6,37.1
Manipur - Delta District 3936,41643,623.5,57.1,26.8,Wheat,62.5,231.23,7000.2,98.65,3328.9,82.9,112.2,55.3,17.2
Karnataka - Hills District 3937,13928,1400.1,75.2,30.2,Wheat,30.0,208.18,2956.6,65.55,1437.7,52.9,90.0,49.0,37.0
Ladakh - Coastal District 3938,23331,1433.5,64.6,32.4,Maize,35.0,310.12,3944.9,108.79,707.4,45.5,85.7,37.1,23.1
Tamil Nadu - Rural District 3939,47062,1012.0,40.8,24.5,Pulses,91.3,94.3,4228.8,51.87,2873.6,64.1,112.8,39.8,27.0
Delhi - Coastal District 3940,19263,1758.8,53.3,27.3,Wheat,30.0,204.86,2750.7,56.35,1466.8,36.0,112.7,44.2,19.3
Tripura - Valley District 3941,25916,1050.9,45.8,30.4,Wheat,37.4,182.1,4655.8,64.05,1853.8,73.4,87.9,63.1,18.7
Gujarat - North District 3942,30388,1186.6,18.3,25.5,Maize,47.3,293.15,6911.9,151.69,954.8,67.7,93.8,66.2,16.2
Karnataka - Coastal District 3943,41530,1269.3,36.8,27.3,Rice,43.5,285.82,6845.4,99.87,1869.3,41.6,93.8,54.8,3.9
Kerala - North District 3944,8735,1420.6,59.1,25.1,Rice,30.0,173.72,4101.2,68.1,1177.1,39.6,97.9,56.4,67.3
Assam - East District 3945,52287,348.8,71.0,31.5,Rice,40.3,177.64,3931.1,75.25,1515.7,93.5,121.6,42.4,0.0
Kerala - Plains District 3946,48470,819.7,55.8,17.8,Rice,79.8,201.68,11739.9,138.32,3296.9,68.8,96.5,50.2,16.9
Ladakh - Urban District 3947,19714,797.5,62.1,23.0,Rice,30.0,88.41,3637.4,53.59,1331.5,84.5,116.2,65.8,23.8
West Bengal - Urban District 3948,22753,611.4,64.8,25.6,Maize,41.8,182.66,5041.4,121.63,807.0,88.8,121.5,60.6,39.1
Karnataka - Coastal District 3949,58391,1206.1,63.8,24.4,Wheat,107.6,566.24,10402.7,146.45,5082.8,52.5,101.5,95.3,0.0
Maharashtra - West District 3950,18034,1296.2,69.8,22.8,Pulses,30.0,75.07,1234.7,22.24,897.2,69.9,106.5,49.1,42.4
Delhi - Central District 3951,12706,426.8,69.9,26.0,Rice,30.0,126.19,3673.7,58.95,1140.9,82.3,106.6,71.9,40.4
Uttarakhand - West District 3952,6990,1023.3,63.5,27.6,Pulses,30.0,12.86,1528.7,17.75,910.9,70.7,107.9,23.2,67.9
Punjab - Plateau District 3953,8275,1615.5,67.1,33.4,Pulses,30.0,71.2,1124.8,26.08,818.6,52.3,103.4,24.7,20.1
Madhya Pradesh - South District 3954,9088,949.8,97.5,22.9,Maize,30.0,172.1,2447.8,100.55,662.0,73.0,97.4,40.9,45.6
Bihar - Urban District 3955,82056,1482.8,47.3,31.1,Rice,168.7,1125.01,25693.5,295.23,7050.6,49.6,113.1,81.0,0.0
Maharashtra - Coastal District 3956,81979,1335.5,77.6,27.4,Wheat,106.6,667.76,9561.4,170.33,4733.3,55.2,115.0,58.7,0.0
Maharashtra - Urban District 3957,24091,1009.4,74.6,27.3,Wheat,32.8,182.0,2981.7,48.56,1553.2,75.5,117.4,5.0,33.1
Bihar - West District 3958,39080,1510.5,61.0,20.5,Rice,65.9,491.29,9228.9,125.8,2683.2,34.0,93.7,44.8,8.9
Chhattisgarh - South District 3959,43853,1838.3,55.8,31.3,Rice,44.5,352.41,6667.1,94.49,1664.3,36.7,110.3,54.3,3.0
Bihar - Rural District 3960,14939,1443.7,51.8,16.6,Wheat,30.0,181.97,3417.0,45.97,1299.9,33.5,93.0,35.9,50.2
Telangana - Rural District 3961,15683,1063.5,67.6,23.2,Pulses,30.0,31.24,1042.6,13.06,999.1,59.2,107.8,71.1,39.5
Jammu & Kashmir - West District 3962,50999,1300.0,57.0,26.5,Wheat,51.8,219.65,5876.5,58.24,2783.0,66.7,106.5,40.1,16.1
Jharkhand - North District 3963,25016,592.0,59.0,24.5,Wheat,41.0,112.82,4337.9,54.94,1999.1,69.3,114.2,45.7,7.6
Ladakh - South District 3964,42637,1348.5,59.1,29.3,Maize,93.3,824.63,11435.2,315.0,1673.1,28.1,115.8,48.3,13.3
Maharashtra - East District 3965,18068,951.5,39.1,20.6,Wheat,30.0,131.0,3472.6,44.84,1600.4,61.2,113.4,32.6,36.5
Jammu & Kashmir - Plains District 3966,34775,999.9,39.2,26.0,Wheat,77.6,282.39,8821.3,102.61,3570.6,54.2,100.8,59.1,6.8
Odisha - Hills District 3967,12629,847.8,84.7,24.0,Maize,30.0,183.59,3133.1,99.21,608.8,83.7,94.4,62.9,46.1
Uttar Pradesh - North District 3968,26638,1253.2,77.7,25.7,Rice,37.9,229.18,4413.4,83.54,1504.4,57.7,115.9,50.4,22.0
Tripura - Central District 3969,29298,1857.3,47.9,20.4,Wheat,52.3,342.84,4838.4,107.71,2431.5,38.2,106.9,69.9,16.7
Sikkim - Rural District 3970,46256,968.8,51.9,25.1,Pulses,49.7,61.69,2436.3,30.53,1566.3,75.2,111.3,48.3,34.3
Punjab - South District 3971,5155,1487.3,50.7,25.0,Rice,30.0,246.65,4122.0,69.44,1177.2,37.7,83.0,59.0,50.1
Arunachal Pradesh - West District 3972,38546,710.6,66.0,28.3,Rice,81.6,419.89,10334.3,163.78,3203.9,63.8,108.1,65.6,1.5
Uttarakhand - Valley District 3973,4932,909.9,76.1,31.4,Wheat,30.0,161.63,2765.6,44.34,1514.5,71.7,94.4,61.6,66.5
Madhya Pradesh - Plateau District 3974,31843,1115.1,71.4,30.3,Rice,48.1,346.95,5557.2,96.72,1825.3,58.4,89.4,58.5,22.5
Sikkim - Valley District 3975,5413,1592.7,76.3,31.5,Maize,30.0,285.21,3671.0,107.46,604.4,67.9,97.2,42.8,49.0
Bihar - South District 3976,8904,541.7,85.0,28.6,Wheat,30.0,75.95,2251.1,28.83,1586.9,78.9,121.3,51.2,32.9
Nagaland - Central District 3977,80056,809.7,55.5,28.8,Rice,121.1,500.32,16693.1,234.16,4509.4,66.5,97.3,75.1,1.5
Uttar Pradesh - Rural District 3978,64246,1078.0,38.2,21.4,Wheat,97.1,460.49,10527.2,166.47,4442.4,61.5,102.1,51.0,4.7
Arunachal Pradesh - Rural District 3979,25610,1172.5,55.3,32.7,Wheat,32.6,131.34,3364.7,38.99,1780.7,63.9,124.5,49.1,26.0
Haryana - Hills District 3980,6781,533.1,49.3,24.9,Rice,30.0,123.49,3722.5,52.54,1158.2,67.8,101.6,43.0,64.3
Sikkim - Hills District 3981,72479,746.3,85.4,24.6,Maize,94.0,479.87,8226.9,210.64,2063.8,74.3,91.8,54.0,0.0
Gujarat - Plains District 3982,42325,980.2,44.2,23.2,Rice,78.3,472.92,11013.6,189.48,2962.5,66.3,110.4,66.6,0.9
Puducherry - North District 3983,28513,1538.9,33.8,27.9,Maize,38.6,288.22,5569.3,92.7,796.2,62.9,113.7,75.6,11.5
Andhra Pradesh - East District 3984,12447,726.6,50.2,25.0,Wheat,30.0,114.86,3338.2,44.64,1503.8,64.5,101.4,63.1,58.2
Haryana - South District 3985,49146,1232.1,53.8,24.1,Wheat,89.4,302.4,9380.6,123.02,4005.7,61.4,81.4,36.7,5.5
Tamil Nadu - Rural District 3986,33973,1232.5,65.1,26.9,Rice,53.2,287.05,7608.5,114.87,2183.9,60.2,94.6,55.1,16.3
Kerala - Valley District 3987,6653,739.7,69.7,28.8,Maize,30.0,138.49,2899.5,69.26,631.8,90.0,92.1,51.5,57.2
Odisha - Central District 3988,58032,1181.8,70.8,23.1,Maize,69.1,458.99,7227.2,228.15,1429.0,66.0,108.7,43.3,0.0
Manipur - Plateau District 3989,57516,916.3,66.7,27.8,Maize,83.7,507.55,10109.1,278.35,1586.0,68.0,106.4,60.6,6.3
Maharashtra - Plains District 3990,43360,856.4,63.6,27.1,Wheat,88.0,301.78,9245.1,122.97,4068.3,65.9,101.2,37.9,32.4
Arunachal Pradesh - West District 3991,36949,1369.5,85.7,24.8,Pulses,68.3,233.08,2365.9,49.91,1807.7,47.8,102.8,57.7,21.8
Arunachal Pradesh - South District 3992,52417,1279.2,76.6,20.3,Maize,74.7,549.45,7456.4,238.08,1341.7,50.8,91.4,65.3,14.0
Jharkhand - Rural District 3993,72329,1151.6,80.3,28.8,Rice,76.9,506.59,9310.2,205.1,2981.8,63.3,100.4,67.0,0.0
Manipur - Urban District 3994,45721,1747.2,64.2,24.4,Rice,50.8,385.55,6890.3,128.5,2252.0,36.6,105.1,60.4,16.6
Punjab - Delta District 3995,40092,1065.0,79.3,31.4,Wheat,36.9,153.07,3197.0,49.21,1960.2,52.8,100.2,46.3,31.8
Himachal Pradesh - Plains District 3996,76405,1025.7,51.6,26.4,Maize,132.6,534.82,13792.8,313.95,2590.9,71.1,112.6,65.2,0.0
Meghalaya - Plateau District 3997,15863,940.5,55.3,26.5,Wheat,30.0,105.93,3470.1,41.69,1547.8,65.0,102.9,49.8,27.1
Nagaland - North District 3998,13629,1111.1,56.7,24.1,Wheat,30.0,130.26,2433.3,51.0,1504.6,72.9,107.5,33.9,32.4
Uttarakhand - South District 3999,13486,562.8,81.3,24.8,Rice,30.0,82.66,3940.8,46.07,1211.2,65.1,96.5,69.1,53.7
Gujarat - Hills District 4000,6296,1393.8,37.1,33.8,Pulses,30.0,59.67,1741.3,22.26,919.1,66.1,97.8,48.7,46.9
Himachal Pradesh - South District 4001,7221,1334.7,49.0,25.7,Rice,30.0,194.22,4600.3,74.0,1223.3,42.5,115.9,47.9,34.5
Tamil Nadu - Coastal District 4002,18431,1236.0,49.0,25.9,Rice,30.0,151.42,4602.5,59.59,1256.5,45.2,109.5,66.5,68.1
Karnataka - Urban District 4003,7768,1102.8,72.5,29.1,Wheat,30.0,134.36,2423.4,54.74,1668.4,67.5,98.8,41.0,51.2
Himachal Pradesh - Plains District 4004,40179,551.6,75.2,27.7,Maize,87.3,363.92,9015.3,175.61,1729.9,74.1,96.5,38.5,31.9
Delhi - Valley District 4005,32490,778.3,54.5,33.6,Rice,53.2,275.02,8203.7,123.03,2170.8,67.2,91.6,42.3,13.3
Sikkim - Plains District 4006,58427,1434.9,68.9,30.0,Wheat,30.0,193.03,3307.0,49.13,1336.8,30.7,111.1,23.0,0.0
Uttar Pradesh - South District 4007,80994,867.9,59.7,23.9,Rice,149.4,608.69,19685.9,250.18,6512.4,65.1,103.4,46.9,0.0
Nagaland - Plateau District 4008,54440,1346.1,53.5,30.2,Wheat,99.7,709.14,9088.1,198.85,5085.2,53.5,108.8,62.6,0.0
Bihar - Hills District 4009,69924,1024.9,44.2,23.1,Wheat,71.6,303.76,8896.4,118.47,3602.8,46.3,92.1,62.8,0.0
Ladakh - North District 4010,30109,736.7,37.6,28.4,Maize,49.8,198.92,6994.5,129.52,1071.0,70.4,107.2,27.1,13.2
Meghalaya - Hills District 4011,37514,1159.5,68.2,21.5,Maize,30.0,243.2,2905.6,108.66,534.8,47.4,107.8,69.0,29.4
Kerala - South District 4012,18418,1608.3,54.2,25.8,Rice,31.8,235.49,4368.1,56.57,1265.5,37.5,88.3,52.7,38.2
Delhi - Rural District 4013,12316,1218.4,50.0,21.6,Wheat,30.0,136.94,3483.9,41.14,1554.8,50.1,95.6,45.7,29.4
Tripura - South District 4014,17057,1226.7,63.7,28.3,Rice,34.4,182.05,3750.7,83.88,1589.6,62.0,109.2,33.8,50.0
Kerala - Urban District 4015,53154,381.3,35.0,26.0,Wheat,52.6,127.03,6112.6,75.21,2612.3,95.5,116.1,62.5,0.0
Delhi - South District 4016,45567,1545.2,43.5,24.0,Maize,83.1,730.31,11376.8,253.55,1715.5,42.9,112.4,42.4,11.4
Goa - Plateau District 4017,4127,1136.2,53.3,32.0,Rice,30.0,170.99,4077.4,66.64,1312.3,66.2,112.0,54.8,39.2
Goa - North District 4018,114918,486.0,55.8,29.9,Rice,206.8,913.11,29809.1,470.94,8451.4,72.4,123.5,86.8,0.0
Odisha - Central District 4019,21050,905.5,42.8,28.4,Pulses,30.6,58.68,1279.3,21.96,841.0,57.9,100.4,66.2,20.5
Punjab - Hills District 4020,27664,1291.0,53.3,25.9,Wheat,30.0,181.4,3161.9,41.79,1485.2,45.6,97.7,57.9,27.0
Punjab - East District 4021,26050,1605.6,58.1,25.7,Wheat,42.8,249.76,4664.0,85.61,1955.9,49.3,99.6,41.9,53.5
Manipur - Valley District 4022,14700,955.9,48.0,31.8,Rice,30.0,136.66,4484.3,66.18,1301.3,72.5,103.2,33.1,21.5
Maharashtra - Urban District 4023,81300,558.3,77.0,23.4,Wheat,62.6,247.48,5493.2,97.99,2736.4,84.1,108.2,66.3,0.0
Jharkhand - Coastal District 4024,31655,678.2,56.8,24.6,Maize,30.0,154.64,2907.9,66.83,610.2,80.6,112.9,53.2,17.1
Kerala - Plains District 4025,113724,1159.1,70.5,26.3,Wheat,146.8,893.07,12823.2,259.91,7125.4,48.1,101.0,67.9,0.0
Goa - West District 4026,18522,1509.7,56.2,28.3,Pulses,30.0,106.91,1283.1,25.69,815.3,37.0,95.9,40.0,42.9
Nagaland - South District 4027,8195,929.9,50.6,25.2,Maize,30.0,172.83,3848.7,91.1,603.1,72.3,84.9,63.7,48.2
Nagaland - Delta District 4028,33222,934.5,85.4,23.9,Rice,42.7,255.65,4895.6,88.29,1689.3,64.3,125.2,51.1,6.2
Sikkim - Rural District 4029,47412,1653.7,44.7,24.2,Wheat,48.5,362.34,5449.5,92.64,2032.4,49.0,103.7,65.1,13.4
Tamil Nadu - Valley District 4030,17617,1535.2,38.6,32.8,Rice,30.0,191.4,4346.8,69.96,1094.0,49.6,93.3,51.7,48.4
Gujarat - Plains District 4031,8384,1160.4,73.2,20.5,Rice,30.0,203.06,3873.0,83.06,1039.1,57.4,108.3,28.6,45.8
Manipur - South District 4032,10280,1808.8,34.4,30.9,Rice,30.0,227.88,3854.0,83.19,1095.7,21.6,120.8,19.1,27.2
Maharashtra - South District 4033,154974,846.7,39.9,18.0,Wheat,315.1,1223.5,37791.9,390.49,17492.9,67.9,103.5,80.0,0.0
Nagaland - East District 4034,41751,1138.4,67.0,30.9,Rice,30.9,153.15,3863.6,69.52,1362.4,59.3,117.3,59.6,8.3
Goa - North District 4035,63428,1095.7,52.9,30.9,Rice,116.7,712.36,17218.9,298.05,4543.8,38.1,90.0,50.1,7.8
Odisha - Delta District 4036,6255,1185.6,60.9,24.8,Wheat,30.0,156.66,3147.4,39.96,1547.5,59.4,105.5,44.1,25.5
Ladakh - Valley District 4037,13518,1613.0,58.7,26.4,Pulses,30.0,30.53,1238.6,20.51,938.6,47.5,109.2,59.8,43.1
Jharkhand - Valley District 4038,84912,1472.1,56.8,24.9,Wheat,202.2,1253.57,21250.4,297.75,10109.5,65.5,115.4,67.6,0.0
Rajasthan - Valley District 4039,102389,869.0,62.2,23.7,Rice,87.9,519.21,11164.9,199.59,3332.6,53.8,105.5,48.6,0.0
Goa - Plains District 4040,29913,1008.0,59.7,23.6,Wheat,30.0,132.18,2943.8,45.8,1513.8,48.5,95.8,37.4,39.8
Arunachal Pradesh - Rural District 4041,12891,990.2,61.2,21.6,Wheat,30.0,132.15,2850.1,45.79,1485.4,65.5,98.5,59.9,46.4
Rajasthan - Rural District 4042,12866,708.9,51.3,26.4,Rice,30.0,122.63,3170.1,52.88,1226.5,72.6,90.7,35.0,20.7
Tripura - North District 4043,7824,1304.7,56.7,27.9,Wheat,30.0,150.8,2846.9,48.76,1470.5,48.9,102.9,37.0,36.1
Sikkim - Coastal District 4044,22782,690.4,68.9,29.2,Rice,51.6,342.05,7512.5,121.43,1977.6,81.1,118.7,62.5,22.0
Tripura - Delta District 4045,63394,1429.0,63.5,25.3,Rice,89.1,601.81,12939.3,249.19,3436.6,43.3,99.3,29.4,0.0
Punjab - Hills District 4046,35521,466.8,52.3,23.9,Maize,67.2,199.27,7879.4,157.81,1467.9,85.1,99.9,53.3,11.9
Nagaland - South District 4047,37479,1265.7,64.6,31.3,Rice,54.0,423.7,7604.4,147.33,2069.2,49.4,91.3,29.4,32.0
Tripura - Delta District 4048,24982,1068.6,49.3,26.1,Wheat,30.0,151.58,3389.7,51.98,1383.8,57.2,118.3,40.3,39.0
Uttarakhand - Valley District 4049,35396,1187.5,57.1,21.4,Pulses,45.3,164.76,1967.4,36.03,1554.7,49.4,120.6,55.7,39.7
Uttarakhand - South District 4050,60297,1269.7,71.1,25.5,Wheat,120.0,806.68,11113.8,207.29,6748.7,55.3,88.0,45.6,10.2
Maharashtra - West District 4051,32491,998.7,52.9,26.3,Wheat,30.0,144.81,3179.5,48.74,1625.3,70.6,97.7,47.8,0.0
Jharkhand - Valley District 4052,18736,1138.2,83.6,28.0,Maize,46.6,327.32,4932.1,129.57,954.6,54.5,104.1,32.5,41.3
Jammu & Kashmir - Delta District 4053,18462,1014.1,55.4,25.5,Pulses,30.0,41.43,1174.3,18.05,900.5,54.4,107.9,58.5,14.9
Ladakh - Urban District 4054,19763,1724.0,21.3,27.8,Rice,30.0,249.54,5378.5,74.99,1268.1,26.5,100.7,49.7,20.5
Punjab - Valley District 4055,7149,1296.2,45.4,29.3,Maize,30.0,203.68,3498.7,84.3,629.1,57.0,95.6,55.8,38.8
Uttar Pradesh - Central District 4056,69959,936.2,34.0,30.4,Rice,121.8,607.16,16701.6,263.79,4915.5,69.3,101.8,70.7,0.0
Gujarat - Rural District 4057,41355,1291.3,59.0,31.2,Wheat,61.3,383.17,6156.6,98.23,2967.3,53.4,103.9,55.3,9.3
Gujarat - Hills District 4058,36974,877.7,46.5,22.1,Rice,52.2,223.14,7728.0,111.72,1946.6,70.4,105.2,37.7,0.9
Jammu & Kashmir - South District 4059,7532,1832.1,82.9,26.5,Wheat,30.0,264.74,2671.0,69.99,1591.8,34.5,109.9,39.6,32.2
Puducherry - Plains District 4060,33305,1085.2,77.6,29.2,Wheat,30.0,182.24,2649.8,55.66,1499.4,57.0,104.7,73.1,38.1
Haryana - West District 4061,8380,1050.9,43.6,27.1,Maize,30.0,158.07,3924.1,84.82,598.7,59.7,95.7,58.0,25.4
Odisha - West District 4062,37917,1097.2,67.1,24.0,Rice,48.7,273.08,5887.0,95.83,1762.1,71.4,106.2,58.7,19.9
Nagaland - Valley District 4063,20273,1418.0,68.6,38.1,Maize,46.5,439.03,5466.2,192.2,874.7,50.2,104.4,49.6,44.9
Punjab - West District 4064,18987,927.0,55.8,22.4,Maize,30.0,149.76,3610.9,74.45,532.4,62.9,107.3,43.6,25.5
Odisha - North District 4065,34899,1482.9,67.0,28.3,Wheat,59.2,320.12,5491.8,97.31,2939.0,45.4,122.3,66.1,11.7
Bihar - Rural District 4066,19170,1719.2,62.7,26.4,Maize,30.0,302.86,3098.2,106.48,657.2,45.6,112.3,60.9,26.9
Haryana - Rural District 4067,29150,1012.4,70.7,25.9,Pulses,49.7,110.78,1935.1,29.69,1470.6,71.6,102.2,57.0,30.4
Uttar Pradesh - Delta District 4068,22397,1045.4,54.4,30.6,Rice,30.0,121.17,3766.0,51.63,1167.7,63.9,92.9,46.7,37.0
Uttarakhand - West District 4069,61088,681.4,80.6,25.8,Rice,87.9,306.46,8767.7,116.62,3464.8,73.2,101.7,61.8,10.6
Chhattisgarh - Coastal District 4070,56429,1482.4,67.5,27.9,Wheat,49.5,336.31,5539.8,83.98,2223.0,40.3,99.5,49.1,0.0
Maharashtra - Rural District 4071,13363,925.1,60.9,24.4,Wheat,30.0,156.57,2914.0,60.91,1651.3,64.8,109.4,49.4,35.1
Delhi - Urban District 4072,14765,1109.9,65.8,28.3,Maize,30.0,139.95,3147.8,61.55,565.7,54.7,114.5,19.3,29.5
Andhra Pradesh - Central District 4073,100296,1867.0,49.0,31.6,Rice,114.8,935.72,13655.1,356.63,4453.2,18.6,109.2,88.2,0.0
Madhya Pradesh - Hills District 4074,37135,1415.9,63.6,29.4,Maize,62.6,544.17,6910.3,189.12,1177.7,54.2,101.2,55.6,23.1
Andhra Pradesh - South District 4075,33889,1183.7,49.3,28.3,Wheat,46.0,231.08,4126.3,83.81,2423.6,55.1,101.9,49.2,30.9
Ladakh - West District 4076,14877,1409.8,72.1,22.6,Rice,30.0,254.54,3026.2,64.36,1145.3,44.3,97.7,51.4,49.4
Jammu & Kashmir - Delta District 4077,30496,1071.3,59.4,29.3,Pulses,49.3,111.13,1939.7,29.81,1520.8,75.0,99.6,55.6,16.9
Madhya Pradesh - Delta District 4078,111675,983.3,29.8,27.8,Wheat,169.6,592.6,18065.9,245.56,6915.4,56.1,108.1,63.5,0.0
Telangana - Delta District 4079,37655,1008.9,51.9,22.5,Rice,53.7,237.33,7620.9,81.81,2269.5,59.9,111.1,47.7,38.4
Goa - Rural District 4080,86975,954.9,52.0,21.3,Maize,108.2,428.59,12073.5,278.7,1958.5,75.8,117.9,50.2,0.0
Manipur - South District 4081,8386,702.0,48.9,14.3,Rice,30.0,133.63,4217.3,55.72,1269.6,62.7,109.7,45.8,45.0
Madhya Pradesh - Plains District 4082,56158,1558.5,24.3,25.7,Maize,102.6,886.39,15067.1,333.98,2371.8,42.9,92.9,67.4,25.0
Himachal Pradesh - East District 4083,26827,940.9,39.8,32.0,Pulses,40.6,27.15,1716.1,24.93,1253.7,56.9,101.0,39.0,23.7
Odisha - Urban District 4084,9798,1399.0,34.9,28.9,Wheat,30.0,157.82,3975.7,50.4,1764.8,63.0,108.9,34.3,33.5
Delhi - Central District 4085,48568,1326.2,59.2,23.7,Maize,82.7,771.77,9709.6,251.83,1548.7,67.6,104.4,31.5,16.5
Arunachal Pradesh - Plains District 4086,4685,1614.7,61.9,24.4,Maize,30.0,252.4,3797.1,87.82,567.8,27.5,115.0,52.6,36.6
Uttar Pradesh - Urban District 4087,55031,1249.7,61.6,18.5,Maize,108.5,659.16,12954.2,285.95,2226.0,52.9,109.2,43.7,0.0
Assam - Central District 4088,30312,1118.5,35.0,23.3,Rice,62.9,227.44,8814.0,127.18,2373.7,61.5,96.0,54.6,35.2
Punjab - Coastal District 4089,22068,510.2,42.6,29.1,Rice,48.4,172.51,6516.5,71.11,1811.3,74.5,118.9,45.0,38.2
Delhi - Plateau District 4090,15723,1056.3,33.7,29.2,Rice,30.0,152.29,5062.6,60.14,1205.2,58.2,87.6,44.3,36.2
Nagaland - Valley District 4091,16405,411.4,64.1,23.9,Wheat,30.0,71.36,2915.0,42.4,1502.9,84.9,85.3,54.6,22.5
Meghalaya - Hills District 4092,55048,826.9,34.0,30.4,Rice,88.2,289.4,12261.2,132.34,3718.6,69.9,107.5,40.7,0.0
Puducherry - Urban District 4093,128182,1251.4,74.9,27.5,Wheat,230.9,1059.08,19247.6,362.26,12156.3,55.2,125.3,71.3,0.0
Puducherry - Hills District 4094,16022,1488.6,62.6,20.6,Maize,30.0,256.49,3415.0,109.04,578.3,46.1,105.7,54.1,48.7
Haryana - Delta District 4095,5240,1489.5,59.2,31.4,Rice,30.0,207.5,3259.2,69.16,1297.5,43.4,103.4,46.6,34.7
Tripura - Central District 4096,62683,908.5,28.1,24.1,Wheat,30.0,108.23,3535.1,37.48,1367.0,63.2,105.4,45.8,1.5
Delhi - Hills District 4097,49954,1029.2,39.3,23.9,Maize,93.3,450.52,11744.0,257.03,1761.9,63.5,95.0,65.6,3.7
Jharkhand - North District 4098,11130,1091.9,84.1,22.5,Wheat,30.0,123.58,3152.1,38.14,1646.6,62.1,119.9,50.7,48.5
Madhya Pradesh - Rural District 4099,48039,1159.1,76.5,24.5,Wheat,91.0,471.14,9069.2,157.29,4585.4,53.7,107.2,58.8,16.9
Rajasthan - West District 4100,76255,505.2,53.3,27.8,Rice,60.1,303.89,8855.5,112.16,2163.3,80.3,106.5,71.3,9.9
Odisha - Hills District 4101,13682,751.3,57.2,20.7,Wheat,30.0,134.2,2877.6,45.51,1546.3,75.0,126.8,40.7,59.1
Jharkhand - Urban District 4102,11249,668.6,35.1,27.9,Rice,30.0,138.45,4386.8,47.2,1135.1,68.9,115.8,11.1,23.5
Rajasthan - Urban District 4103,37598,1314.9,86.8,26.5,Rice,89.1,714.23,8409.9,185.21,3383.4,54.7,109.7,63.0,2.2
Nagaland - South District 4104,38946,1325.0,57.9,28.6,Rice,70.4,437.95,11380.2,107.27,3124.4,44.5,92.4,37.4,1.9
Puducherry - Plateau District 4105,37881,1427.6,49.9,22.9,Maize,55.9,462.83,7258.4,166.12,1027.2,50.2,108.9,44.1,32.3
Delhi - Plateau District 4106,37022,1993.8,62.0,25.9,Rice,46.8,374.67,5222.6,105.74,1778.5,28.2,112.1,47.7,16.6
Uttarakhand - West District 4107,15748,612.2,74.1,25.5,Rice,30.0,116.88,3555.4,55.23,1269.0,76.5,98.8,38.6,31.2
Andhra Pradesh - South District 4108,33918,1111.3,66.8,35.2,Wheat,30.0,141.14,2848.5,42.08,1403.4,71.5,94.8,41.5,15.2
Himachal Pradesh - Valley District 4109,6516,1627.5,58.2,24.9,Rice,30.0,227.96,3748.0,77.24,1202.6,42.3,113.9,53.6,44.1
Meghalaya - Coastal District 4110,38560,426.4,75.6,23.8,Wheat,47.0,193.13,4263.0,70.49,2423.6,85.2,100.1,48.8,17.1
Arunachal Pradesh - Valley District 4111,65171,1399.5,33.6,28.3,Rice,101.0,650.02,16910.4,192.08,3776.1,41.7,106.5,68.5,0.0
Meghalaya - Urban District 4112,15285,1314.3,25.5,24.5,Maize,32.8,177.67,3913.7,79.35,687.1,55.4,105.6,42.9,33.0
Bihar - Plateau District 4113,24845,964.2,54.5,27.5,Maize,32.1,105.21,3569.4,87.36,627.8,66.8,114.4,42.3,23.1
Ladakh - South District 4114,39620,936.4,26.0,38.5,Rice,34.5,117.72,5108.1,59.99,1376.8,70.1,104.1,70.6,22.6
Karnataka - Valley District 4115,143009,1852.5,61.6,23.1,Rice,146.6,1087.54,21992.7,294.01,5778.0,22.0,108.4,73.7,0.0
Delhi - Urban District 4116,30083,916.2,66.3,27.7,Maize,35.8,235.38,3732.4,115.34,750.4,70.2,107.0,48.0,19.1
Nagaland - Plateau District 4117,4664,1126.7,46.9,24.8,Rice,30.0,161.82,4538.3,66.34,1229.8,59.8,113.0,45.0,32.1
Goa - Delta District 4118,12115,426.7,59.1,21.2,Rice,30.0,87.2,3907.0,40.0,1166.5,83.3,99.6,40.4,43.6
Goa - Urban District 4119,75988,1571.7,85.6,26.6,Wheat,160.7,924.33,13855.8,270.07,8542.3,49.5,117.6,64.6,1.2
Madhya Pradesh - Valley District 4120,30851,915.8,61.7,21.2,Maize,49.6,292.17,6013.3,140.5,965.1,75.8,99.3,8.7,28.8
Puducherry - South District 4121,142939,1249.4,66.5,28.6,Rice,140.9,859.97,18607.9,293.42,5873.4,66.2,124.5,58.2,0.0
Jharkhand - Rural District 4122,7226,1476.9,33.4,26.8,Maize,30.0,200.65,3495.8,86.29,584.5,59.4,100.1,44.6,39.3
Uttarakhand - North District 4123,82677,1561.1,56.4,22.9,Maize,131.5,1195.74,16318.4,463.59,2766.1,49.7,119.6,72.0,0.0
Nagaland - Hills District 4124,18540,402.7,57.2,25.5,Rice,30.0,31.44,4056.3,47.94,1291.4,86.0,107.0,38.2,37.7
Jammu & Kashmir - West District 4125,29099,1290.1,69.9,27.4,Rice,34.3,213.3,4661.5,73.9,1271.5,34.7,106.0,66.1,11.3
Uttar Pradesh - Urban District 4126,14881,1123.3,27.2,31.5,Maize,30.0,155.12,4399.2,78.5,528.8,53.0,99.0,47.0,33.5
Telangana - North District 4127,19190,796.8,40.9,27.5,Rice,30.0,99.83,4591.8,52.0,1301.0,77.1,118.1,44.4,18.6
Sikkim - West District 4128,25157,987.5,91.6,29.0,Maize,48.9,385.68,4574.3,165.9,986.8,64.0,105.4,53.2,32.9
Tripura - North District 4129,35107,921.3,12.0,24.9,Rice,64.1,269.07,11297.3,121.22,2673.6,62.5,111.0,52.7,24.6
Delhi - Coastal District 4130,11474,1377.5,62.0,29.6,Rice,30.0,198.3,4062.6,65.4,1226.6,49.0,109.2,23.2,38.3
Bihar - Coastal District 4131,88896,1066.5,74.8,23.9,Rice,127.8,644.51,14910.5,233.9,5589.7,49.6,117.9,56.1,0.0
Haryana - Central District 4132,6442,1408.8,44.7,30.3,Maize,30.0,209.05,3572.2,83.77,617.3,42.7,110.2,25.5,42.5
Rajasthan - Coastal District 4133,5750,1335.2,60.3,24.5,Maize,30.0,174.57,3339.5,60.34,611.6,46.1,91.1,83.5,51.4
West Bengal - North District 4134,17811,1295.8,89.6,23.4,Maize,30.0,289.67,2676.4,101.78,627.1,49.7,100.4,55.3,47.3
West Bengal - South District 4135,33359,1082.8,43.8,25.8,Wheat,71.2,354.23,8532.4,109.28,3293.4,51.4,87.6,50.0,41.7
West Bengal - Hills District 4136,49737,1344.8,42.1,30.7,Wheat,40.0,206.33,4382.9,58.15,2037.4,55.2,92.9,59.5,2.9
Puducherry - North District 4137,21289,970.3,66.4,21.9,Rice,39.2,204.86,4725.2,90.25,1601.1,68.6,97.3,62.0,38.6
Tripura - Coastal District 4138,15646,1932.7,42.0,25.1,Wheat,42.4,340.94,6170.6,66.47,2211.3,29.7,91.7,61.6,45.8
Punjab - East District 4139,19586,1266.2,84.6,31.3,Maize,31.5,220.89,2958.7,94.28,630.3,67.2,105.0,34.8,37.3
Goa - Hills District 4140,5724,917.9,51.8,28.1,Maize,30.0,156.64,4049.0,98.56,618.1,66.6,95.5,41.6,43.2
Tamil Nadu - Valley District 4141,48872,736.0,45.2,25.6,Maize,81.4,349.98,9922.4,271.19,1574.5,64.1,117.7,51.7,8.5
Manipur - Plains District 4142,31589,1044.8,52.7,21.3,Maize,49.3,266.19,5942.4,126.45,988.0,71.4,107.9,37.4,26.3
West Bengal - South District 4143,26416,756.8,62.7,29.5,Wheat,50.7,173.47,4722.2,68.89,2552.4,73.8,104.7,57.2,28.5
Arunachal Pradesh - Rural District 4144,38155,1181.6,38.6,24.5,Rice,52.0,297.63,7896.2,93.22,2035.0,58.0,109.0,50.0,28.5
Uttar Pradesh - North District 4145,18151,698.9,16.4,24.3,Wheat,38.7,69.94,5081.1,47.03,1853.9,60.4,108.2,64.4,28.3
Maharashtra - Hills District 4146,21321,1197.9,66.0,24.9,Wheat,63.0,298.81,6738.9,75.27,2997.8,54.1,113.2,40.2,56.6
Karnataka - Plains District 4147,7732,1257.2,89.8,28.5,Rice,30.0,198.59,2778.2,37.12,1172.1,51.8,104.1,21.4,40.5
Nagaland - West District 4148,50682,399.6,67.1,25.4,Wheat,80.0,239.73,7366.4,105.34,3487.4,86.9,108.4,70.8,8.5
Sikkim - West District 4149,62658,1033.9,77.1,30.7,Rice,146.6,993.4,16031.7,402.76,6109.5,50.4,114.2,38.1,25.7
Manipur - North District 4150,23066,1515.5,42.9,27.4,Maize,30.0,223.82,3959.0,104.48,560.5,54.5,121.2,42.4,10.1
Uttar Pradesh - Urban District 4151,15426,784.9,61.5,35.4,Maize,30.0,165.36,3023.5,78.92,579.6,64.9,97.1,51.6,42.0
Goa - East District 4152,50070,1136.4,53.0,26.3,Rice,73.7,409.42,10676.8,137.98,2713.6,57.9,100.3,69.1,4.6
Andhra Pradesh - Plateau District 4153,18438,1272.9,61.1,26.9,Wheat,30.0,192.69,2994.8,43.81,1483.4,45.0,115.3,42.7,22.1
Nagaland - Delta District 4154,61387,1452.5,66.9,20.7,Maize,74.0,627.65,8023.7,236.3,1446.2,53.1,115.3,59.4,1.7
Maharashtra - Plateau District 4155,90135,711.3,53.2,27.3,Maize,147.4,838.15,15549.9,389.54,2828.7,66.3,107.4,52.4,0.0
Madhya Pradesh - North District 4156,15741,1369.6,33.0,32.6,Rice,30.0,194.71,3856.3,69.55,1209.1,46.2,110.6,57.3,11.5
Kerala - Central District 4157,64277,1287.8,39.7,25.4,Maize,102.3,742.71,13991.6,331.9,2233.7,69.0,117.4,58.0,0.0
Himachal Pradesh - South District 4158,15634,1478.1,30.9,23.1,Rice,30.0,160.02,3900.1,56.05,1127.1,53.9,102.5,51.5,57.9
Delhi - South District 4159,7347,1232.1,77.7,35.8,Rice,30.0,171.87,3354.0,67.9,1071.0,45.5,102.2,42.7,39.3
Maharashtra - Plateau District 4160,26444,1343.3,40.2,32.0,Wheat,42.8,191.59,4809.8,58.31,1877.2,43.4,112.1,30.9,27.5
Arunachal Pradesh - Valley District 4161,28112,1164.8,55.3,24.8,Maize,34.2,203.35,4402.0,87.92,649.9,60.5,103.4,25.8,4.3
Madhya Pradesh - North District 4162,23446,1441.2,67.5,29.1,Wheat,44.0,271.03,3974.9,72.76,2425.3,57.1,110.6,70.8,21.1
Manipur - North District 4163,26271,1245.6,65.3,29.1,Pulses,39.6,98.41,1331.3,32.56,1230.8,58.0,108.9,44.1,34.7
Sikkim - South District 4164,72225,1059.5,60.1,23.5,Maize,88.1,369.72,10355.9,232.13,1803.8,64.7,120.7,71.3,0.0
Himachal Pradesh - East District 4165,65978,805.5,67.5,30.3,Rice,121.2,630.72,17658.4,217.17,4831.6,66.2,115.7,55.0,0.0
Goa - Plateau District 4166,38398,1416.3,38.6,27.6,Rice,72.3,394.82,11154.3,137.93,2525.7,48.8,100.5,45.9,0.0
Bihar - Valley District 4167,2950,1177.1,52.4,23.7,Rice,30.0,184.19,4217.6,69.05,1141.9,54.9,105.0,32.1,72.8
Jharkhand - Plateau District 4168,56149,1104.6,72.3,35.0,Rice,87.0,559.94,11138.6,190.31,3598.5,56.9,104.7,41.1,4.4
Jharkhand - Rural District 4169,52690,1126.1,69.9,28.8,Rice,71.8,420.58,9777.2,175.68,2914.1,55.7,108.9,50.6,0.0
Jammu & Kashmir - Valley District 4170,26392,474.6,34.7,30.9,Wheat,39.9,69.21,4187.3,38.57,2006.9,80.4,103.1,59.0,42.1
Ladakh - Coastal District 4171,30233,813.4,38.6,30.2,Rice,60.8,318.84,10693.4,138.19,2565.7,82.9,110.3,35.3,8.3
Meghalaya - Central District 4172,65032,1153.4,57.9,26.3,Rice,70.8,395.59,9841.5,147.85,2661.2,65.0,119.7,63.5,0.0
Chhattisgarh - East District 4173,210794,860.4,31.4,29.2,Maize,284.3,1322.16,33964.1,816.05,5741.3,67.7,96.7,49.7,0.0
Tripura - Valley District 4174,25927,709.9,73.1,27.1,Rice,44.9,184.92,5059.7,97.12,1765.0,73.2,108.4,55.8,23.6
Goa - North District 4175,10992,322.0,62.7,29.8,Wheat,30.0,124.08,3148.2,46.07,1435.8,97.0,94.0,27.3,65.6
Meghalaya - Central District 4176,24036,1282.1,78.3,22.1,Wheat,52.4,240.98,4678.6,78.0,2825.2,66.3,111.7,40.9,26.2
Jharkhand - Hills District 4177,50448,1241.8,83.4,23.9,Pulses,70.4,247.95,2438.0,50.99,2127.7,67.1,93.2,53.2,11.3
Uttar Pradesh - North District 4178,26369,1176.1,54.4,22.0,Wheat,48.2,153.9,5567.2,61.86,2358.5,59.5,105.9,64.1,46.9
Nagaland - Delta District 4179,100213,1170.5,82.2,27.7,Maize,160.3,1314.15,18529.8,549.08,3108.8,52.4,121.4,83.0,0.0
Meghalaya - South District 4180,33657,1431.9,45.2,23.2,Wheat,55.3,321.55,5646.9,97.85,2756.0,37.6,98.2,37.6,10.4
Jammu & Kashmir - Coastal District 4181,16441,1095.7,77.4,26.7,Maize,30.0,104.89,2708.5,43.7,600.7,56.5,88.1,54.0,24.3
Delhi - Plains District 4182,66087,954.9,68.5,27.6,Rice,94.7,509.09,11731.3,192.05,3660.5,62.9,107.1,79.4,14.9
Madhya Pradesh - West District 4183,61312,1367.6,100.0,20.8,Rice,134.1,1193.81,11780.7,305.15,5184.9,62.3,106.0,82.2,0.0
Andhra Pradesh - Hills District 4184,36249,1151.8,41.1,30.5,Wheat,35.0,128.66,3814.2,47.91,1671.4,65.5,96.8,58.8,22.6
West Bengal - Urban District 4185,25423,1281.0,36.3,29.4,Maize,55.9,349.15,8033.9,196.24,1078.8,64.3,102.5,46.5,33.7
Delhi - East District 4186,45097,1012.6,51.0,21.0,Maize,98.4,585.05,13001.5,253.85,2123.1,69.7,97.8,72.2,29.5
Sikkim - Plateau District 4187,29924,1011.2,90.4,28.2,Rice,65.0,487.85,7412.4,141.0,2631.3,82.7,109.8,35.3,22.6
Haryana - Plateau District 4188,19189,1029.0,63.6,29.2,Pulses,33.8,91.19,1599.1,23.16,1088.3,79.2,122.1,31.7,54.5
Assam - Plateau District 4189,8171,1096.5,71.2,24.1,Rice,30.0,177.35,3699.5,74.45,1269.3,68.7,109.2,48.7,27.1
Goa - Valley District 4190,28678,1293.2,56.4,21.8,Wheat,30.0,133.92,3277.2,44.35,1483.6,70.0,108.6,49.3,28.7
Goa - Rural District 4191,46762,895.8,38.7,29.8,Rice,71.3,386.23,9923.5,131.14,2689.1,38.5,108.3,27.4,16.0
West Bengal - Delta District 4192,54485,402.6,51.8,21.0,Wheat,59.3,205.85,6367.7,84.53,3437.9,66.8,106.9,28.8,0.0
Uttar Pradesh - West District 4193,17815,903.2,70.3,31.7,Rice,30.0,165.35,3566.7,54.79,1202.0,40.6,93.9,64.6,36.9
Karnataka - Central District 4194,51548,1341.7,57.3,21.5,Rice,97.0,685.97,13519.4,247.58,3863.7,61.2,105.1,59.7,14.5
Bihar - Hills District 4195,12044,796.1,53.7,30.8,Maize,30.0,123.96,3564.2,62.87,612.5,73.4,96.9,32.7,44.4
Jammu & Kashmir - Plateau District 4196,17463,914.2,68.9,29.5,Rice,30.0,157.12,4063.3,60.0,1208.1,66.5,111.0,74.3,48.8
Manipur - East District 4197,29625,453.3,52.3,27.4,Rice,45.0,140.08,5576.3,92.32,1735.1,74.9,95.0,42.5,16.0
Delhi - Rural District 4198,21753,736.8,53.5,27.4,Rice,30.0,94.02,3523.0,53.73,1184.8,79.5,99.6,38.0,36.8
Uttarakhand - Coastal District 4199,33317,1637.2,33.6,25.1,Pulses,58.0,93.79,3280.3,33.51,1906.9,36.6,98.7,72.5,0.0
Punjab - Delta District 4200,26282,1330.8,86.5,27.7,Wheat,43.0,279.0,3641.4,72.03,2014.9,55.7,99.8,32.2,10.9
Karnataka - West District 4201,13153,2158.1,61.1,28.5,Rice,30.0,272.72,3943.4,81.64,1247.8,32.0,101.3,45.7,21.9
Punjab - Hills District 4202,14802,1654.9,76.1,22.1,Maize,30.0,319.08,3137.8,88.68,577.4,30.0,86.5,28.0,32.9
Gujarat - Hills District 4203,27248,1081.2,78.6,25.8,Pulses,57.5,140.26,2103.7,38.34,1882.4,58.7,100.5,62.4,24.9
Uttar Pradesh - Plains District 4204,124984,1271.6,49.2,27.2,Maize,137.2,682.98,19396.9,269.57,2616.3,63.3,95.6,87.1,0.0
Ladakh - Delta District 4205,30834,732.5,76.2,22.6,Wheat,30.2,91.5,2493.4,36.26,1618.1,75.6,106.0,69.9,22.2
Haryana - Hills District 4206,59516,1185.2,68.0,20.9,Wheat,86.7,449.15,8464.8,129.08,4660.0,48.1,110.3,71.5,9.5
Assam - Plains District 4207,12910,685.5,62.9,27.5,Wheat,30.0,83.29,3063.9,48.01,1315.7,78.6,104.3,52.4,56.8
Nagaland - Delta District 4208,8842,200.0,80.9,26.6,Rice,30.0,70.41,3480.4,53.24,1316.7,93.4,106.8,53.8,30.8
Delhi - Rural District 4209,21249,1536.2,65.3,31.2,Rice,39.0,322.26,4801.5,112.8,1540.0,45.7,109.6,44.3,16.6
Jammu & Kashmir - Urban District 4210,14267,1360.9,86.6,28.4,Pulses,30.0,62.97,1150.7,17.35,875.9,63.0,114.0,46.9,29.5
Goa - Rural District 4211,11400,1131.8,87.9,31.0,Wheat,30.0,165.3,2069.6,49.73,1456.5,54.1,85.3,46.2,16.8
Odisha - Plains District 4212,4811,1355.1,69.3,20.4,Wheat,30.0,124.67,2872.6,39.77,1594.0,41.1,88.7,50.7,53.4
Haryana - North District 4213,13580,1208.3,31.8,18.9,Rice,30.0,180.91,4197.9,70.48,1145.4,49.9,106.5,46.2,37.0
Ladakh - West District 4214,7234,1130.2,64.2,32.7,Maize,30.0,215.37,3750.5,86.01,625.9,81.1,107.9,43.2,30.8
Maharashtra - West District 4215,38008,986.9,37.5,23.1,Rice,79.0,354.89,11230.2,189.96,3077.5,77.0,96.6,64.2,6.5
Odisha - Plains District 4216,257007,1333.1,59.3,27.1,Maize,335.7,2572.59,43832.7,1084.09,7446.2,51.5,114.3,100.0,0.0
Meghalaya - Coastal District 4217,20210,786.0,55.4,24.9,Rice,30.0,129.27,3638.1,61.41,1120.7,79.4,104.1,53.3,41.8
Haryana - Hills District 4218,15310,996.1,67.8,28.3,Maize,30.0,157.44,3037.9,81.69,559.4,66.7,114.2,56.4,24.8
Madhya Pradesh - Valley District 4219,12688,608.7,63.5,22.9,Wheat,31.1,129.23,2886.2,58.07,1704.1,80.9,89.0,50.8,40.3
Uttar Pradesh - Plateau District 4220,36504,878.6,59.6,30.3,Rice,70.2,220.57,9489.6,120.5,2998.8,77.6,116.1,68.5,26.6
Assam - Central District 4221,41421,985.7,89.1,28.4,Rice,72.8,476.93,8611.1,173.69,3040.5,73.7,96.8,51.7,19.0
Sikkim - Central District 4222,42338,236.0,66.5,27.1,Rice,58.9,104.55,8124.5,91.19,2317.7,96.6,97.5,63.6,0.0
Gujarat - South District 4223,88316,1306.4,46.4,26.3,Rice,167.4,1112.38,23804.9,282.63,7051.2,44.9,102.5,62.1,0.0
Tripura - Delta District 4224,27315,1125.7,53.3,25.6,Rice,30.0,141.8,3570.4,60.5,1156.9,59.3,113.8,21.6,6.3
Tripura - Valley District 4225,8201,805.3,40.7,24.6,Maize,30.0,143.65,3748.1,85.81,619.0,69.4,113.8,49.2,64.1
Arunachal Pradesh - Hills District 4226,45400,748.6,75.4,25.4,Maize,81.1,400.18,8250.9,190.2,1474.0,61.3,101.2,67.8,13.0
Andhra Pradesh - Valley District 4227,59101,1033.0,52.7,23.3,Maize,108.9,446.04,12264.9,292.69,2234.4,49.5,122.8,40.9,0.0
Jharkhand - Rural District 4228,36653,1648.5,52.9,26.8,Rice,30.0,181.77,4402.5,59.08,1171.1,47.5,113.8,48.2,19.8
Haryana - Coastal District 4229,19820,1112.2,65.8,24.6,Maize,30.7,240.55,3434.1,118.9,638.1,49.4,94.5,37.7,42.5
Meghalaya - West District 4230,108946,1583.5,61.6,24.6,Maize,130.1,1107.96,15898.1,425.33,2552.6,45.7,105.1,75.2,0.0
Jharkhand - South District 4231,81321,492.5,56.0,29.0,Wheat,96.3,266.44,9830.9,142.74,4734.8,84.0,115.2,53.1,0.0
Punjab - Central District 4232,9011,1263.4,59.5,21.3,Maize,30.0,252.18,3277.5,108.46,605.4,59.0,95.5,36.0,50.8
Sikkim - Hills District 4233,71874,1331.2,70.6,24.4,Rice,121.0,745.0,17443.9,290.07,4889.3,45.4,110.7,77.2,0.0
Andhra Pradesh - Coastal District 4234,16937,1552.1,56.0,26.3,Wheat,30.0,241.56,3181.4,47.94,1512.2,47.4,97.8,30.9,49.4
Assam - Plateau District 4235,31738,857.4,89.5,31.2,Rice,31.2,161.66,3513.7,67.06,1220.0,91.1,108.3,48.4,28.2
Tripura - Rural District 4236,37644,1542.3,65.9,17.2,Rice,48.1,392.7,6823.8,121.73,2054.9,65.7,112.6,50.2,22.9
Ladakh - Plateau District 4237,67607,948.4,56.7,24.3,Rice,83.5,339.67,11114.1,128.38,3316.4,82.0,110.0,82.5,3.4
Arunachal Pradesh - Valley District 4238,16052,439.0,37.2,30.1,Wheat,30.0,60.58,3296.2,29.88,1433.4,84.1,95.8,49.5,17.6
Haryana - Coastal District 4239,13602,1518.6,82.5,25.6,Rice,30.0,212.42,3752.8,68.48,1248.0,52.4,101.5,49.3,63.2
Gujarat - South District 4240,16521,1818.7,54.7,28.4,Rice,30.0,241.45,4020.9,72.53,1101.8,47.0,94.6,43.5,45.1
Tripura - West District 4241,13892,1176.1,82.8,29.5,Maize,30.0,218.28,3054.2,100.82,602.7,52.7,108.5,57.4,40.3
Jammu & Kashmir - Hills District 4242,25347,626.2,52.5,19.4,Maize,30.0,153.68,3705.6,92.19,663.8,79.8,93.9,43.5,37.8
Telangana - West District 4243,104155,989.7,42.0,23.3,Wheat,128.1,521.75,13366.3,178.06,6323.3,57.8,102.6,70.0,0.0
Nagaland - Valley District 4244,6253,1467.2,47.8,22.9,Maize,30.0,222.71,4245.6,87.25,621.5,57.6,102.7,30.5,55.7
Meghalaya - South District 4245,23472,1442.5,64.4,26.9,Wheat,36.7,262.84,3546.0,65.52,1913.4,46.5,99.9,47.0,51.8
Odisha - Valley District 4246,39885,906.7,66.9,33.5,Rice,41.5,188.51,3999.0,98.91,1507.3,63.6,97.2,62.0,20.8
Assam - North District 4247,49670,727.5,34.3,22.7,Maize,37.1,147.41,4568.6,92.29,765.6,66.7,110.6,58.3,11.0
Kerala - East District 4248,76505,832.0,80.1,27.5,Wheat,118.6,508.78,12767.7,192.15,5503.8,55.6,114.1,63.0,0.0
Sikkim - Rural District 4249,133465,728.9,46.6,30.8,Maize,363.1,2034.87,44754.6,785.37,7043.9,56.4,111.3,83.1,0.0
Rajasthan - West District 4250,57264,1010.3,56.3,27.3,Maize,88.1,384.22,11071.8,262.64,1633.3,68.3,122.6,35.7,2.2
Chhattisgarh - East District 4251,4416,1119.2,25.2,25.5,Wheat,30.0,164.94,3175.7,48.81,1404.4,56.9,94.9,52.0,52.7
Ladakh - Delta District 4252,25868,818.8,90.7,26.8,Wheat,57.4,231.15,5105.0,71.31,3122.7,71.1,101.2,43.5,55.0
Andhra Pradesh - Coastal District 4253,6378,385.5,55.6,28.3,Wheat,30.0,83.66,2909.7,42.53,1438.4,83.6,101.4,54.0,69.1
Delhi - Rural District 4254,3649,1115.9,84.3,21.1,Pulses,30.0,119.69,1074.7,21.59,940.6,50.3,112.9,30.8,43.7
Kerala - North District 4255,16747,850.8,67.5,21.8,Wheat,33.5,88.35,3248.1,45.74,1686.3,78.7,109.7,64.5,13.0
Himachal Pradesh - Plains District 4256,45474,200.0,79.0,22.5,Maize,61.7,195.06,5900.9,148.65,1313.1,80.6,104.9,62.4,16.4
Maharashtra - Plains District 4257,45925,720.7,46.3,28.8,Rice,55.7,244.69,8103.3,108.9,2205.5,73.5,102.6,57.8,2.2
Chhattisgarh - Plateau District 4258,105420,935.3,75.3,33.0,Pulses,164.3,151.97,6594.9,105.88,4980.0,66.5,93.2,63.4,0.0
Karnataka - West District 4259,4482,1293.0,50.2,31.7,Maize,30.0,185.84,3993.9,96.54,567.6,41.8,116.6,60.4,41.4
Rajasthan - Plains District 4260,8847,539.5,57.8,22.1,Maize,30.0,145.73,3072.5,86.36,586.2,90.2,120.5,54.0,42.8
Haryana - Urban District 4261,52155,1309.8,31.6,23.2,Pulses,36.5,68.89,1885.4,27.59,1096.6,56.1,118.2,47.0,26.7
Ladakh - Coastal District 4262,15006,1162.8,75.7,23.1,Rice,30.0,173.11,3116.9,65.16,1227.6,79.5,96.9,44.2,47.2
Madhya Pradesh - Central District 4263,8797,786.0,58.2,24.1,Wheat,30.0,96.62,3453.0,45.97,1424.0,85.8,84.4,32.4,43.4
Maharashtra - Rural District 4264,11315,1869.4,35.3,24.6,Wheat,30.0,184.13,3551.5,47.99,1482.1,48.2,107.9,54.1,19.5
Uttar Pradesh - East District 4265,80004,1143.4,74.1,32.5,Rice,47.4,274.26,6146.3,81.89,1964.0,60.9,100.8,68.5,0.0
Bihar - Urban District 4266,28770,1289.4,72.4,24.6,Rice,41.8,223.88,5015.6,84.22,1612.8,46.1,93.9,54.4,15.5
Ladakh - Rural District 4267,18133,1185.4,46.7,27.2,Maize,30.0,181.52,3756.5,103.24,557.8,64.0,118.1,40.7,43.1
Arunachal Pradesh - Delta District 4268,31519,1161.6,50.8,27.5,Maize,45.0,306.96,5134.6,128.05,915.4,61.3,88.3,73.3,20.2
Goa - Plains District 4269,59339,1025.4,39.8,22.2,Maize,101.4,537.8,13449.5,331.32,1855.4,77.4,123.1,49.3,0.0
Nagaland - Plains District 4270,16297,709.8,45.0,26.8,Pulses,30.0,11.83,1214.4,17.5,971.5,79.2,112.3,24.7,39.8
Andhra Pradesh - Central District 4271,8414,806.5,70.4,26.3,Pulses,30.0,80.12,1118.5,21.04,853.2,73.2,116.7,38.0,41.7
Arunachal Pradesh - South District 4272,43769,1598.8,62.2,21.8,Rice,79.4,741.74,11638.9,215.56,3443.4,27.9,113.7,58.6,34.5
Sikkim - Hills District 4273,13408,1297.2,51.4,31.2,Pulses,30.0,57.01,1294.2,18.17,933.8,47.4,118.0,45.9,32.6
Punjab - Central District 4274,15912,1351.1,65.4,27.4,Rice,30.0,190.02,3933.5,78.08,1120.3,40.4,113.6,60.7,3.8
Maharashtra - Urban District 4275,23996,955.4,64.0,23.7,Rice,30.0,165.04,3685.1,62.53,1237.1,59.7,103.5,32.9,30.1
Himachal Pradesh - Hills District 4276,12513,1291.7,74.4,25.7,Pulses,30.0,43.14,1114.1,16.99,850.0,45.0,99.9,41.6,47.5
Nagaland - Urban District 4277,14358,1163.3,46.0,33.0,Maize,30.0,219.71,3707.8,116.83,664.6,65.2,105.0,36.0,35.4
Gujarat - East District 4278,24626,1046.7,37.2,22.0,Wheat,38.5,199.91,3873.1,58.75,1701.8,64.8,107.5,61.2,0.0
Madhya Pradesh - Coastal District 4279,15324,683.0,53.7,22.0,Pulses,30.0,18.91,1277.2,19.37,876.4,94.2,97.0,38.3,43.4
Assam - Valley District 4280,21260,821.4,57.7,23.1,Pulses,40.1,72.43,1591.3,21.4,1382.1,67.8,107.1,33.0,28.5
Kerala - Delta District 4281,20003,297.3,39.9,21.9,Rice,32.3,6.46,3988.7,35.53,1232.2,81.6,106.2,62.7,24.1
Meghalaya - Rural District 4282,19191,995.2,52.3,22.9,Wheat,30.0,125.5,3442.8,47.02,1462.2,63.2,107.7,45.6,29.6
Tamil Nadu - Rural District 4283,27855,742.1,65.9,20.3,Wheat,34.8,172.82,3336.7,63.29,1705.3,78.7,105.3,43.2,17.2
Sikkim - East District 4284,35405,715.4,54.3,31.1,Wheat,64.0,236.29,7395.6,107.26,3282.8,86.0,105.5,45.7,10.3
Himachal Pradesh - Plateau District 4285,12124,1414.2,74.5,31.0,Maize,30.0,265.36,2937.1,102.89,635.6,61.0,112.0,87.5,31.4
Ladakh - West District 4286,13831,953.6,38.1,28.6,Rice,30.0,139.23,3778.8,64.78,1213.7,69.1,121.6,38.5,5.1
Goa - Plateau District 4287,20051,1372.5,32.8,32.1,Maize,30.0,213.08,3524.8,68.81,609.9,48.8,93.8,44.3,33.8
Meghalaya - South District 4288,32047,1027.4,69.8,25.9,Maize,59.7,478.68,7207.6,211.48,1068.9,62.1,90.6,65.3,17.4
Sikkim - South District 4289,47345,1158.6,30.3,26.8,Rice,92.9,531.38,12803.4,215.62,3825.9,56.9,91.3,70.6,13.8
Karnataka - Delta District 4290,38764,296.1,63.1,28.1,Rice,98.9,199.02,11904.5,179.16,4217.8,86.7,109.6,32.5,35.7
Jammu & Kashmir - Hills District 4291,24628,621.2,46.3,24.3,Wheat,49.6,210.21,4922.7,57.42,2562.0,72.1,91.7,36.3,41.6
Himachal Pradesh - East District 4292,17117,642.3,20.0,24.2,Wheat,30.2,57.03,3800.8,40.75,1448.8,79.9,101.1,47.4,20.1
Telangana - West District 4293,15733,924.0,55.7,25.6,Wheat,30.0,125.16,3396.6,48.61,1309.4,65.7,106.7,74.1,42.5
Tamil Nadu - Plains District 4294,57070,1157.1,61.3,30.3,Rice,77.6,621.45,10483.8,196.84,2882.0,56.9,102.4,40.3,0.0
Sikkim - South District 4295,13834,1368.5,47.7,21.9,Wheat,30.0,172.42,3125.1,39.91,1529.5,50.2,102.2,18.4,8.5
West Bengal - Valley District 4296,80953,1394.2,70.8,32.0,Pulses,145.9,351.64,5935.7,93.16,4527.6,39.3,105.1,87.0,0.0
Assam - Urban District 4297,98711,1404.5,42.1,32.9,Wheat,239.1,1277.01,24801.3,309.48,11102.1,56.7,110.4,80.3,0.0
Maharashtra - Coastal District 4298,20292,967.7,77.6,31.8,Maize,45.4,288.36,4668.2,126.64,893.8,76.8,103.2,36.5,25.3
Andhra Pradesh - Coastal District 4299,33958,522.4,86.1,33.5,Wheat,63.5,321.46,5100.4,97.94,3455.1,75.3,108.0,88.3,32.3
Delhi - Delta District 4300,26340,1339.7,15.9,25.8,Pulses,30.0,49.74,1451.7,21.55,934.0,34.1,103.6,47.3,39.9
Uttarakhand - Central District 4301,9632,856.2,87.5,24.5,Pulses,30.0,31.01,1126.7,20.27,960.7,74.2,106.1,48.2,47.4
Sikkim - Coastal District 4302,61272,1587.9,48.5,25.9,Pulses,65.1,164.98,2724.0,47.76,2016.1,38.7,117.2,41.5,0.0
Chhattisgarh - Valley District 4303,14287,443.3,54.0,27.0,Rice,30.0,38.13,3379.5,42.52,1236.7,81.3,122.3,59.8,59.1
Haryana - Coastal District 4304,51913,1456.6,48.9,30.9,Rice,95.6,706.56,14305.0,233.01,3810.8,66.5,107.2,58.1,0.0
Telangana - Plateau District 4305,25035,1345.5,57.5,27.1,Pulses,30.0,48.26,1318.6,20.87,848.3,41.9,115.9,26.8,25.8
Odisha - Hills District 4306,9479,845.3,67.2,27.0,Rice,30.0,180.1,3513.7,67.46,1290.5,62.3,85.2,51.3,36.5
Tripura - West District 4307,17854,1865.0,87.9,28.0,Rice,35.9,395.01,4037.1,97.96,1430.5,30.3,97.8,53.9,30.5
Andhra Pradesh - Coastal District 4308,42372,1181.9,53.8,29.9,Maize,64.2,479.4,7455.0,268.6,1402.5,57.8,117.3,71.0,28.2
Punjab - Plains District 4309,20538,1090.2,66.9,30.8,Wheat,30.0,187.31,3046.4,56.34,1505.3,41.9,112.3,55.7,31.6
Manipur - West District 4310,60336,793.8,64.5,23.7,Rice,110.6,618.18,11622.0,256.92,3912.9,74.6,115.4,58.0,0.0
Goa - North District 4311,20361,984.0,39.0,22.9,Rice,30.0,130.69,3985.0,63.59,1185.7,72.1,94.6,34.4,18.2
Andhra Pradesh - Plateau District 4312,56254,1273.7,36.7,24.2,Maize,84.8,628.14,11114.8,235.13,1820.9,54.3,107.9,66.4,0.0
Uttarakhand - Plateau District 4313,48621,1663.4,80.9,28.0,Wheat,98.6,655.46,7409.5,180.26,4504.0,43.7,112.1,70.8,9.0
Sikkim - Rural District 4314,30960,1214.6,42.4,23.4,Wheat,30.0,131.0,3023.2,44.01,1458.8,72.5,95.3,35.3,37.8
Meghalaya - Plains District 4315,89178,774.8,55.9,29.5,Rice,140.2,610.07,18026.8,275.31,5564.3,68.3,88.8,56.9,0.0
Odisha - South District 4316,41717,1319.0,42.5,25.9,Rice,65.4,392.13,9597.9,116.28,2672.4,47.8,110.9,55.7,11.9
Punjab - South District 4317,70376,871.6,49.2,27.5,Rice,107.9,661.41,14963.7,208.58,4515.4,60.1,81.0,77.3,0.0
Jammu & Kashmir - Delta District 4318,42359,839.7,58.9,30.9,Rice,69.2,386.03,8409.6,169.32,2656.8,72.1,124.0,49.3,9.9
Ladakh - Plains District 4319,25284,950.6,57.6,27.4,Maize,33.3,221.45,3809.9,82.94,689.2,67.6,93.3,58.7,25.9
Maharashtra - South District 4320,26178,1138.6,44.6,25.5,Wheat,30.0,107.63,3150.0,45.62,1423.7,58.0,113.4,57.9,19.2
Bihar - Rural District 4321,50038,350.6,73.6,30.1,Pulses,56.0,11.2,2211.3,30.77,1507.6,93.9,97.5,53.4,0.0
Haryana - Rural District 4322,49943,1037.9,55.0,30.5,Rice,97.2,602.79,13018.0,183.33,3754.7,61.7,104.9,59.2,9.4
Assam - Central District 4323,28233,1433.5,51.7,28.9,Pulses,40.5,155.96,1905.2,27.07,1310.0,46.6,88.6,67.6,20.3
Manipur - Hills District 4324,19784,587.2,44.0,30.4,Rice,30.0,112.22,3994.6,58.18,1064.3,79.8,97.7,68.2,31.3
West Bengal - Delta District 4325,136743,1487.3,36.5,23.9,Rice,207.4,1498.84,32616.6,487.06,8620.2,57.3,120.0,65.6,0.0
Odisha - Rural District 4326,29122,1433.0,60.8,31.3,Wheat,30.0,185.05,2487.8,47.21,1653.1,49.6,91.8,40.8,24.0
Telangana - Plateau District 4327,14689,800.8,59.3,31.0,Wheat,33.7,110.42,3429.7,33.52,1871.6,66.1,98.8,59.7,42.8
Manipur - South District 4328,22817,1179.6,38.6,32.9,Wheat,30.0,89.84,2953.2,34.71,1422.2,53.2,104.8,41.6,11.3
Bihar - North District 4329,31449,837.4,30.3,23.7,Maize,55.7,276.51,6783.1,154.89,1183.8,66.9,109.4,56.0,26.7
Karnataka - West District 4330,11873,663.7,79.5,24.2,Wheat,30.0,130.96,2867.8,48.14,1636.1,99.3,106.3,37.8,30.8
Tamil Nadu - Coastal District 4331,23834,1181.7,84.1,32.4,Wheat,41.4,246.45,3839.8,73.56,2042.7,58.8,101.8,46.4,19.4
Arunachal Pradesh - Central District 4332,34952,1016.8,58.8,21.9,Rice,37.0,262.46,4912.8,94.25,1332.1,69.7,101.5,51.5,0.0
Assam - Delta District 4333,38506,1336.0,88.7,28.8,Pulses,84.1,292.84,3261.8,73.83,2838.4,50.1,112.0,68.5,17.8
Nagaland - Valley District 4334,23927,551.8,28.6,24.0,Wheat,37.1,136.96,4823.1,54.14,1683.7,81.4,106.2,48.9,9.7
Goa - Delta District 4335,19605,1629.8,54.8,21.0,Wheat,35.2,246.05,3996.5,67.16,1832.1,48.2,128.1,44.2,57.1
Telangana - South District 4336,71142,1140.7,45.4,19.5,Rice,177.2,775.27,26185.9,292.84,7721.9,64.6,99.4,70.9,0.0
Delhi - North District 4337,35152,1258.2,77.1,28.5,Rice,81.4,634.58,10303.9,239.14,3254.8,56.7,87.2,55.7,37.1
Himachal Pradesh - Plains District 4338,13023,1361.0,49.2,26.4,Rice,30.0,190.93,4724.7,59.23,1125.6,47.2,110.1,39.9,46.6
Jharkhand - Valley District 4339,38481,1118.7,62.0,33.6,Wheat,56.9,206.15,5488.1,83.15,2299.7,73.6,104.8,48.4,20.1
West Bengal - Rural District 4340,24409,742.3,40.2,24.2,Maize,37.4,151.78,4892.3,78.66,768.8,75.2,107.8,46.5,36.1
Uttarakhand - North District 4341,21871,1184.7,58.9,22.9,Pulses,35.9,53.66,1557.6,20.21,1066.1,68.1,102.7,62.2,20.4
Jharkhand - Plateau District 4342,34749,910.0,63.0,22.3,Rice,52.2,258.2,7679.0,97.09,2041.2,65.4,97.9,62.2,26.3
Jharkhand - Central District 4343,17351,962.6,45.5,30.2,Wheat,30.6,128.12,3065.0,39.82,1352.5,60.1,108.5,55.5,56.8
Meghalaya - Urban District 4344,24823,522.4,42.1,29.3,Maize,44.6,166.65,6631.7,94.19,924.3,82.1,111.4,73.3,7.6
Rajasthan - Plateau District 4345,7119,609.4,56.3,25.1,Wheat,30.0,12.78,3105.7,32.47,1550.4,93.6,82.7,63.8,61.1
Punjab - West District 4346,12721,1077.8,54.4,26.3,Maize,30.0,124.96,3336.0,72.67,616.1,65.2,95.3,24.6,28.8
Karnataka - West District 4347,22909,1426.5,81.4,29.4,Rice,48.0,307.46,5156.1,115.38,1972.4,52.2,116.8,51.7,45.6
Punjab - Hills District 4348,11963,1730.2,44.0,27.4,Rice,30.0,279.52,4232.4,98.14,1194.8,38.5,119.0,42.5,38.8
Himachal Pradesh - Coastal District 4349,26793,200.0,37.7,26.2,Rice,57.7,46.15,10306.8,63.75,2444.6,77.7,102.2,37.4,27.8
Nagaland - Coastal District 4350,20029,1360.2,58.4,23.3,Rice,30.0,167.93,4201.5,71.42,1190.8,52.0,93.7,65.6,49.0
Rajasthan - Delta District 4351,23465,1260.3,74.4,18.5,Rice,31.0,182.22,3135.7,69.75,1274.6,56.6,106.5,39.9,27.6
Chhattisgarh - East District 4352,53871,1776.4,82.9,21.3,Rice,120.5,1018.27,11793.8,283.5,4628.4,31.0,104.9,44.0,3.0
Uttar Pradesh - West District 4353,52847,1215.0,51.2,27.7,Wheat,94.4,472.53,11152.7,144.45,4915.9,54.8,132.4,53.6,0.0
Sikkim - Delta District 4354,36343,200.0,51.2,21.5,Rice,54.8,98.01,6352.5,75.49,2154.0,97.1,113.2,59.4,27.9
Jharkhand - South District 4355,7579,829.5,53.1,25.0,Wheat,30.0,102.17,3297.1,42.79,1415.2,74.8,102.9,28.7,21.3
Nagaland - Plains District 4356,26492,1310.4,68.0,20.3,Wheat,40.9,262.4,3782.3,72.39,1837.2,65.0,120.0,58.6,28.7
Jharkhand - Central District 4357,18061,1127.6,63.1,27.1,Wheat,30.4,104.99,3049.1,37.24,1555.1,60.5,101.1,62.7,29.6
Haryana - East District 4358,4590,1238.0,36.8,26.3,Rice,30.0,202.6,4469.0,74.89,1113.5,78.5,89.8,31.6,77.7
Andhra Pradesh - Delta District 4359,23911,816.9,39.3,23.7,Wheat,30.0,73.02,2930.1,40.51,1577.7,61.9,100.0,28.4,24.3
Tripura - South District 4360,41234,1306.9,67.7,24.7,Maize,89.1,699.94,8825.3,276.13,1909.1,70.9,104.6,36.1,8.3
Karnataka - Valley District 4361,11688,1287.2,57.3,33.3,Wheat,30.0,137.38,3499.4,46.94,1426.9,75.3,107.9,57.3,39.3
Assam - Central District 4362,13286,1457.6,67.6,27.5,Maize,30.0,314.27,3338.6,107.79,606.7,36.9,92.4,24.8,33.2
Tamil Nadu - Plains District 4363,60258,584.2,49.0,26.1,Wheat,84.8,346.48,10508.7,155.18,4153.2,79.7,108.9,55.5,0.0
Puducherry - North District 4364,26780,1513.9,99.1,25.0,Wheat,30.0,223.84,2233.2,57.47,1554.4,53.3,125.3,40.3,0.0
Himachal Pradesh - West District 4365,13172,1420.4,68.9,30.4,Rice,30.0,181.19,3841.7,57.81,1233.9,52.2,106.4,49.3,38.9
Gujarat - Central District 4366,66828,1418.8,63.8,29.3,Wheat,68.1,496.06,7978.9,143.7,3263.1,33.5,103.6,38.6,0.0
Karnataka - Urban District 4367,22110,1010.4,45.1,22.4,Maize,34.5,165.69,3529.8,82.81,697.1,70.3,106.0,55.1,30.9
Kerala - Plateau District 4368,21967,1636.4,46.3,27.6,Pulses,38.9,75.52,1717.1,31.13,1221.4,43.0,100.8,41.3,25.7
Delhi - Central District 4369,12401,711.6,28.9,28.8,Maize,30.0,93.01,4686.1,70.51,633.7,73.3,101.6,61.8,30.2
Telangana - Urban District 4370,48702,451.1,56.6,23.3,Rice,79.1,398.78,10047.2,168.22,2913.9,74.4,107.8,63.7,9.8
Kerala - Plateau District 4371,9191,1194.2,68.8,29.4,Wheat,30.0,183.27,2845.4,48.62,1469.4,61.0,117.0,33.6,33.4
Punjab - East District 4372,24371,1063.9,78.0,20.7,Wheat,34.2,180.41,3201.8,56.9,1649.2,61.3,112.3,49.6,39.5
Meghalaya - West District 4373,43009,807.2,54.8,23.0,Rice,43.5,189.43,5000.2,55.43,1630.6,75.6,93.5,39.0,20.7
Delhi - Urban District 4374,54688,1154.1,70.5,31.1,Rice,82.4,405.24,9433.6,165.64,3309.0,55.1,109.3,66.7,0.0
Himachal Pradesh - Valley District 4375,5881,716.9,44.2,27.6,Rice,30.0,97.62,4007.6,58.67,1101.4,81.0,95.7,50.0,55.4
Punjab - Valley District 4376,16213,1274.4,51.7,31.8,Pulses,30.0,55.71,1352.7,21.82,878.6,62.6,116.9,60.3,32.6
Maharashtra - Delta District 4377,19908,1061.8,66.1,20.5,Maize,30.0,190.06,3339.8,100.03,582.5,73.5,96.1,38.3,41.8
West Bengal - West District 4378,28920,841.1,31.8,23.7,Maize,40.9,195.97,5310.0,90.51,762.7,85.2,104.9,59.0,15.8
Punjab - South District 4379,41412,1232.8,64.7,24.1,Maize,75.0,550.5,8357.7,215.76,1432.2,44.7,123.3,48.6,11.0
Karnataka - Delta District 4380,48709,1056.3,44.2,27.9,Rice,83.1,401.61,10829.8,166.93,3512.2,68.1,124.8,36.7,12.9
Odisha - Coastal District 4381,20102,758.2,57.3,31.2,Rice,33.4,141.63,4523.3,60.53,1389.3,75.2,92.6,46.9,40.3
Arunachal Pradesh - Delta District 4382,15000,1543.2,52.7,24.6,Rice,32.8,258.49,4966.3,86.46,1418.4,41.2,113.8,41.6,16.5
Assam - South District 4383,11862,975.8,55.1,27.3,Rice,30.0,173.22,3626.3,60.25,1160.6,75.2,102.7,57.2,22.2
Rajasthan - Hills District 4384,17243,1148.3,41.2,30.9,Wheat,30.0,147.92,3449.1,44.0,1411.3,62.1,104.4,45.9,39.6
Sikkim - Hills District 4385,34113,1128.4,39.9,32.8,Rice,36.4,243.95,4979.8,83.04,1468.3,58.4,89.9,73.2,42.3
Karnataka - South District 4386,14780,1617.4,59.7,27.7,Maize,30.0,274.65,3516.3,114.79,595.6,50.3,97.6,49.4,60.1
Madhya Pradesh - Valley District 4387,21714,772.5,85.5,25.9,Wheat,33.8,166.99,2897.4,57.28,1558.8,61.5,75.2,53.8,44.4
Tripura - West District 4388,11438,1218.3,76.3,27.8,Rice,30.0,187.74,3563.9,47.92,1340.0,58.5,121.0,36.2,59.7
Tripura - East District 4389,17113,1323.8,51.6,30.0,Maize,34.1,223.91,3715.8,89.08,706.2,54.6,105.6,36.5,39.3
Uttar Pradesh - Urban District 4390,14961,1341.1,60.2,22.5,Rice,30.0,211.32,4172.8,74.91,1169.4,29.4,91.9,25.3,18.5
Madhya Pradesh - Hills District 4391,43235,752.1,42.7,25.3,Rice,80.4,317.86,11261.8,195.02,3425.8,72.0,87.7,38.5,36.0
Telangana - West District 4392,11898,743.0,24.2,27.6,Rice,30.0,123.21,4733.6,61.2,1156.5,76.5,101.7,39.1,48.8
Bihar - Plateau District 4393,101912,1512.5,38.3,26.5,Pulses,118.8,208.66,5817.1,75.29,3636.6,57.2,113.4,78.3,0.0
Rajasthan - Urban District 4394,3214,1211.7,70.9,21.7,Wheat,30.0,206.31,2961.0,62.82,1353.2,55.6,100.7,42.2,55.1
Meghalaya - Plains District 4395,88650,798.3,60.7,30.7,Rice,88.1,495.71,12811.8,163.68,2940.0,74.0,107.5,52.9,0.0
Goa - Hills District 4396,14563,1582.1,32.0,27.6,Rice,36.2,251.53,5794.5,97.87,1442.4,53.4,103.7,43.7,44.2
Andhra Pradesh - West District 4397,38613,1175.2,80.8,18.7,Maize,43.7,299.52,4284.0,102.67,841.1,49.7,110.6,74.3,24.9
Karnataka - East District 4398,43728,840.6,40.7,24.6,Maize,114.7,665.81,14535.7,302.35,2502.0,62.4,120.7,59.8,12.1
Meghalaya - Plateau District 4399,51587,397.2,47.4,29.3,Rice,64.9,237.4,8129.3,113.3,2818.2,87.4,102.5,31.9,11.6
Gujarat - Coastal District 4400,26685,873.6,47.9,29.1,Maize,30.0,128.08,4384.1,65.16,629.7,79.5,108.0,48.6,35.1
Nagaland - West District 4401,42229,930.3,67.0,30.6,Pulses,83.6,200.06,3895.3,55.78,2568.6,76.2,105.8,45.0,23.4
Nagaland - South District 4402,61797,786.5,73.9,25.6,Pulses,86.3,114.5,3160.4,59.41,2555.9,65.9,116.5,46.7,0.0
Andhra Pradesh - East District 4403,19273,1300.4,71.2,25.3,Maize,30.0,260.97,3727.7,105.43,589.7,49.0,95.9,50.5,21.5
Ladakh - West District 4404,46276,1227.5,36.3,19.2,Wheat,62.0,287.88,7503.9,101.37,2893.8,45.7,102.1,33.1,11.7
Uttarakhand - Delta District 4405,34782,1437.4,50.8,22.9,Wheat,43.7,159.73,4458.0,49.47,2481.6,54.4,114.4,55.6,21.6
Uttar Pradesh - West District 4406,51738,1140.2,65.6,27.5,Wheat,59.5,284.02,5520.1,89.22,2865.8,38.0,120.1,59.2,8.6
Tripura - Valley District 4407,101856,1439.6,50.3,29.3,Pulses,67.3,222.13,2749.6,52.68,1861.5,56.1,97.1,63.6,0.0
Madhya Pradesh - West District 4408,34595,1216.5,69.9,25.4,Maize,45.7,287.73,4987.1,116.62,900.2,74.7,94.9,61.0,31.7
Maharashtra - Plateau District 4409,40121,1192.2,78.0,23.2,Wheat,52.4,340.0,5041.6,116.98,2585.8,55.1,114.7,49.3,0.0
Assam - South District 4410,59845,945.4,88.2,23.3,Maize,116.2,956.11,10917.6,384.45,2234.1,57.8,105.0,56.0,0.0
Madhya Pradesh - Coastal District 4411,59129,963.7,60.2,30.7,Maize,69.3,456.76,9207.3,211.3,1384.2,65.0,92.6,56.6,11.0
Bihar - Urban District 4412,18171,1078.6,65.0,31.3,Rice,30.0,171.47,3496.0,54.37,1206.4,50.3,96.6,57.6,31.1
Nagaland - North District 4413,54809,1440.8,53.2,23.4,Maize,85.6,664.57,9130.8,199.64,1610.7,44.4,91.6,44.9,1.2
Himachal Pradesh - South District 4414,11500,1320.5,35.4,19.2,Wheat,30.0,174.2,3439.4,50.6,1420.6,53.4,108.7,59.7,45.4
Bihar - West District 4415,26479,1057.2,61.5,32.3,Rice,43.8,223.75,6153.8,66.68,1756.3,67.7,97.6,50.6,22.9
Goa - Plains District 4416,52366,1074.7,65.4,26.3,Maize,81.8,423.26,8575.9,254.33,1611.5,74.4,103.4,87.3,0.0
Puducherry - East District 4417,55515,709.8,50.8,23.8,Maize,111.6,575.77,13188.0,308.25,2086.9,77.0,120.6,61.4,0.0
Karnataka - Coastal District 4418,5131,1118.6,86.5,23.1,Rice,30.0,184.84,3375.0,56.06,1206.3,54.2,108.8,48.5,47.7
Andhra Pradesh - Delta District 4419,84540,1033.4,89.3,33.7,Wheat,139.2,783.87,13313.3,231.83,6799.5,50.7,116.5,52.6,0.0
Meghalaya - Delta District 4420,16295,999.2,59.6,30.0,Rice,30.0,169.12,4428.7,73.45,1214.1,53.3,100.3,67.7,51.4
Meghalaya - Hills District 4421,19311,478.0,45.9,26.5,Rice,30.0,67.64,4461.1,49.43,1224.9,85.5,110.8,50.5,27.4
Karnataka - West District 4422,75038,1069.1,59.5,34.5,Wheat,96.3,564.02,10222.8,126.25,4761.1,65.7,113.2,38.1,0.0
Karnataka - Coastal District 4423,31401,1049.0,31.8,26.8,Wheat,33.0,89.13,4007.8,47.91,1617.0,66.1,108.7,46.1,24.5
Andhra Pradesh - Urban District 4424,23597,1386.2,29.0,27.7,Wheat,58.9,187.19,7313.3,73.57,3269.1,53.0,101.9,51.5,35.5
Arunachal Pradesh - East District 4425,6251,1249.5,63.9,26.5,Rice,30.0,153.63,4144.7,56.21,1215.1,66.1,86.6,70.4,53.2
Bihar - Hills District 4426,35978,916.1,72.9,28.8,Wheat,69.9,223.96,7386.7,93.1,3237.2,69.3,110.8,22.5,12.6
Jammu & Kashmir - Rural District 4427,7664,704.6,68.6,31.6,Rice,30.0,90.94,4439.7,52.6,1172.4,88.6,123.4,19.4,40.1
Nagaland - Hills District 4428,11815,1137.1,47.6,25.1,Maize,30.0,236.5,3762.2,97.97,655.4,59.5,112.7,19.5,59.6
Sikkim - West District 4429,16555,1103.5,60.5,27.2,Rice,30.0,155.63,3813.5,60.34,1217.2,63.9,102.8,51.6,44.0
Arunachal Pradesh - Valley District 4430,48195,748.1,48.2,33.7,Wheat,30.0,111.18,3167.4,44.83,1441.5,71.7,95.8,63.4,10.3
Delhi - Delta District 4431,17945,1756.0,92.7,21.5,Wheat,30.0,257.78,2221.4,62.82,1581.4,36.8,92.3,60.8,20.0
Tripura - Plains District 4432,47926,1049.3,31.1,27.8,Maize,49.9,353.23,7063.9,140.01,1012.6,53.4,106.8,55.8,26.8
Jammu & Kashmir - Plateau District 4433,189660,522.7,37.3,23.8,Rice,249.7,595.27,36686.9,383.38,9922.5,70.3,115.2,94.3,0.0
Ladakh - Valley District 4434,35675,442.6,39.2,22.4,Maize,50.3,156.22,6906.5,131.79,1105.1,67.2,99.5,47.3,15.9
Karnataka - Rural District 4435,16375,507.8,43.8,36.2,Rice,30.0,77.42,4315.9,52.07,1230.6,74.2,87.7,72.9,22.7
Goa - Delta District 4436,4093,870.6,39.3,27.4,Rice,30.0,116.79,4402.4,50.86,1168.4,60.2,107.3,65.1,58.9
Assam - Hills District 4437,30547,1389.1,53.8,27.2,Rice,52.5,352.39,6886.4,126.71,2003.7,49.2,99.5,50.6,32.7
Tamil Nadu - Delta District 4438,23065,1168.9,90.3,29.3,Wheat,30.0,205.13,2657.5,47.04,1582.6,56.1,108.4,44.4,9.7
Karnataka - South District 4439,22515,391.8,48.5,30.6,Rice,35.5,49.35,4741.7,52.92,1305.1,100.0,118.7,60.9,37.2
Andhra Pradesh - Urban District 4440,54915,619.3,66.3,28.9,Maize,102.9,485.95,11615.4,227.33,2122.7,80.0,122.7,61.9,0.0
Manipur - Hills District 4441,98297,875.9,61.1,28.7,Pulses,150.9,277.4,7220.6,101.79,4200.1,61.2,107.6,80.2,0.0
Sikkim - Rural District 4442,19883,965.8,58.2,32.1,Pulses,30.0,50.14,1395.5,20.56,1106.3,73.3,117.0,52.8,22.8
Himachal Pradesh - Urban District 4443,11047,1251.3,77.7,26.2,Maize,30.0,217.19,3360.1,79.86,584.9,49.4,105.6,52.6,40.1
West Bengal - Plateau District 4444,36135,1353.7,46.2,19.8,Pulses,84.4,75.85,4022.6,56.25,2577.0,52.9,113.2,29.7,27.5
Uttar Pradesh - Rural District 4445,21215,1730.6,65.6,19.7,Maize,35.7,357.97,3771.9,145.64,730.9,24.9,95.0,54.3,33.3
Puducherry - Coastal District 4446,20647,1104.6,34.4,27.9,Rice,32.9,161.31,5219.7,76.54,1208.2,61.3,103.8,63.3,16.6
Madhya Pradesh - Central District 4447,39625,939.9,89.3,30.6,Pulses,59.6,105.24,1939.4,45.75,1889.2,70.3,92.7,39.9,20.6
Rajasthan - Plains District 4448,33119,683.0,89.2,31.1,Pulses,53.5,98.91,2109.3,28.63,1576.7,64.5,105.4,48.1,0.0
Uttar Pradesh - Rural District 4449,77836,963.5,56.2,26.7,Rice,112.2,578.86,13834.1,245.22,4225.9,52.0,112.7,71.9,0.0
Sikkim - East District 4450,54159,1451.4,67.0,28.6,Pulses,52.1,147.26,2159.9,33.97,1591.4,56.0,116.9,60.8,1.0
Tripura - Plains District 4451,12170,1346.7,79.6,33.1,Rice,30.0,220.0,3076.9,77.24,1168.0,62.9,105.6,36.0,34.1
Uttar Pradesh - Coastal District 4452,34012,1200.6,69.2,23.0,Rice,61.8,461.02,6858.2,176.62,2352.5,75.7,98.8,57.0,14.1
Andhra Pradesh - South District 4453,71262,1438.4,26.3,30.9,Rice,111.8,767.61,17827.7,298.77,4633.9,47.6,107.1,67.1,0.0
Nagaland - East District 4454,6782,1837.8,48.1,26.5,Wheat,30.0,188.24,3183.5,55.77,1506.4,37.5,112.9,63.8,56.9
Rajasthan - Rural District 4455,6310,556.2,56.3,23.8,Maize,30.0,72.75,3556.2,54.39,607.9,91.6,94.3,36.9,27.7
Odisha - South District 4456,41498,1563.2,43.5,28.2,Rice,73.4,486.3,7538.4,143.29,3002.7,40.1,104.4,56.0,28.2
Assam - Central District 4457,23031,1379.4,72.5,26.2,Rice,35.5,294.09,4709.3,81.26,1357.2,52.7,112.2,36.9,0.3
Goa - Delta District 4458,39801,1455.3,55.7,26.2,Wheat,84.1,501.7,8794.1,158.03,4164.1,42.9,98.1,42.3,24.0
Sikkim - Plains District 4459,33165,602.3,42.1,35.4,Wheat,30.0,91.55,4057.4,39.96,1558.9,82.1,105.3,71.8,24.6
West Bengal - Urban District 4460,20813,843.1,68.1,22.3,Rice,35.6,216.1,4312.6,70.72,1378.0,65.1,112.8,32.5,34.3
Haryana - North District 4461,48544,1118.7,40.4,34.3,Rice,52.6,256.21,7790.1,108.45,2224.0,70.7,104.5,49.2,20.9
Punjab - Central District 4462,33623,1686.7,60.4,27.1,Wheat,37.6,268.37,3303.9,56.96,1558.6,37.0,102.9,39.5,24.2
Haryana - Hills District 4463,37943,335.7,65.1,26.1,Wheat,57.1,92.36,5771.6,64.98,2732.9,98.1,115.3,59.4,25.7
Uttar Pradesh - Urban District 4464,22076,941.4,64.9,32.0,Rice,40.4,206.48,5373.6,90.62,1608.8,59.9,103.8,49.0,21.2
Meghalaya - Plains District 4465,10755,1227.3,80.1,26.1,Rice,30.0,249.86,3328.7,52.4,1146.9,60.2,95.6,44.0,32.3
Assam - Rural District 4466,600000,419.9,79.6,23.9,Wheat,667.6,1850.3,65799.5,553.61,39523.4,91.5,109.0,100.0,0.0
Ladakh - West District 4467,34168,1050.6,27.7,27.6,Wheat,41.1,188.81,4901.3,61.58,2086.1,55.3,108.4,46.4,18.9
Sikkim - North District 4468,8477,1419.0,46.7,22.0,Maize,30.0,220.68,3727.4,92.5,641.7,69.1,97.3,30.5,26.1
Arunachal Pradesh - Hills District 4469,23950,830.2,44.0,31.2,Rice,32.1,110.14,3460.5,65.03,1249.6,70.6,95.7,33.2,25.5
Goa - Plateau District 4470,38043,1024.5,56.0,27.7,Maize,54.7,377.62,6333.5,109.38,1134.1,62.3,116.9,49.1,23.5
Sikkim - North District 4471,92713,1145.0,57.3,28.3,Rice,107.5,685.61,15343.4,226.72,3809.9,53.3,114.9,45.3,0.0
Uttar Pradesh - Hills District 4472,75272,1088.9,65.1,23.6,Rice,65.3,317.67,8365.5,143.92,2577.5,74.2,109.7,43.9,0.0
Punjab - East District 4473,12213,1499.6,57.3,33.5,Wheat,30.0,134.17,2838.1,54.32,1401.8,32.8,111.7,74.7,42.2
Kerala - East District 4474,22024,1788.0,19.3,29.8,Rice,43.9,298.48,7091.3,80.76,1535.6,20.1,108.9,41.4,35.1
Tamil Nadu - Urban District 4475,16962,1254.2,41.5,26.4,Wheat,30.0,194.32,3554.7,59.8,1531.7,52.4,103.8,56.9,41.6
Uttar Pradesh - Coastal District 4476,52119,1416.1,48.0,28.1,Pulses,82.8,232.75,4416.9,62.85,2458.6,32.1,109.1,56.4,9.1
Delhi - Delta District 4477,25180,969.2,41.9,31.9,Rice,40.8,150.29,6034.8,88.31,1679.3,64.8,100.5,45.7,38.1
Tripura - East District 4478,9441,1021.4,56.3,25.8,Rice,30.0,143.88,4042.9,48.29,1306.7,76.7,91.7,32.3,29.6
Bihar - Plateau District 4479,10112,1023.0,38.0,24.1,Wheat,30.0,104.19,3494.7,40.98,1644.4,56.3,99.6,48.4,10.2
Rajasthan - Plateau District 4480,8563,1307.0,51.0,25.0,Rice,30.0,183.39,3816.7,61.87,1213.5,59.1,112.6,36.7,44.6
Assam - Central District 4481,14255,1350.3,73.0,24.3,Rice,33.8,274.77,4310.3,82.64,1358.7,46.4,104.2,64.4,33.9
Assam - Plateau District 4482,27506,965.7,85.4,34.5,Rice,45.5,185.57,4662.2,75.04,1837.2,63.8,104.3,60.2,26.3
Tripura - Valley District 4483,64736,506.6,70.6,24.9,Wheat,80.0,199.84,8304.3,112.72,4150.8,85.0,101.9,56.4,0.0
Punjab - East District 4484,41932,1206.8,57.7,30.3,Pulses,39.9,91.58,1932.5,25.89,1130.9,56.7,101.3,53.5,33.1
Nagaland - West District 4485,46380,940.4,50.5,25.6,Wheat,108.2,363.68,11349.9,142.95,5365.8,59.7,109.8,42.9,18.2
Manipur - Hills District 4486,39798,812.1,48.5,23.0,Maize,59.4,357.86,7035.4,138.93,1305.5,79.6,101.2,42.2,7.6
Delhi - South District 4487,35554,438.6,67.4,29.3,Wheat,71.9,151.04,6529.3,73.28,3426.2,94.4,110.3,60.8,8.1
Chhattisgarh - East District 4488,12683,439.5,72.3,23.4,Maize,30.0,111.66,2899.1,58.74,556.0,83.7,86.6,40.1,39.2
Karnataka - West District 4489,61211,794.2,50.2,31.6,Maize,93.8,422.78,11458.9,261.34,1690.2,73.2,99.5,59.4,16.9
Tamil Nadu - Plains District 4490,55030,1065.1,61.5,28.2,Wheat,80.6,476.7,6536.4,155.55,3755.4,63.9,109.8,36.0,0.0
Haryana - Coastal District 4491,80422,1464.0,49.9,22.6,Wheat,116.3,720.12,13471.0,190.01,5702.8,33.0,115.0,66.5,0.0
Bihar - Valley District 4492,43364,1240.6,62.1,26.6,Rice,91.7,564.18,11535.7,152.64,3664.8,64.1,101.0,58.1,26.6
Himachal Pradesh - East District 4493,33351,989.8,62.8,20.7,Wheat,72.1,340.38,7948.2,92.37,4053.6,47.4,102.4,50.3,25.5
Andhra Pradesh - East District 4494,11082,953.5,51.2,30.5,Maize,30.0,199.37,3786.8,88.56,604.5,64.3,115.9,37.7,31.1
Punjab - Urban District 4495,31124,1102.9,33.0,23.3,Rice,55.1,290.68,8337.4,116.84,2224.8,61.0,110.7,54.6,9.5
Haryana - Central District 4496,8404,1676.0,51.0,28.7,Wheat,30.0,191.4,2805.9,53.51,1392.0,41.2,82.6,64.6,52.0
Assam - Urban District 4497,15776,718.6,50.7,20.7,Wheat,30.2,82.86,2941.7,34.04,1380.5,81.3,109.4,71.9,32.2
Delhi - Plateau District 4498,30545,1202.4,69.3,25.0,Rice,47.9,303.83,6570.8,89.89,1827.0,48.1,98.1,38.3,26.3
Arunachal Pradesh - Plateau District 4499,14579,1571.6,51.3,30.8,Rice,30.0,227.52,4441.8,69.03,1035.9,39.4,101.9,48.1,16.4
Uttarakhand - East District 4500,4317,1114.0,54.5,26.0,Maize,30.0,203.09,3330.4,77.21,570.4,57.2,110.7,51.9,42.2
Kerala - Delta District 4501,13105,1583.1,63.0,25.2,Wheat,30.0,262.43,2994.3,68.63,1600.5,51.2,106.0,37.2,31.9
West Bengal - North District 4502,21318,1417.4,78.2,27.6,Wheat,30.0,178.99,2438.2,51.89,1556.2,54.3,115.8,61.1,23.0
Tamil Nadu - Coastal District 4503,153045,1470.6,94.2,22.6,Wheat,287.8,2042.46,26255.3,503.12,13795.0,64.7,109.6,100.0,0.0
Puducherry - Coastal District 4504,25195,712.8,76.4,22.3,Rice,34.8,179.06,4176.8,61.81,1197.7,73.3,89.3,46.1,30.5
Kerala - Plateau District 4505,3987,842.4,58.4,20.8,Maize,30.0,182.27,4289.3,72.17,548.7,67.4,107.8,42.9,40.7
Telangana - East District 4506,58101,1185.5,71.4,23.7,Wheat,118.6,515.96,12171.0,168.02,5591.1,59.0,87.3,76.6,13.3
Tripura - South District 4507,17937,1361.1,32.9,29.9,Maize,30.0,184.8,3771.2,99.22,611.6,41.8,105.2,45.5,36.1
Jammu & Kashmir - Rural District 4508,33230,1879.9,41.0,30.9,Maize,52.4,488.75,6188.8,204.32,1059.7,20.1,115.9,45.4,8.1
Chhattisgarh - Valley District 4509,43279,944.0,58.2,26.4,Rice,79.1,400.22,8468.2,183.13,3285.3,62.5,110.1,67.9,7.5
Goa - Valley District 4510,9619,1136.9,79.2,28.7,Maize,30.0,193.18,3053.4,98.76,606.0,47.5,111.9,61.5,51.1
Punjab - Valley District 4511,50833,1105.5,81.0,24.1,Maize,89.8,716.75,8552.1,271.68,1935.0,48.0,112.7,33.9,7.7
Bihar - Rural District 4512,6856,620.1,68.1,30.2,Wheat,30.0,155.68,2737.8,41.5,1487.5,76.0,116.3,45.9,44.1
Delhi - Delta District 4513,38561,910.2,77.8,34.0,Rice,31.5,175.3,3816.6,78.43,1292.6,59.6,97.6,40.8,10.5
Maharashtra - Hills District 4514,31628,899.0,64.4,25.5,Rice,61.1,317.78,7328.5,129.32,2448.8,45.1,96.3,67.2,19.5
Odisha - South District 4515,16664,1352.8,38.8,27.0,Maize,30.0,238.83,3922.6,97.57,551.1,69.3,107.7,75.3,31.6
Bihar - Coastal District 4516,33241,1367.0,60.1,24.8,Wheat,50.5,295.93,5838.8,86.63,2934.1,63.9,102.6,49.4,16.1
Goa - North District 4517,26816,750.0,75.6,26.4,Wheat,53.1,306.07,4877.5,106.41,2631.9,62.1,119.1,64.5,6.8
Sikkim - East District 4518,161629,1103.4,73.9,24.2,Wheat,258.8,1488.97,25861.4,356.82,13256.9,68.8,102.0,92.3,0.0
Uttarakhand - East District 4519,26109,814.9,68.4,22.6,Wheat,37.2,108.65,3818.9,50.51,1872.5,81.7,100.1,33.2,38.6
Haryana - North District 4520,15090,1768.1,59.1,31.8,Rice,30.0,213.14,3557.3,61.83,1200.7,37.0,110.4,45.1,30.4
Odisha - Plains District 4521,28199,1039.2,54.0,28.2,Wheat,45.5,235.04,4261.5,85.27,2479.4,54.7,105.2,42.7,29.5
Puducherry - Plains District 4522,21726,474.9,46.2,27.0,Rice,30.0,114.99,4595.9,59.87,1206.6,76.3,112.9,32.3,29.8
Gujarat - Coastal District 4523,66309,232.5,20.4,24.8,Wheat,48.7,12.39,6028.3,55.86,2543.4,85.5,98.9,54.4,29.1
Arunachal Pradesh - Valley District 4524,15199,849.3,47.0,22.8,Rice,30.0,139.54,4292.4,63.78,1243.3,67.3,104.1,44.0,39.1
Madhya Pradesh - East District 4525,51616,1009.7,43.3,25.7,Wheat,75.1,300.25,6882.2,102.96,3817.1,62.3,102.0,48.5,1.8
Meghalaya - Valley District 4526,59810,1171.1,83.7,23.7,Wheat,58.9,258.86,4832.4,80.26,3159.0,77.7,101.1,43.3,0.5
Jammu & Kashmir - South District 4527,19791,1399.2,48.9,23.0,Maize,30.0,215.56,4448.4,82.5,611.8,53.1,87.4,39.5,27.8
Meghalaya - Plains District 4528,48240,839.1,58.8,31.3,Maize,65.9,285.27,8276.7,155.65,1371.7,80.3,108.0,53.4,0.0
Tamil Nadu - North District 4529,84311,1524.1,37.4,22.3,Maize,136.3,1127.22,18230.1,467.84,2716.5,59.1,106.2,84.0,0.0
Meghalaya - Hills District 4530,45779,1599.7,50.5,25.9,Maize,58.9,514.27,7679.2,222.94,1339.5,30.1,115.3,73.6,3.3
Jharkhand - Delta District 4531,55218,1139.5,41.9,26.5,Maize,111.4,712.1,16484.7,321.37,2106.8,58.1,93.4,45.4,7.5
Gujarat - Rural District 4532,42372,1011.3,46.8,23.8,Wheat,60.2,299.66,6121.3,109.97,3016.7,60.3,122.5,46.2,0.0
Punjab - Coastal District 4533,63253,745.0,74.5,26.1,Wheat,72.4,316.73,5916.3,119.73,3621.0,59.1,108.3,46.6,0.0
Uttar Pradesh - Urban District 4534,54752,934.8,43.8,29.1,Wheat,30.0,135.74,3365.5,42.62,1589.5,62.1,111.0,59.7,1.1
Jammu & Kashmir - West District 4535,27981,940.3,55.5,25.0,Rice,54.5,289.97,6405.3,105.57,2082.2,72.7,104.6,51.2,21.3
Gujarat - Coastal District 4536,11558,693.6,70.1,25.4,Rice,30.0,106.59,3624.8,50.34,1259.2,74.9,108.5,63.6,36.2
Uttarakhand - Valley District 4537,83863,1334.3,68.6,18.8,Maize,149.7,1073.14,16329.8,586.36,3135.2,35.5,103.7,50.2,0.0
Kerala - Delta District 4538,62584,839.6,53.7,22.8,Maize,131.2,501.33,14738.7,276.34,2533.1,76.2,100.6,51.3,12.7
Ladakh - Plains District 4539,21107,1023.2,49.4,25.1,Rice,39.8,272.7,6200.2,106.3,1438.2,57.4,92.3,50.8,28.2
Manipur - Plains District 4540,28438,349.4,16.8,23.5,Wheat,62.6,86.15,8686.5,70.25,3014.4,94.7,114.6,50.4,23.9
Odisha - Central District 4541,68119,1171.7,42.4,31.6,Maize,133.9,807.12,16098.8,404.13,2820.8,71.1,98.1,51.5,7.3
Delhi - Valley District 4542,24513,777.8,36.1,25.8,Rice,30.0,175.92,4467.8,59.76,1209.9,66.8,110.7,63.4,10.9
Gujarat - Coastal District 4543,37254,1257.7,67.0,23.8,Rice,61.8,489.27,8217.2,196.07,2605.4,57.3,104.9,46.1,35.1
Sikkim - Urban District 4544,20121,823.6,66.4,25.7,Wheat,43.2,200.69,4201.6,56.99,1982.0,66.6,104.9,54.1,44.6
Karnataka - Central District 4545,25289,974.9,51.0,32.8,Pulses,39.5,64.33,1802.6,22.01,1182.8,67.8,110.4,42.0,15.4
Assam - South District 4546,13470,1774.9,34.0,30.3,Wheat,30.0,195.7,3178.1,51.75,1388.3,43.9,97.8,32.8,25.1
Ladakh - West District 4547,52880,987.7,44.1,27.7,Rice,108.8,384.35,18048.4,164.06,3988.3,63.8,104.3,54.6,0.0
Manipur - Urban District 4548,32605,847.3,37.0,33.9,Wheat,68.6,144.69,8427.1,76.67,3563.4,56.3,108.8,29.7,22.3
Sikkim - Valley District 4549,76830,1056.2,53.2,27.6,Rice,68.7,377.33,10481.3,173.29,2605.0,76.4,121.9,52.0,0.0
Maharashtra - Plains District 4550,58273,1235.8,68.5,27.9,Rice,83.4,417.72,11553.1,173.72,3244.5,59.5,114.6,53.3,0.0
Tamil Nadu - Rural District 4551,28737,933.4,69.7,26.6,Wheat,39.2,217.6,3704.2,72.53,2027.0,53.3,110.5,45.9,17.9
Uttar Pradesh - Central District 4552,110328,1058.8,52.6,24.2,Rice,226.5,1169.85,27540.0,592.98,9555.4,54.3,116.8,57.3,0.0
Uttar Pradesh - Urban District 4553,34203,1216.2,39.5,24.1,Maize,44.9,253.67,4445.9,115.53,933.7,74.7,107.2,83.4,19.5
Arunachal Pradesh - South District 4554,17753,1219.6,54.6,21.0,Rice,33.0,187.84,4946.6,74.66,1323.8,46.9,97.2,48.6,28.0
Rajasthan - Plains District 4555,33520,1596.1,70.1,27.4,Rice,40.3,360.52,4182.7,100.15,1390.3,36.6,93.5,45.0,21.2
Gujarat - Plains District 4556,18299,859.3,52.0,30.0,Wheat,30.0,118.13,3223.8,46.97,1402.8,59.5,111.9,59.0,40.7
Nagaland - West District 4557,16303,1403.1,77.7,24.9,Pulses,30.0,73.94,1096.8,21.67,880.7,42.7,120.0,59.9,26.6
Rajasthan - Hills District 4558,39429,1541.8,56.4,18.7,Wheat,73.2,505.59,7783.4,153.06,3794.4,47.6,116.0,32.4,8.8
Nagaland - Hills District 4559,63433,1331.3,58.6,16.6,Maize,89.4,740.18,10811.2,250.57,1802.9,42.2,111.5,52.0,4.7
Delhi - Rural District 4560,19023,1346.6,40.3,25.2,Pulses,35.5,69.26,1688.2,20.74,1003.8,53.1,119.9,49.0,24.4
Maharashtra - Delta District 4561,9398,1414.9,65.2,26.7,Wheat,30.0,192.65,3315.4,47.1,1587.8,54.8,96.6,65.2,51.3
Ladakh - Urban District 4562,7255,979.9,58.8,29.5,Rice,30.0,121.6,3723.7,43.41,1290.9,59.0,96.9,48.7,58.1
Meghalaya - Central District 4563,8255,2083.3,61.6,28.0,Wheat,30.0,241.02,3093.7,56.23,1408.0,27.2,104.4,45.3,16.1
Meghalaya - Hills District 4564,22952,1643.5,67.5,23.4,Pulses,30.0,49.26,1267.8,18.77,909.4,42.7,123.1,49.4,41.1
Goa - Valley District 4565,38583,1182.2,79.1,29.8,Maize,46.3,380.23,5136.3,110.89,976.1,72.7,112.8,80.2,21.3
Ladakh - Plains District 4566,115092,1093.9,47.8,30.8,Rice,185.8,1176.92,27502.3,376.15,7166.5,66.5,123.6,83.8,0.0
Madhya Pradesh - Valley District 4567,17748,1138.7,57.1,34.2,Maize,30.0,177.83,3926.9,90.95,628.6,56.2,103.2,30.3,41.2
Punjab - South District 4568,118885,1682.6,46.6,28.8,Wheat,211.0,1084.17,25955.8,310.35,10433.4,30.0,90.2,82.0,0.0
Haryana - Rural District 4569,33435,1327.2,38.4,27.0,Maize,72.9,498.75,8517.5,189.65,1428.0,47.2,88.2,44.1,16.3
Jharkhand - Rural District 4570,4195,906.7,41.4,27.9,Rice,30.0,87.35,4263.4,53.33,1126.3,61.1,103.1,50.4,33.0
Arunachal Pradesh - Coastal District 4571,8065,1277.7,66.6,28.2,Maize,30.0,209.11,3087.2,91.68,609.1,46.3,123.9,27.7,40.2
Karnataka - North District 4572,4262,1232.8,49.1,21.2,Rice,30.0,122.77,4358.3,67.3,1141.6,75.0,116.6,29.9,70.8
Odisha - North District 4573,16598,622.9,67.8,24.2,Rice,36.4,118.9,4446.3,62.46,1312.4,90.7,102.7,67.3,19.7
Nagaland - East District 4574,22570,947.2,88.5,23.3,Wheat,30.0,133.61,2388.8,47.96,1469.9,73.4,91.5,43.9,40.6
Rajasthan - Plateau District 4575,60368,1512.2,41.3,35.3,Maize,67.6,559.73,9008.0,212.13,1239.8,41.1,84.5,71.3,0.0
Odisha - Delta District 4576,95225,1144.7,51.2,21.1,Maize,218.2,1300.38,28772.7,586.27,4357.0,59.6,132.8,62.0,0.0
Nagaland - Coastal District 4577,28728,1553.5,75.2,23.8,Rice,30.0,212.3,3366.1,77.06,1150.5,31.8,104.3,37.4,6.7
Uttar Pradesh - North District 4578,32686,1247.8,49.0,20.4,Wheat,40.8,260.99,4417.0,88.9,1857.3,58.0,93.9,62.4,14.4
Kerala - Urban District 4579,29511,1379.1,100.0,28.7,Maize,74.8,748.92,6750.8,204.6,1565.9,44.6,109.0,51.7,31.1
Jharkhand - Valley District 4580,35383,867.1,35.9,28.2,Pulses,46.0,28.32,2348.4,28.94,1186.9,85.4,102.4,66.4,5.5
Telangana - Valley District 4581,10929,1190.8,53.8,23.3,Maize,30.0,219.37,4395.9,97.71,645.5,67.9,110.9,54.8,52.3
Jharkhand - Delta District 4582,60009,816.2,89.2,28.1,Rice,63.9,384.13,7287.8,141.69,2857.9,58.6,123.8,67.8,0.0
Andhra Pradesh - Plains District 4583,84756,1056.1,54.6,23.8,Wheat,81.0,373.85,9085.7,97.37,4027.7,62.9,94.3,52.1,0.0
Assam - Valley District 4584,53281,1077.4,39.1,22.4,Rice,45.0,254.59,7563.1,86.78,1825.3,57.9,113.0,54.6,2.1
Assam - Rural District 4585,83889,654.8,22.5,22.5,Wheat,137.2,545.72,17148.0,190.12,6922.6,69.0,106.9,87.8,0.0
Punjab - Plains District 4586,61534,908.5,49.3,32.3,Rice,44.3,210.09,5821.4,93.25,1741.0,58.8,115.5,44.9,11.1
Haryana - West District 4587,25170,669.6,34.7,33.9,Rice,30.0,91.04,4508.8,62.39,998.4,74.9,115.0,51.0,11.6
Ladakh - Urban District 4588,23475,1420.2,63.8,34.5,Wheat,32.9,168.08,3026.3,47.48,1617.2,62.7,111.9,60.5,17.0
Arunachal Pradesh - Central District 4589,6682,1355.7,70.8,26.3,Wheat,30.0,219.83,2748.5,48.14,1693.1,38.0,101.2,43.3,48.9
Tamil Nadu - Plateau District 4590,9180,1499.8,71.4,32.4,Maize,30.0,297.92,3445.5,108.08,624.8,52.0,100.7,46.5,53.9
Karnataka - Plateau District 4591,27013,945.4,68.0,27.5,Rice,32.8,149.19,3854.0,60.84,1293.9,65.3,117.8,38.4,30.2
Meghalaya - North District 4592,23317,1135.4,69.1,24.8,Wheat,34.3,208.9,3523.7,62.23,1789.8,57.7,115.1,52.3,37.5
Tripura - East District 4593,104852,1754.4,76.5,24.7,Rice,163.2,1540.92,17753.0,421.23,6434.9,26.8,102.5,56.5,0.0
Haryana - Delta District 4594,27213,1237.5,62.0,25.5,Rice,30.0,181.29,3638.8,63.02,1246.8,53.8,118.4,43.7,32.0
Telangana - Hills District 4595,33347,1246.5,59.2,24.2,Pulses,41.8,74.33,1809.6,22.57,1164.3,56.1,108.7,76.2,0.0
Uttar Pradesh - Delta District 4596,45887,1509.1,44.2,25.1,Rice,50.4,356.91,7274.8,114.82,2136.7,42.2,115.7,58.2,13.6
Manipur - East District 4597,54273,837.9,41.3,31.2,Wheat,98.3,299.51,12643.4,128.4,5090.8,71.4,110.0,55.0,0.0
Gujarat - Valley District 4598,8467,1687.7,50.5,27.1,Wheat,30.0,227.42,3301.1,55.72,1449.4,34.1,88.0,55.8,39.1
Punjab - Central District 4599,16612,1409.0,84.9,28.0,Maize,30.0,230.64,3015.1,86.34,614.6,47.8,92.2,35.8,32.6
Goa - North District 4600,37731,1032.2,52.3,28.4,Rice,59.7,330.37,8034.4,116.99,2513.0,72.9,100.8,61.2,7.4
Haryana - South District 4601,15695,1300.7,54.2,30.6,Rice,30.0,194.87,3239.2,63.51,1366.8,38.0,100.6,30.1,28.6
West Bengal - North District 4602,17557,1159.8,67.4,21.1,Wheat,30.0,151.46,3294.8,39.83,1406.7,55.6,93.0,47.7,52.7
Uttarakhand - South District 4603,15372,1393.3,59.1,30.3,Rice,30.0,217.18,3480.0,70.83,1120.0,61.1,84.9,56.4,16.8
Haryana - North District 4604,9232,999.9,8.0,24.1,Maize,30.0,87.75,4722.0,61.29,704.1,70.9,104.8,72.0,32.1
Jharkhand - Plateau District 4605,11921,1015.2,46.9,31.6,Wheat,30.0,118.39,3229.1,46.97,1623.3,70.0,103.4,64.9,37.2
Manipur - Coastal District 4606,19086,1147.3,79.1,22.4,Rice,30.0,199.78,3467.0,61.96,1114.0,50.6,106.3,32.1,53.3
Meghalaya - Plains District 4607,6543,1278.7,56.4,21.4,Rice,30.0,219.4,3426.9,68.97,1298.6,63.8,110.7,67.8,51.7
Bihar - Rural District 4608,89067,200.0,55.4,22.0,Maize,142.3,293.45,19563.7,285.76,2894.6,91.5,106.7,56.4,0.0
Assam - Delta District 4609,14099,1255.2,63.5,25.6,Pulses,30.0,16.24,1223.6,18.83,936.9,68.6,121.7,35.0,40.3
Chhattisgarh - West District 4610,46036,1197.9,70.7,26.2,Maize,99.2,692.43,10515.8,332.39,2094.2,62.4,102.3,53.3,0.2
Kerala - Central District 4611,24720,1363.6,72.2,20.8,Maize,30.0,238.67,3375.9,112.65,516.2,62.0,108.1,54.7,39.6
Ladakh - North District 4612,32818,1435.1,65.3,22.1,Rice,62.6,447.05,9121.6,171.42,2312.7,58.8,86.1,48.2,24.1
Uttarakhand - South District 4613,94282,995.2,28.7,21.6,Rice,140.7,634.19,22062.8,289.27,5422.0,68.5,102.7,70.7,0.0
Ladakh - Hills District 4614,26980,1488.7,63.6,25.4,Wheat,30.0,187.93,3099.8,51.56,1413.1,49.8,111.1,61.8,25.2
Madhya Pradesh - Coastal District 4615,17328,1261.4,39.8,32.1,Pulses,30.0,49.24,1392.0,19.54,974.4,57.5,89.0,65.2,45.6
Manipur - Urban District 4616,71308,1124.8,85.5,20.1,Rice,140.9,994.84,18042.9,319.42,5726.8,53.0,117.9,64.5,10.0
Tripura - Valley District 4617,40721,1112.3,61.9,28.4,Maize,99.6,675.97,11243.6,279.47,1875.9,63.0,99.8,84.4,24.8
West Bengal - Rural District 4618,24228,684.9,42.0,28.0,Rice,42.6,160.27,6216.3,75.39,1746.4,68.0,103.3,62.2,26.4
Assam - Plateau District 4619,10672,1067.8,27.7,26.1,Maize,30.0,166.55,3632.6,111.38,623.8,62.0,101.0,59.7,40.1
Tamil Nadu - Hills District 4620,55878,977.4,50.7,18.6,Wheat,96.1,426.04,10728.6,172.67,5395.2,57.9,113.6,63.9,0.0
Manipur - West District 4621,34404,803.5,54.3,29.8,Rice,65.0,318.35,7658.7,138.61,2807.6,81.7,96.4,49.0,27.5
Assam - Coastal District 4622,49191,1255.6,77.9,27.6,Pulses,61.4,114.22,2579.8,41.28,1962.5,44.4,103.3,71.1,8.0
Arunachal Pradesh - Plateau District 4623,42987,1408.0,38.4,29.2,Wheat,43.1,221.42,4702.2,79.1,1919.5,54.0,95.0,33.7,11.8
Jammu & Kashmir - Urban District 4624,16367,1191.7,94.8,31.5,Wheat,30.0,173.93,2612.3,46.65,1616.4,44.5,105.2,46.7,20.7
West Bengal - Plateau District 4625,24026,801.1,81.7,20.6,Rice,38.9,185.84,4097.8,73.67,1543.7,60.7,92.9,58.4,40.3
Kerala - Central District 4626,39408,1246.4,55.0,29.9,Pulses,71.5,245.96,3409.2,48.14,2143.3,47.7,103.4,73.3,14.2
Puducherry - East District 4627,136858,1535.5,59.9,14.1,Wheat,158.6,1050.83,18381.3,301.39,7837.2,50.4,126.4,79.8,0.0
Maharashtra - South District 4628,20562,677.1,61.6,23.9,Wheat,30.0,88.23,3100.2,35.72,1563.3,60.6,115.3,33.4,19.1
Manipur - South District 4629,36326,924.7,47.7,22.1,Wheat,61.8,259.12,7870.8,104.74,3046.5,89.8,114.7,63.6,29.9
Punjab - West District 4630,135605,610.7,78.5,31.7,Rice,205.7,1157.39,26293.1,344.87,8263.1,67.4,94.6,58.4,0.0
Punjab - Urban District 4631,38049,781.1,27.9,22.6,Rice,47.9,168.07,7705.7,81.68,1958.8,78.6,86.0,34.4,35.7
Andhra Pradesh - North District 4632,61004,636.3,60.2,23.1,Pulses,79.8,111.63,3878.8,54.88,2567.7,91.5,111.9,60.4,0.0
Manipur - North District 4633,67162,1032.2,51.1,34.8,Rice,78.9,485.7,10256.4,202.66,3038.6,47.9,111.4,63.4,1.6
Puducherry - Plains District 4634,20079,1623.4,52.3,25.3,Maize,30.0,245.83,3543.9,79.87,519.4,54.4,95.9,46.9,33.1
Tamil Nadu - Valley District 4635,9543,1082.7,49.4,22.5,Wheat,30.0,132.69,3520.2,53.26,1544.9,56.4,109.2,43.6,32.4
Himachal Pradesh - Plateau District 4636,78824,1662.0,53.7,29.9,Wheat,108.0,667.35,10304.6,187.27,5231.7,42.5,108.4,51.8,0.0
Kerala - West District 4637,40648,796.6,64.3,33.0,Pulses,67.0,13.4,2859.0,32.91,1881.0,64.5,109.5,48.7,0.0
Assam - West District 4638,8664,1061.0,52.5,34.9,Wheat,30.0,144.76,2865.1,36.45,1600.5,64.3,103.5,73.8,18.1
West Bengal - Urban District 4639,28394,1574.1,68.9,27.0,Wheat,39.1,289.54,3567.5,64.31,1893.9,44.4,102.1,59.5,15.3
Kerala - West District 4640,17187,1311.6,48.7,32.6,Wheat,30.0,167.5,3313.3,53.4,1465.5,68.9,102.8,30.2,20.0
Bihar - Hills District 4641,72284,425.7,40.2,27.2,Wheat,105.7,298.55,11676.8,126.92,5047.0,95.1,94.7,32.6,14.4
Bihar - Plains District 4642,40461,1012.2,47.0,28.9,Wheat,62.2,206.92,6388.9,73.31,3144.3,61.9,99.0,42.5,20.5
Tamil Nadu - Rural District 4643,28480,853.1,77.6,32.4,Wheat,48.4,236.14,4751.8,66.77,2198.7,54.5,101.7,58.7,25.5
Tripura - Rural District 4644,81142,651.1,35.6,29.9,Pulses,208.1,258.17,8898.5,123.36,6012.3,71.8,102.2,61.8,0.0
Chhattisgarh - Valley District 4645,27371,705.9,59.6,23.9,Maize,47.3,226.08,6927.6,142.2,973.8,78.9,102.2,48.2,35.6
Maharashtra - Urban District 4646,44200,1400.4,81.5,24.8,Maize,66.4,557.21,6473.7,238.98,1415.5,41.1,128.7,65.9,24.1
Manipur - Plateau District 4647,8669,1421.9,59.1,35.7,Maize,30.0,236.12,3597.2,114.26,610.7,55.3,109.4,43.7,40.6
Gujarat - Delta District 4648,38388,735.9,60.8,28.1,Wheat,31.0,103.96,2959.2,42.8,1527.0,76.5,101.7,42.6,0.0
Assam - Valley District 4649,42878,1346.2,58.0,28.8,Pulses,55.4,45.46,2238.7,32.28,1709.6,56.8,118.3,61.6,15.1
Nagaland - North District 4650,24830,1247.1,79.8,24.1,Pulses,30.0,28.19,1306.7,18.27,911.7,66.6,115.3,75.2,35.7
Himachal Pradesh - West District 4651,44911,679.5,72.7,25.3,Rice,107.1,299.13,11816.6,143.33,4648.5,74.2,109.2,17.9,6.8
Telangana - North District 4652,19515,1003.6,51.1,21.2,Rice,30.0,176.02,4244.9,73.14,1282.9,49.0,92.8,41.1,18.9
Punjab - Central District 4653,15948,1060.4,63.1,26.7,Rice,30.0,204.16,3870.6,65.88,1253.7,79.0,86.3,10.2,44.0
Jammu & Kashmir - Plateau District 4654,26864,897.5,99.6,29.8,Maize,39.2,297.49,3907.1,146.22,698.4,65.2,113.0,58.2,23.8
Manipur - Plains District 4655,47343,1083.7,61.1,30.2,Wheat,63.5,261.11,6698.1,81.48,3082.0,49.7,106.0,76.5,19.6
Meghalaya - Urban District 4656,20748,897.0,54.1,22.8,Rice,30.0,146.51,3641.5,60.42,1260.2,65.8,118.1,55.2,28.3
Assam - Valley District 4657,7825,390.6,38.0,26.4,Rice,30.0,36.49,4291.0,37.11,1233.6,96.8,108.6,54.8,25.7
Ladakh - Plateau District 4658,8550,954.4,35.6,23.5,Maize,30.0,166.68,3863.7,87.23,566.5,78.3,102.2,59.7,25.4
Bihar - Valley District 4659,52911,721.5,62.7,28.1,Rice,61.6,312.05,7962.8,111.6,2442.8,73.2,95.5,70.3,0.0
Manipur - South District 4660,34389,814.5,70.2,29.3,Wheat,68.8,370.87,5941.6,108.09,3399.4,65.4,117.9,57.2,27.6
Delhi - Central District 4661,27463,879.2,24.3,25.2,Maize,35.2,161.43,3985.6,73.11,726.8,69.0,121.2,45.9,11.7
Arunachal Pradesh - South District 4662,19380,872.9,76.7,28.1,Rice,30.6,144.86,4135.8,58.18,1247.1,62.2,115.6,52.0,30.0
Himachal Pradesh - Rural District 4663,27136,1445.1,61.5,31.5,Rice,62.1,503.71,8902.3,186.85,2426.5,45.0,95.4,58.7,5.2
Assam - Valley District 4664,30085,1206.7,55.0,29.1,Rice,47.7,236.6,7072.1,86.95,1876.4,58.1,93.9,58.8,13.9
Gujarat - Plains District 4665,11241,889.7,74.0,26.5,Pulses,30.0,24.61,1063.3,15.84,849.6,75.0,102.1,44.7,37.4
Haryana - Plateau District 4666,14300,1081.3,38.8,28.0,Wheat,30.0,99.23,3513.6,37.05,1519.8,82.2,108.5,54.1,44.0
Jammu & Kashmir - Valley District 4667,110176,1259.8,45.8,17.4,Rice,123.5,884.54,17135.7,262.81,5178.0,46.0,100.5,69.7,0.0
Uttarakhand - South District 4668,99325,981.3,75.6,34.9,Wheat,158.3,810.81,14044.3,215.83,7663.8,70.5,97.3,42.8,0.0
Rajasthan - Hills District 4669,103690,706.8,37.8,16.0,Wheat,136.2,370.69,12810.8,190.26,7234.3,81.9,123.0,71.5,0.0
Haryana - Plateau District 4670,52563,992.9,53.8,23.8,Wheat,40.4,209.98,4372.6,52.45,2202.1,66.3,108.7,39.5,0.0
Madhya Pradesh - South District 4671,3718,555.2,84.1,27.0,Rice,30.0,150.19,3168.7,53.67,1105.8,77.8,92.0,55.1,35.9
Kerala - Coastal District 4672,33338,1297.7,67.9,25.5,Pulses,30.0,67.33,1236.3,18.97,874.7,43.9,93.9,52.5,8.6
Goa - South District 4673,11163,1515.7,48.8,30.2,Rice,30.0,203.14,4482.8,60.85,1321.8,55.1,105.5,49.3,34.0
Uttarakhand - Central District 4674,29245,1106.9,54.3,20.7,Wheat,50.0,174.41,4930.8,65.15,2891.5,68.7,110.4,65.6,2.2
Manipur - Plains District 4675,42594,1311.4,42.9,27.8,Rice,73.3,452.16,10716.4,194.55,2921.2,38.8,115.9,45.6,36.7
Uttarakhand - Urban District 4676,24168,992.6,46.1,22.9,Maize,39.6,271.7,4638.8,129.82,838.9,48.4,114.7,29.7,15.5
Meghalaya - Urban District 4677,50075,1155.5,74.5,27.5,Wheat,42.4,118.79,3821.4,56.32,2104.1,54.8,116.7,48.2,1.9
Uttar Pradesh - Coastal District 4678,11144,1051.1,57.3,33.2,Rice,30.0,171.61,3826.9,55.31,1297.9,71.4,100.2,55.4,40.2
Odisha - Plateau District 4679,6590,1161.7,92.7,28.4,Wheat,30.0,156.69,2301.2,39.34,1407.9,62.4,103.5,33.2,51.4
Delhi - North District 4680,38666,521.0,32.1,29.6,Rice,30.0,77.02,4695.0,49.62,1262.6,81.7,100.1,48.1,26.2
Tripura - South District 4681,11173,497.3,69.7,28.9,Maize,30.0,132.66,3465.2,88.2,593.0,70.9,113.6,50.7,55.2
Jharkhand - East District 4682,20098,796.1,43.3,29.2,Wheat,30.0,157.97,3854.4,38.2,1309.6,65.8,91.4,56.2,38.2
Puducherry - Coastal District 4683,24333,1307.7,58.5,24.5,Wheat,36.4,259.86,4135.3,63.66,1773.1,38.0,107.2,28.0,26.7
Gujarat - Plains District 4684,29337,721.6,42.1,22.4,Wheat,42.9,83.8,4768.8,45.82,2292.7,71.0,109.6,42.2,18.1
West Bengal - Plains District 4685,22371,1487.6,47.4,27.6,Rice,32.2,192.44,4501.0,71.1,1109.0,44.3,106.1,43.7,29.7
Andhra Pradesh - Central District 4686,11506,1318.8,51.7,28.7,Wheat,30.0,147.22,3159.2,44.25,1450.6,46.4,97.8,52.9,24.3
Himachal Pradesh - Central District 4687,14565,1258.9,77.8,21.1,Maize,30.0,217.97,2793.6,109.25,632.2,64.1,87.1,40.9,34.2
Puducherry - West District 4688,13224,1252.6,56.2,32.0,Rice,30.0,212.16,3562.9,63.21,1169.0,43.5,95.4,63.8,35.9
Assam - West District 4689,17587,1073.0,73.3,28.1,Wheat,30.0,145.74,2989.5,50.87,1523.7,51.3,100.8,32.7,48.2
Bihar - South District 4690,58488,508.1,42.8,27.4,Wheat,84.4,229.32,8207.8,109.71,4164.9,100.0,101.7,47.9,4.2
Delhi - Valley District 4691,18461,944.9,35.3,28.4,Maize,30.0,143.6,4021.7,83.0,573.3,72.6,123.6,58.6,33.5
Kerala - Plateau District 4692,17543,1086.5,73.5,27.3,Rice,31.4,169.83,4050.7,71.52,1340.0,41.1,114.4,60.5,26.3
Meghalaya - North District 4693,33747,984.8,47.5,25.3,Wheat,83.7,297.04,8783.8,138.23,4596.2,65.7,98.2,65.7,14.3
Chhattisgarh - Valley District 4694,28190,620.0,53.7,20.5,Wheat,35.7,147.56,3277.1,50.89,1886.3,82.7,101.4,67.0,30.6
Punjab - Hills District 4695,145926,1731.4,71.2,24.0,Maize,196.3,1681.0,23084.3,671.0,3956.4,52.8,114.2,89.7,0.0
Sikkim - Coastal District 4696,44864,921.7,34.8,28.8,Rice,64.8,283.56,10115.2,123.25,2599.3,69.4,113.4,37.4,10.4
Ladakh - Urban District 4697,20277,1405.9,57.0,26.7,Rice,30.0,175.12,3533.6,64.35,1182.8,62.1,106.7,62.5,32.5
West Bengal - Valley District 4698,9249,958.1,60.8,28.3,Pulses,30.0,10.56,1316.8,16.93,922.1,60.0,108.0,54.4,39.3
Tripura - Rural District 4699,21179,1148.1,47.0,30.9,Wheat,41.1,185.5,4068.1,75.05,1826.5,58.1,108.2,61.0,19.5
Maharashtra - North District 4700,30258,841.7,56.5,28.2,Wheat,36.8,184.97,3430.9,46.53,1751.3,68.6,101.1,26.2,4.6
Goa - Valley District 4701,10138,865.8,86.9,18.9,Rice,30.0,135.51,3050.7,55.3,1215.3,72.9,118.3,65.4,30.8
Jammu & Kashmir - East District 4702,26983,532.4,63.6,25.6,Maize,53.6,195.14,5052.0,162.27,949.9,97.1,119.6,11.0,25.8
Arunachal Pradesh - Urban District 4703,11084,1187.9,36.9,24.5,Pulses,30.0,78.58,1597.4,23.22,927.0,60.8,109.3,60.8,31.5
Nagaland - South District 4704,32757,1690.6,35.8,23.2,Pulses,64.1,187.6,3012.8,38.59,1919.4,38.6,100.4,72.5,25.6
Andhra Pradesh - Central District 4705,95443,1951.9,34.9,18.1,Maize,134.2,1148.35,16343.5,426.11,2510.1,31.4,105.8,75.4,0.0
Maharashtra - Hills District 4706,59498,735.1,41.8,27.8,Rice,56.5,191.47,8379.0,92.32,2279.5,49.7,113.6,74.5,7.5
Tamil Nadu - East District 4707,135589,1100.1,29.8,26.9,Wheat,166.8,616.66,23269.9,224.48,7877.5,55.4,103.0,91.4,0.0
Delhi - Rural District 4708,24466,1167.3,48.0,27.4,Wheat,30.0,128.15,3376.4,32.67,1530.0,49.5,107.8,73.2,27.9
Manipur - Rural District 4709,9669,1228.9,28.5,20.7,Rice,30.0,126.98,4526.3,48.8,1251.3,57.7,93.9,46.9,41.0
Arunachal Pradesh - Urban District 4710,17930,1258.8,73.7,24.0,Rice,31.8,189.5,4162.0,72.7,1232.8,60.5,105.9,40.1,16.2
Ladakh - South District 4711,32156,905.7,58.4,26.3,Rice,72.5,296.6,9363.4,161.32,2796.6,88.1,97.0,57.6,34.6
Punjab - Rural District 4712,64480,915.3,63.3,30.9,Maize,160.9,1269.94,18779.7,578.09,3312.5,59.6,103.6,60.3,0.0
West Bengal - Delta District 4713,9828,823.8,60.1,30.8,Pulses,30.0,40.78,1200.6,20.82,891.9,84.3,118.3,48.8,32.1
Manipur - Urban District 4714,43509,1630.4,26.0,26.0,Rice,41.1,321.99,5882.9,86.99,1596.2,49.2,102.4,63.9,19.6
Maharashtra - Hills District 4715,22878,1171.8,23.8,22.9,Maize,36.4,230.05,4721.9,99.59,749.9,50.0,108.2,54.6,31.8
Tripura - Urban District 4716,93054,1713.7,75.6,31.7,Rice,181.7,1778.59,20515.0,535.19,6695.1,23.4,99.2,62.7,0.0
Tripura - Valley District 4717,40978,1505.4,75.1,25.0,Pulses,58.2,109.53,2371.5,50.23,1880.7,39.5,118.2,48.2,18.6
West Bengal - Hills District 4718,8913,200.0,85.8,28.0,Rice,30.0,113.09,3164.8,53.38,1318.8,90.7,110.6,50.2,43.7
Ladakh - Hills District 4719,17525,1391.4,37.3,17.7,Rice,30.0,153.13,4211.8,67.43,1307.2,56.0,99.4,37.2,32.9
Kerala - East District 4720,47120,1042.6,61.9,26.7,Rice,58.1,316.98,7163.1,101.38,2465.4,54.0,106.1,62.4,22.0
Nagaland - South District 4721,22439,657.2,60.5,31.2,Maize,41.8,143.71,4728.3,92.63,896.1,65.7,100.5,35.4,44.9
Punjab - South District 4722,24412,1010.3,80.2,28.9,Wheat,37.9,148.11,3665.2,53.36,1856.4,72.2,119.4,52.2,31.7
Andhra Pradesh - North District 4723,31135,1067.1,78.6,19.1,Rice,53.3,358.7,5780.0,114.74,2098.9,64.5,95.0,63.9,28.7
Gujarat - Central District 4724,41691,870.2,69.2,22.3,Wheat,36.8,184.25,3048.8,54.24,1791.3,60.1,119.8,30.9,24.8
Himachal Pradesh - Valley District 4725,5376,885.8,53.9,19.6,Wheat,30.0,131.75,2816.0,46.22,1552.4,76.7,111.3,70.9,22.8
Tripura - Central District 4726,22512,990.9,59.6,26.4,Rice,46.1,312.0,6492.7,131.04,1831.7,51.4,93.7,56.3,37.4
Ladakh - Rural District 4727,19661,1816.4,15.5,32.2,Wheat,38.3,264.08,5727.8,69.04,1867.1,37.7,96.3,64.1,26.7
Bihar - South District 4728,55818,1013.5,61.3,23.7,Wheat,80.9,411.97,8378.2,108.43,3850.7,73.8,94.5,54.8,3.2
Odisha - Plateau District 4729,62751,1052.7,48.7,26.7,Rice,74.5,365.78,11020.0,142.02,2954.6,55.0,110.5,50.5,12.6
Goa - North District 4730,17996,972.5,83.5,27.3,Pulses,30.0,74.07,1069.0,16.87,907.7,60.5,99.6,64.6,41.4
Punjab - Urban District 4731,14422,1112.3,58.4,16.8,Pulses,30.0,70.23,1405.8,19.66,912.0,80.6,115.5,57.9,25.1
Telangana - North District 4732,14754,954.0,63.8,28.1,Rice,30.0,192.12,3371.6,62.32,1280.4,60.9,108.5,29.4,58.4
Andhra Pradesh - Rural District 4733,103755,1090.5,59.8,25.0,Maize,113.1,625.23,13473.2,281.24,2115.8,57.7,108.2,77.4,0.0
Maharashtra - Valley District 4734,111283,1027.1,42.9,26.6,Wheat,191.0,1040.18,20795.1,284.99,7967.1,51.1,96.9,69.3,0.0
Nagaland - Hills District 4735,22061,769.1,100.0,20.4,Wheat,46.2,202.94,3356.8,56.28,2356.6,57.8,117.4,57.8,46.0
Meghalaya - Urban District 4736,15945,1174.9,53.0,24.6,Rice,30.0,157.08,4184.4,64.57,1253.5,62.7,97.4,60.9,37.8
Manipur - East District 4737,20700,1232.7,48.9,36.8,Maize,40.1,275.93,5670.7,115.28,825.4,58.3,102.1,47.5,12.5
Andhra Pradesh - East District 4738,19623,1426.9,62.7,25.6,Pulses,30.0,121.82,1205.6,25.18,890.3,61.1,105.2,28.0,32.2
Karnataka - South District 4739,60035,1515.4,48.5,24.7,Rice,97.6,748.21,12149.3,238.24,4340.5,54.0,105.9,53.5,0.0
Arunachal Pradesh - Urban District 4740,21814,1276.5,86.4,25.9,Rice,30.0,191.83,3485.3,45.84,1320.0,63.7,108.9,32.0,11.6
Uttar Pradesh - Urban District 4741,59201,1149.0,68.4,24.5,Rice,96.3,448.53,12546.2,233.02,4046.6,66.0,115.4,54.2,5.4
Tamil Nadu - Delta District 4742,10744,1517.2,52.9,29.9,Wheat,30.0,159.5,2967.9,46.04,1405.1,53.5,105.3,8.9,29.3
Assam - West District 4743,27562,621.6,50.9,23.4,Maize,47.8,200.24,6412.0,131.5,1067.2,88.7,118.5,33.6,21.1
Delhi - Plateau District 4744,35857,1016.2,36.2,21.3,Wheat,74.8,411.93,9241.2,137.04,3708.6,55.7,98.2,52.5,21.9
West Bengal - Coastal District 4745,8705,853.5,52.7,20.3,Rice,30.0,166.84,4452.8,62.18,1195.7,62.8,98.6,58.0,38.7
Ladakh - East District 4746,11218,1173.1,55.9,27.6,Rice,30.0,139.84,3420.1,61.02,1112.8,58.6,102.9,45.9,22.8
Jammu & Kashmir - East District 4747,27555,2228.4,54.4,24.2,Maize,30.0,334.78,3573.0,97.95,584.4,29.5,101.7,70.6,32.8
Jammu & Kashmir - North District 4748,77084,710.1,52.5,32.9,Maize,130.1,578.05,14948.4,340.53,2554.0,92.0,110.7,57.6,0.0
Uttar Pradesh - West District 4749,26047,1272.6,50.4,23.3,Maize,30.0,186.01,3167.1,85.0,645.9,52.4,98.1,56.1,17.5
Manipur - Rural District 4750,151415,1171.4,59.5,26.0,Maize,297.3,2285.62,31393.9,864.93,6694.7,48.4,110.7,56.6,0.0
Nagaland - Delta District 4751,55421,988.1,39.9,31.1,Rice,98.8,508.99,15001.9,188.12,4167.2,61.8,107.2,49.2,0.3
Telangana - North District 4752,15001,1027.7,55.4,23.1,Maize,30.0,184.42,4148.1,82.01,672.4,50.5,112.7,32.6,42.2
Maharashtra - Urban District 4753,9759,1172.3,98.3,29.6,Maize,30.0,227.74,2464.0,94.21,590.7,71.4,98.5,56.4,28.4
Delhi - North District 4754,19822,1263.1,66.6,25.1,Rice,30.0,154.71,4471.1,58.45,1134.9,55.6,112.8,51.0,38.2
Odisha - West District 4755,19682,1003.3,73.9,31.8,Rice,30.0,176.41,4491.0,70.02,1254.2,63.3,100.2,58.3,36.6
Ladakh - Coastal District 4756,37055,810.9,24.5,28.2,Wheat,32.5,148.61,3776.8,63.18,1610.3,77.9,105.7,52.8,9.5
Madhya Pradesh - Coastal District 4757,24563,1251.7,36.0,18.4,Maize,38.0,207.25,4781.8,100.5,750.9,39.5,89.8,44.7,48.7
Puducherry - Delta District 4758,31914,980.6,67.1,26.3,Rice,42.1,249.57,5707.1,92.18,1819.9,69.4,117.0,35.7,10.1
Jammu & Kashmir - Central District 4759,14685,1172.9,59.2,29.1,Maize,31.8,237.43,4281.9,99.33,635.0,64.6,114.0,39.7,20.1
Odisha - Plateau District 4760,138713,1132.1,61.9,23.1,Rice,118.7,783.08,15267.1,269.42,4281.2,64.8,111.3,90.0,0.0
Tripura - South District 4761,98965,531.7,69.8,29.3,Maize,126.6,532.54,13424.4,321.98,2663.8,76.4,100.4,57.2,0.0
West Bengal - South District 4762,8793,746.3,43.5,27.7,Pulses,30.0,34.61,1648.0,19.48,946.3,69.1,101.5,37.0,28.9
Rajasthan - Plateau District 4763,45084,1589.6,53.4,29.4,Rice,61.5,500.04,8284.8,167.76,2442.6,45.7,98.3,54.0,14.6
Sikkim - Urban District 4764,53539,1245.5,47.8,31.1,Rice,56.5,347.64,7223.1,121.2,2122.4,58.5,109.1,59.5,10.5
Bihar - Rural District 4765,8354,1451.9,30.6,28.8,Rice,30.0,199.63,4651.8,78.95,1353.9,40.7,111.9,46.0,34.0
West Bengal - Delta District 4766,14412,1184.8,44.4,28.2,Maize,30.0,187.65,3608.6,89.12,609.4,43.1,113.7,37.3,36.6
Nagaland - Plateau District 4767,57401,1063.8,77.2,24.9,Maize,64.5,460.78,5756.8,164.6,1187.2,53.9,118.8,47.5,17.7
West Bengal - Valley District 4768,50041,1215.0,35.8,30.7,Rice,53.3,325.71,7540.2,109.06,2030.3,43.8,99.2,38.0,0.2
Odisha - West District 4769,29803,1298.5,35.6,24.1,Maize,53.4,345.0,7811.5,121.04,1136.0,34.6,105.9,38.2,29.0
Ladakh - West District 4770,15090,1124.7,100.0,31.2,Maize,30.0,231.08,2684.8,90.74,570.2,62.2,117.8,49.3,30.4
Rajasthan - Valley District 4771,9220,1407.4,48.7,31.6,Rice,30.0,219.17,4643.6,78.75,1200.1,44.5,109.2,58.4,48.9
Nagaland - Valley District 4772,33860,1393.8,44.2,27.8,Maize,43.6,296.23,5536.1,137.31,901.4,46.7,119.1,32.0,6.3
Punjab - Delta District 4773,16801,1250.1,45.6,27.7,Wheat,30.0,147.62,3603.8,33.21,1446.0,60.5,108.4,29.9,36.0
Ladakh - North District 4774,15758,537.3,54.2,23.1,Maize,30.0,89.01,3813.6,61.16,587.2,73.5,95.5,37.4,60.0
Ladakh - East District 4775,29050,1031.7,69.8,26.6,Rice,50.1,297.62,5584.5,131.27,1737.5,80.1,107.6,62.0,26.9
Tripura - Hills District 4776,32009,985.1,46.5,30.9,Wheat,30.0,165.56,3733.4,46.38,1536.9,70.1,122.9,49.7,28.6
Gujarat - Plains District 4777,34564,1367.1,38.1,28.6,Rice,44.3,279.28,6134.4,103.0,1745.8,40.3,103.7,29.7,29.6
Andhra Pradesh - Coastal District 4778,11201,698.0,46.3,22.8,Wheat,30.0,113.01,3183.3,41.69,1466.4,69.7,95.3,45.5,28.0
Odisha - South District 4779,16477,894.5,62.4,28.1,Maize,35.6,175.76,4394.7,113.74,660.6,79.0,109.2,53.9,48.6
Sikkim - Rural District 4780,91165,325.7,76.2,31.4,Rice,45.3,98.36,4481.1,81.83,1813.5,93.6,108.7,55.2,0.0
Tripura - Delta District 4781,8446,541.8,53.3,30.0,Rice,30.0,115.71,4187.0,56.42,1131.0,81.0,104.3,56.1,30.0
Tripura - Rural District 4782,34559,1489.3,70.4,27.5,Wheat,30.9,222.06,3305.7,54.79,1629.8,36.9,120.3,48.9,3.5
Manipur - Urban District 4783,10420,861.9,55.2,27.8,Maize,30.0,153.08,3755.4,100.31,571.5,56.4,106.0,29.9,27.6
Jharkhand - Plains District 4784,16839,801.7,80.1,23.0,Rice,30.0,143.91,3398.6,49.58,1288.5,81.2,115.0,40.0,24.0
Rajasthan - Central District 4785,17392,1095.8,39.8,27.0,Rice,30.0,164.0,5005.1,64.17,1133.3,58.8,117.5,44.8,29.4
Delhi - Valley District 4786,12580,642.0,28.3,29.5,Pulses,30.0,28.4,1605.9,14.97,910.1,78.0,87.9,41.4,55.4
Madhya Pradesh - Delta District 4787,17319,1012.4,42.2,27.2,Rice,30.0,156.8,3596.6,63.85,1093.9,61.9,117.3,68.5,48.9
Tripura - South District 4788,46817,977.7,29.8,28.4,Pulses,63.4,88.03,2992.6,44.93,1805.8,59.6,101.2,45.8,2.9
Manipur - Delta District 4789,9895,914.2,83.0,26.1,Wheat,30.0,116.46,2965.5,42.58,1628.3,67.5,104.6,32.9,56.9
Maharashtra - Urban District 4790,44560,1154.9,64.4,23.9,Wheat,62.3,249.01,6441.8,63.48,3372.8,82.7,104.6,57.5,10.3
Bihar - Hills District 4791,7371,1341.9,45.8,30.3,Pulses,30.0,70.11,1323.6,18.65,863.6,44.2,99.0,51.1,51.6
Karnataka - East District 4792,33184,970.9,59.8,26.0,Maize,30.2,149.15,3720.7,78.32,601.0,74.6,113.1,50.5,33.7
Puducherry - Hills District 4793,20906,1397.0,51.5,20.8,Maize,30.0,211.03,3412.5,103.23,592.4,45.0,84.3,51.4,52.5
Tripura - Hills District 4794,52862,835.1,41.4,21.2,Pulses,63.3,117.74,3049.5,34.41,1943.6,79.9,90.0,63.1,2.8
Chhattisgarh - Rural District 4795,80892,1340.5,77.7,28.3,Maize,159.1,1391.24,16061.9,594.63,3355.1,44.0,111.6,52.0,0.0
Odisha - Coastal District 4796,64911,1190.9,62.9,27.4,Wheat,118.6,419.2,11846.7,152.04,5582.4,79.5,112.6,63.2,0.0
Tamil Nadu - Valley District 4797,13400,1417.5,62.8,27.4,Maize,30.0,231.89,3533.7,114.03,568.9,48.0,90.2,56.7,51.0
Meghalaya - Rural District 4798,10428,1482.3,76.1,21.2,Wheat,30.0,213.69,2894.7,40.27,1319.2,49.1,101.1,43.8,34.6
Karnataka - Coastal District 4799,6150,837.9,63.8,24.8,Maize,30.0,172.56,3333.5,102.62,634.3,56.2,105.6,59.5,54.6
Meghalaya - Rural District 4800,37124,1427.7,55.3,29.1,Pulses,65.2,180.57,2534.4,44.72,1932.4,29.0,100.1,44.4,20.9
Meghalaya - Delta District 4801,15071,793.2,63.6,24.5,Rice,30.0,182.43,3707.5,75.44,1296.9,56.4,100.1,31.5,44.9
Kerala - Plains District 4802,16002,956.8,80.3,26.0,Maize,30.0,230.86,3441.7,104.43,568.0,59.9,100.1,58.2,45.2
Manipur - Valley District 4803,14887,564.7,56.5,23.4,Maize,30.0,114.23,4144.1,69.39,577.9,100.0,110.7,55.0,46.7
Chhattisgarh - North District 4804,59294,1394.8,31.8,25.7,Maize,128.2,869.63,14659.5,410.24,2501.5,48.7,115.6,73.8,4.8
Kerala - Rural District 4805,6682,863.8,69.4,27.0,Rice,30.0,147.95,3846.5,66.82,1250.0,65.3,91.7,38.2,52.6
Kerala - East District 4806,15955,839.6,58.8,20.5,Rice,30.0,104.48,4185.3,52.78,1310.0,68.2,119.7,73.3,25.1
Odisha - Urban District 4807,59850,1373.2,50.9,27.8,Rice,153.2,1037.23,19747.4,354.73,5605.5,59.3,110.1,58.3,12.2
Chhattisgarh - Central District 4808,53713,1673.9,63.4,24.9,Maize,109.0,846.75,11611.3,365.15,2273.8,33.2,114.8,63.7,0.0
Odisha - Valley District 4809,27054,1257.0,65.6,25.3,Maize,30.0,220.37,3955.4,100.21,637.2,46.1,111.5,55.6,17.1
Telangana - Urban District 4810,3767,809.5,83.9,30.5,Pulses,30.0,84.2,1057.6,23.52,879.7,79.6,116.9,34.5,58.2
Telangana - West District 4811,26747,744.4,65.0,29.9,Rice,38.9,160.49,4400.3,61.44,1656.8,69.0,106.5,38.3,29.7
Arunachal Pradesh - Hills District 4812,7346,711.0,61.6,24.0,Wheat,30.0,119.6,3547.9,42.57,1576.9,71.1,103.1,56.0,47.0
Manipur - Central District 4813,19422,1431.2,57.3,24.8,Maize,30.0,239.77,3468.7,82.35,596.0,34.3,104.7,43.4,32.0
Arunachal Pradesh - Valley District 4814,37155,1502.4,74.0,25.3,Maize,81.9,673.95,8710.7,246.93,1589.2,48.6,117.0,43.4,20.3
Chhattisgarh - Plateau District 4815,11084,550.7,66.4,27.7,Rice,30.0,88.59,4020.8,62.57,1208.5,89.4,107.0,53.1,25.9
Tamil Nadu - Coastal District 4816,26483,647.7,67.6,23.3,Wheat,50.0,218.05,4601.2,92.03,2499.3,85.0,105.3,50.7,44.6
Assam - East District 4817,14247,1047.1,69.5,25.6,Rice,30.0,195.13,3276.2,55.89,1167.0,64.2,107.4,47.2,29.6
Madhya Pradesh - West District 4818,14660,1143.7,44.6,24.4,Wheat,30.0,191.85,3212.7,48.14,1518.5,62.0,96.8,57.1,43.1
Puducherry - East District 4819,8870,1605.4,55.4,34.3,Maize,30.0,260.14,3535.3,84.83,609.3,42.8,89.2,68.3,40.3
Sikkim - North District 4820,21731,1090.9,73.1,24.6,Rice,31.4,225.83,3795.3,82.74,1216.7,64.0,109.9,37.9,21.5
Haryana - West District 4821,46831,1467.8,44.7,31.2,Wheat,86.2,419.51,9482.6,110.22,4092.4,54.8,102.0,64.0,0.0
Puducherry - Hills District 4822,21263,1477.7,78.8,17.9,Wheat,37.0,248.0,3115.9,66.58,1781.0,45.9,112.0,47.7,44.6
Delhi - Valley District 4823,17157,1268.9,49.2,28.6,Rice,30.0,200.54,3459.0,74.61,1266.0,43.4,103.1,45.1,36.4
Tamil Nadu - West District 4824,26242,827.9,51.4,25.8,Rice,45.9,203.49,6714.1,102.57,1855.1,69.5,106.6,65.8,17.2
Gujarat - Delta District 4825,31964,1293.5,57.5,29.4,Maize,44.9,356.55,5431.9,146.68,874.3,55.2,98.4,58.7,13.8
Haryana - Coastal District 4826,38614,653.6,57.4,21.7,Maize,40.8,113.47,4994.9,98.24,815.5,85.3,105.7,63.7,26.4
West Bengal - Hills District 4827,75755,1600.3,52.7,24.3,Rice,91.2,615.45,13386.4,212.31,3861.3,42.5,119.7,37.7,0.0
Delhi - East District 4828,48814,1207.4,35.1,22.1,Maize,45.2,309.77,5054.3,118.88,911.2,51.3,120.3,66.1,1.9
Haryana - Urban District 4829,10251,838.1,69.3,25.6,Rice,30.0,85.94,3431.8,55.15,1301.0,72.1,105.9,57.5,52.5
Meghalaya - Central District 4830,24530,1368.0,75.1,25.3,Rice,30.0,249.21,3939.1,77.66,1187.0,60.7,108.9,62.8,33.0
Tripura - Plateau District 4831,3269,838.8,64.5,24.6,Rice,30.0,166.04,3734.4,73.58,1119.3,56.3,93.8,55.7,29.4
Arunachal Pradesh - Plains District 4832,37568,872.1,46.6,18.6,Maize,45.5,199.58,5835.7,119.79,894.5,74.1,107.3,51.7,12.3
Kerala - Delta District 4833,36090,1201.8,55.0,36.0,Rice,60.5,361.54,7982.2,151.96,2455.5,54.3,105.5,38.8,20.3
Tripura - Plains District 4834,69293,1576.8,89.2,29.7,Wheat,129.9,742.77,11956.1,227.97,6678.3,28.5,120.1,51.2,0.0
Jharkhand - Plains District 4835,54272,1062.4,72.7,19.9,Rice,119.5,923.75,13223.2,309.09,5215.0,49.4,116.7,34.4,0.0
Odisha - South District 4836,15021,1346.2,67.3,18.6,Maize,34.2,235.9,3410.6,105.06,661.3,36.4,110.7,32.1,50.0
Arunachal Pradesh - Delta District 4837,42794,1657.3,80.8,25.5,Wheat,63.0,530.12,5436.5,112.19,3335.5,36.5,118.0,69.3,9.5
Haryana - Delta District 4838,36095,1432.5,39.3,23.3,Wheat,35.9,215.3,4636.4,45.41,1920.8,50.3,98.1,45.9,0.0
Karnataka - Hills District 4839,33167,1088.8,58.3,32.3,Maize,45.7,273.27,4984.7,135.93,989.5,49.0,116.0,45.3,12.6
Sikkim - West District 4840,15090,923.0,69.2,26.0,Maize,30.0,182.07,3340.7,88.07,682.0,56.6,106.9,46.5,44.1
Punjab - Urban District 4841,10693,1129.9,85.6,28.3,Rice,30.0,194.36,3479.2,70.31,1158.1,47.4,107.4,27.4,28.4
Uttar Pradesh - Plateau District 4842,116776,963.2,38.3,28.9,Maize,206.4,1167.89,27974.6,533.59,3834.4,56.0,104.6,61.1,0.0
West Bengal - Plains District 4843,46377,763.9,75.0,28.4,Wheat,65.9,156.24,5470.0,73.14,2943.0,77.8,97.9,58.3,7.5
Karnataka - Plains District 4844,33555,595.1,82.1,25.4,Maize,52.8,255.86,6206.2,133.7,1101.6,81.1,87.4,39.4,0.0
Haryana - Urban District 4845,126088,1100.2,20.2,34.1,Wheat,194.7,790.63,24072.5,336.49,10271.3,64.1,112.3,68.6,0.0
Uttar Pradesh - West District 4846,22774,1107.3,48.3,19.6,Wheat,34.4,174.73,3517.4,55.29,1617.1,63.0,112.9,36.8,5.3
Gujarat - Coastal District 4847,8687,1144.6,87.0,22.7,Rice,30.0,191.47,3304.2,62.53,1183.5,70.8,99.9,37.0,27.3
Kerala - Valley District 4848,13160,1299.2,74.8,24.2,Maize,30.0,164.84,3115.4,94.55,536.6,44.8,124.5,42.7,43.0
Andhra Pradesh - East District 4849,46347,200.0,60.9,30.2,Rice,80.9,172.27,10467.3,120.12,3092.5,81.7,102.8,49.5,0.0
Jammu & Kashmir - East District 4850,40182,963.1,81.2,23.9,Rice,62.7,263.03,6209.3,123.75,2242.5,66.0,110.6,46.3,0.0
Telangana - Central District 4851,51435,1325.6,77.2,23.8,Rice,52.5,379.3,6198.3,126.5,2108.2,42.0,101.6,53.6,26.2
Jharkhand - East District 4852,26878,761.7,43.0,21.3,Rice,41.8,120.36,6510.7,61.01,1441.3,59.2,120.8,34.2,8.6
West Bengal - Hills District 4853,18545,1038.5,54.5,28.1,Wheat,32.7,92.7,3943.7,44.36,1726.9,58.0,95.5,55.5,13.0
Nagaland - South District 4854,6389,780.6,71.9,29.5,Rice,30.0,203.81,3528.7,57.75,1194.3,88.9,112.5,57.0,20.3
Tamil Nadu - Valley District 4855,37023,1164.0,49.3,27.3,Rice,63.3,371.14,7314.4,136.42,2578.4,66.5,107.1,67.8,1.6
Madhya Pradesh - Rural District 4856,29037,1018.0,50.0,24.7,Maize,49.8,344.95,5299.3,164.97,936.2,62.7,96.0,62.0,41.6
Gujarat - Central District 4857,18328,1436.0,48.7,19.8,Wheat,30.0,180.08,2835.9,38.27,1353.5,63.6,90.6,42.4,48.9
Arunachal Pradesh - Plains District 4858,31166,934.1,53.5,26.0,Pulses,48.1,62.57,1818.5,26.59,1516.2,71.1,100.3,68.4,33.4
Assam - Delta District 4859,71206,855.5,69.5,27.5,Wheat,81.2,402.36,6868.1,116.66,3882.5,81.6,101.9,43.6,4.3
Himachal Pradesh - Plateau District 4860,55673,1326.4,72.3,28.5,Maize,78.6,537.6,7815.4,174.39,1506.9,59.3,115.5,60.4,0.0
Uttar Pradesh - Hills District 4861,29451,1267.0,32.0,22.0,Maize,58.9,483.13,8329.1,180.44,1101.1,68.7,117.1,36.9,24.9
Rajasthan - Plains District 4862,19455,1153.6,60.2,27.6,Wheat,33.1,213.13,3495.7,51.12,1578.5,64.4,99.0,59.8,33.5
Madhya Pradesh - Central District 4863,23224,1100.2,47.3,23.6,Rice,32.3,198.23,4647.6,80.3,1213.3,74.2,113.4,58.8,33.0
Sikkim - East District 4864,31903,1267.0,56.5,26.4,Wheat,40.3,185.02,3910.6,59.26,1876.1,50.7,115.8,38.7,31.5
Uttarakhand - West District 4865,15988,592.7,52.2,32.6,Rice,36.6,115.78,4519.5,60.1,1625.0,83.4,112.3,30.7,33.8
Tripura - Hills District 4866,15683,1304.5,43.5,28.1,Wheat,30.0,168.7,2750.4,55.65,1532.1,52.0,77.1,22.4,24.6
Puducherry - Valley District 4867,21913,389.0,52.3,25.3,Maize,30.0,71.58,4117.8,63.82,652.4,83.4,113.1,37.3,37.9
Telangana - Hills District 4868,3266,1077.3,43.4,23.4,Rice,30.0,137.1,4490.3,52.54,1199.3,68.7,109.6,17.4,29.6
Haryana - Hills District 4869,39134,586.1,28.2,24.2,Wheat,46.7,52.61,6596.1,47.08,2217.3,72.1,93.1,56.1,16.3
Gujarat - Delta District 4870,8609,1460.0,63.3,29.4,Maize,30.0,249.42,3531.6,99.22,643.0,54.1,97.1,49.4,47.4
Delhi - North District 4871,11541,1307.1,76.0,32.7,Wheat,30.0,161.69,3029.2,36.3,1349.8,65.6,102.7,37.7,17.4
Gujarat - East District 4872,22960,673.6,39.7,25.7,Rice,36.3,150.83,3786.8,80.71,1530.4,96.4,116.8,51.3,31.4
Telangana - Rural District 4873,13440,1189.8,100.0,33.0,Wheat,30.0,164.95,2073.6,53.81,1469.0,67.9,124.9,62.9,42.0
Haryana - Plateau District 4874,8504,1566.5,77.4,28.2,Wheat,30.0,224.89,2936.7,52.72,1500.8,33.3,117.7,43.2,37.7
Madhya Pradesh - Rural District 4875,22276,1331.0,27.1,25.9,Maize,30.0,152.18,4496.4,61.42,572.4,45.8,110.3,48.2,18.9
Manipur - Urban District 4876,15570,787.5,75.0,29.6,Wheat,30.0,92.57,2778.2,37.31,1493.9,56.5,96.6,36.5,40.1
Maharashtra - Hills District 4877,61757,1331.0,45.4,29.9,Wheat,55.7,300.24,6428.2,79.44,2613.0,50.1,107.8,63.6,21.2
Uttarakhand - West District 4878,11263,1006.3,65.6,31.1,Maize,30.0,153.15,3677.3,63.16,563.2,70.9,108.7,38.8,29.6
Gujarat - Coastal District 4879,158815,811.4,62.3,25.6,Maize,297.1,1632.62,34383.0,740.74,5976.2,68.4,119.6,77.9,0.0
Ladakh - Hills District 4880,12416,1377.0,50.0,23.2,Wheat,30.0,138.56,3424.0,51.86,1464.2,54.7,105.5,56.5,49.1
Jharkhand - Plateau District 4881,20421,1170.4,63.4,33.8,Maize,30.0,184.33,3666.1,80.51,664.6,80.0,101.8,60.1,16.3
Manipur - North District 4882,91594,859.5,46.6,24.3,Wheat,99.4,420.5,10425.0,186.46,5254.3,65.2,112.5,71.0,0.0
Manipur - Coastal District 4883,6551,545.7,81.7,31.0,Rice,30.0,112.26,3483.0,59.82,1219.3,79.2,101.7,47.8,44.0
Goa - East District 4884,20292,491.4,36.4,22.6,Rice,30.0,85.36,4553.5,58.69,1110.0,97.6,103.9,44.7,46.2
Jammu & Kashmir - Delta District 4885,21555,921.3,62.9,28.3,Wheat,34.7,110.09,3751.4,44.12,1667.8,76.7,119.0,26.1,19.5
West Bengal - Hills District 4886,23088,736.5,62.4,23.8,Maize,49.0,221.5,5964.1,119.11,909.8,79.2,110.5,76.2,41.1
Sikkim - Plateau District 4887,21011,1032.7,42.4,23.9,Maize,31.7,154.49,4013.5,86.07,624.7,62.2,117.1,54.9,35.3
Arunachal Pradesh - Coastal District 4888,12781,895.9,56.9,31.4,Rice,30.0,176.22,4627.0,68.39,1102.8,57.9,103.9,50.2,26.3
Ladakh - Delta District 4889,42042,1584.1,49.0,29.5,Maize,60.1,497.05,6984.7,213.72,1367.2,60.2,128.5,48.7,0.0
Uttarakhand - Urban District 4890,83138,1206.8,35.7,26.7,Wheat,76.3,304.99,9611.5,91.33,3797.5,57.5,98.9,82.0,0.0
Kerala - Hills District 4891,39981,900.1,76.7,26.3,Maize,64.8,386.41,6699.6,172.5,1070.8,78.3,107.6,55.2,12.4
Andhra Pradesh - Delta District 4892,8036,541.8,36.3,17.6,Wheat,30.0,56.51,3909.2,36.46,1401.4,77.2,95.7,34.3,63.7
Ladakh - East District 4893,36323,1344.0,50.9,25.5,Maize,53.3,373.03,6270.1,125.9,1067.1,53.9,111.2,57.5,9.4
Haryana - North District 4894,36020,1179.6,47.1,22.0,Wheat,40.6,152.63,4172.3,55.29,2042.6,50.0,100.4,44.3,11.0
Arunachal Pradesh - South District 4895,33679,977.6,75.0,28.1,Maize,39.4,228.24,3866.4,85.88,667.2,80.6,116.5,45.3,22.0
Nagaland - Coastal District 4896,21749,970.1,62.9,29.4,Wheat,35.8,137.82,3591.9,55.83,2037.8,67.2,99.0,37.5,46.2
Tripura - Hills District 4897,20011,1252.9,63.0,28.5,Wheat,34.1,173.03,2954.3,47.45,1668.0,45.7,101.2,35.3,44.6
West Bengal - Plains District 4898,24221,1614.8,44.4,33.2,Maize,30.0,252.6,3686.8,90.62,606.2,44.7,86.6,52.6,33.5
Arunachal Pradesh - West District 4899,17532,1447.8,52.9,28.5,Rice,30.0,223.69,4240.8,67.74,1115.6,30.6,117.0,30.4,50.3
Kerala - Urban District 4900,15943,1683.4,52.0,25.1,Maize,35.2,288.37,4011.5,136.46,776.4,59.2,95.9,64.4,42.6
Karnataka - North District 4901,18824,1744.3,57.5,29.0,Maize,30.5,289.4,3271.3,99.18,572.6,41.8,100.9,27.1,46.4
Puducherry - Valley District 4902,45713,1170.9,39.9,24.1,Rice,54.9,389.08,8026.6,152.36,2216.2,63.4,100.0,48.7,18.2
Tamil Nadu - Coastal District 4903,95917,1014.6,42.1,28.9,Maize,109.8,419.35,14815.3,240.97,2237.0,64.8,109.3,68.6,0.0
Meghalaya - Plains District 4904,57075,985.5,45.0,22.1,Maize,130.2,785.35,17030.6,318.3,2501.8,53.7,108.2,64.0,0.0
Chhattisgarh - Plateau District 4905,47028,1250.4,85.0,22.6,Rice,91.0,520.69,10498.9,167.79,3591.1,40.4,119.7,60.0,0.3
West Bengal - Rural District 4906,18616,913.6,47.7,27.0,Rice,30.0,162.34,4166.7,67.44,1215.0,82.5,102.1,41.9,16.4
Jharkhand - South District 4907,41294,756.4,50.1,25.1,Rice,65.4,182.74,10534.9,136.35,2927.4,81.0,115.1,51.5,27.4
Rajasthan - Rural District 4908,35181,1232.2,55.6,30.1,Rice,49.0,369.4,6460.5,107.14,1870.6,72.9,120.0,44.7,4.9
Haryana - Urban District 4909,35219,1028.8,61.6,25.1,Maize,51.8,355.72,5810.2,152.08,996.1,78.1,109.7,57.3,23.7
Arunachal Pradesh - Rural District 4910,19673,1924.5,49.7,29.3,Maize,30.0,265.82,3809.4,91.59,610.0,34.7,107.3,89.6,24.9
Himachal Pradesh - Urban District 4911,6539,563.5,35.6,20.7,Maize,30.0,123.72,4288.4,72.87,582.2,59.1,85.5,53.2,31.8
Manipur - South District 4912,55534,1309.4,64.6,26.5,Maize,47.7,363.16,4593.0,182.96,958.9,43.0,101.6,54.0,0.0
Nagaland - Central District 4913,24164,1177.3,80.4,17.6,Rice,30.0,207.22,3735.0,70.9,1276.2,67.2,108.5,56.4,39.8
Tripura - Valley District 4914,72775,1039.8,75.3,23.8,Wheat,128.0,711.72,11535.7,203.23,6575.5,67.1,115.3,49.5,0.0
Jammu & Kashmir - Rural District 4915,17957,1454.8,59.9,20.7,Pulses,30.0,56.57,1330.4,17.9,914.0,52.4,107.0,34.7,17.1
Haryana - West District 4916,13856,1094.1,46.1,23.8,Wheat,31.0,148.08,3766.3,46.63,1642.5,77.1,112.4,42.4,41.2
Puducherry - Hills District 4917,81689,1040.8,60.6,27.9,Pulses,138.8,239.31,6240.0,86.19,4898.3,65.8,103.3,45.4,0.0
Puducherry - Coastal District 4918,4875,1135.8,60.4,26.4,Rice,30.0,159.42,4113.7,60.67,1113.4,53.1,108.9,44.6,37.2
Meghalaya - Urban District 4919,8522,1029.1,57.5,27.3,Wheat,30.0,118.64,3508.3,39.82,1453.8,70.4,115.0,54.6,44.5
Rajasthan - Coastal District 4920,32258,1382.9,59.4,27.6,Wheat,53.4,275.49,4911.5,96.24,2725.8,56.5,102.9,73.1,5.1
Haryana - South District 4921,10288,1535.6,48.9,37.2,Pulses,30.0,51.19,1327.2,17.72,947.1,43.7,103.5,42.8,36.9
Karnataka - Urban District 4922,64115,1474.4,61.2,27.6,Wheat,141.6,954.16,14712.4,240.36,7309.5,46.3,93.5,68.8,0.0
Puducherry - Coastal District 4923,67653,933.5,48.3,26.2,Rice,53.6,283.98,7020.4,117.73,2020.8,81.0,95.8,62.2,0.0
Rajasthan - Urban District 4924,3280,785.7,51.6,27.9,Rice,30.0,165.37,4250.0,54.4,1196.4,60.2,114.3,59.1,66.3
Arunachal Pradesh - Urban District 4925,10227,1416.7,55.4,33.7,Wheat,30.0,191.22,3477.6,60.15,1582.8,56.0,102.9,47.5,25.1
Gujarat - West District 4926,31812,1251.9,55.8,25.7,Wheat,34.0,168.02,3392.1,61.23,1809.6,45.6,97.0,42.0,23.1
Manipur - Hills District 4927,22447,200.0,63.1,28.5,Maize,31.8,96.05,3694.1,70.7,590.8,89.2,92.4,62.8,45.6
Uttar Pradesh - Delta District 4928,9792,988.8,55.7,27.0,Rice,30.0,151.25,4724.7,64.47,1165.4,58.0,101.0,33.6,48.0
Meghalaya - Urban District 4929,3964,1247.0,60.6,22.7,Maize,30.0,190.8,3366.8,78.97,625.1,44.1,98.1,44.2,34.9
Goa - Hills District 4930,30674,617.0,44.5,21.7,Wheat,35.5,126.87,4176.6,47.29,1862.8,80.1,94.0,71.4,27.2
Assam - North District 4931,65531,1189.0,58.4,25.9,Maize,51.2,315.65,5885.8,125.65,981.0,67.1,104.7,44.8,14.5
Manipur - East District 4932,68574,1311.3,67.6,27.8,Wheat,99.9,584.32,8987.0,185.12,4750.1,60.3,110.1,48.9,0.0
Madhya Pradesh - Valley District 4933,73097,921.2,29.4,31.4,Rice,143.2,457.85,21814.5,277.41,6505.8,68.5,111.0,66.2,0.0
Uttar Pradesh - South District 4934,19957,1229.6,64.0,27.4,Wheat,38.6,193.66,4065.7,68.21,1964.8,71.4,107.4,53.7,54.9
Tamil Nadu - Plains District 4935,105818,1205.1,39.5,26.8,Wheat,147.0,775.8,14686.0,266.07,7657.3,43.0,107.4,53.7,0.0
Chhattisgarh - Plateau District 4936,16335,1312.4,60.0,14.9,Rice,30.0,210.21,4339.7,62.68,1232.2,59.4,127.7,72.3,29.3
Bihar - Valley District 4937,20740,894.6,52.9,24.8,Maize,36.2,196.15,4192.6,84.32,699.2,78.1,102.2,45.2,16.6
Bihar - South District 4938,70088,680.6,34.4,36.5,Pulses,140.2,276.43,7652.0,90.65,4214.9,72.3,93.8,59.1,0.0
Bihar - Plateau District 4939,13320,963.3,64.6,22.8,Maize,30.0,238.68,3265.3,86.88,641.2,56.1,95.2,54.0,51.0
Maharashtra - Urban District 4940,15200,1399.7,40.7,33.1,Pulses,30.0,53.46,1544.1,21.6,910.2,43.6,107.5,53.1,49.0
Tamil Nadu - Delta District 4941,25506,697.7,41.1,28.5,Maize,42.2,236.22,5657.4,148.2,837.4,81.2,97.8,62.9,20.7
Jharkhand - Urban District 4942,15150,903.4,58.6,32.7,Maize,30.0,206.68,3375.2,98.2,614.4,71.2,115.2,33.6,27.8
Jharkhand - Plains District 4943,29199,940.1,34.1,33.6,Maize,48.3,179.16,5641.2,138.1,884.9,72.0,111.2,69.0,28.6
Tamil Nadu - Rural District 4944,15351,1218.5,52.4,29.8,Maize,30.0,153.44,3487.6,89.48,627.8,55.5,104.6,38.5,33.1
Madhya Pradesh - North District 4945,10255,1068.9,56.5,26.7,Rice,30.0,159.32,3727.5,62.23,1259.3,57.0,103.1,41.1,50.4
Uttar Pradesh - North District 4946,27292,1251.0,63.8,32.8,Rice,39.3,233.82,4847.9,92.9,1519.9,45.1,96.6,48.0,35.6
Himachal Pradesh - South District 4947,10777,1446.4,72.0,29.6,Wheat,30.0,162.06,2630.1,41.62,1459.7,65.5,100.4,28.0,65.0
Uttar Pradesh - Hills District 4948,23521,959.5,22.6,30.7,Maize,30.0,163.01,3946.3,74.01,586.0,62.5,106.3,54.1,16.0
Puducherry - Delta District 4949,33304,1163.8,64.7,25.1,Rice,62.7,410.83,7513.6,117.69,2680.0,59.0,100.8,41.9,0.8
Madhya Pradesh - Plains District 4950,30709,842.4,68.8,25.0,Maize,85.2,561.52,8996.2,251.77,1524.0,53.9,122.6,53.1,20.4
Meghalaya - North District 4951,40223,1522.4,61.4,23.4,Wheat,38.5,284.03,4247.4,71.0,1791.3,60.0,90.2,55.5,8.9
Odisha - North District 4952,68186,792.5,57.2,29.9,Rice,116.2,590.84,14110.0,258.63,4768.7,79.1,110.2,77.1,0.0
Chhattisgarh - South District 4953,83034,1360.3,60.1,24.9,Rice,105.7,643.09,12421.9,199.52,4070.9,59.3,101.4,33.9,0.0
Gujarat - Central District 4954,98216,768.7,8.0,29.6,Rice,127.5,624.93,22151.6,224.28,4690.8,65.0,107.9,92.8,0.0
Karnataka - South District 4955,12070,1287.2,39.3,31.0,Wheat,30.0,179.01,3725.9,45.63,1347.9,59.5,110.3,73.9,33.8
Bihar - Hills District 4956,35197,817.5,34.4,30.8,Rice,52.3,156.46,7597.1,84.86,2237.4,65.9,109.1,61.8,22.6
Telangana - Valley District 4957,4537,919.5,41.6,29.3,Rice,30.0,96.92,3886.1,53.1,1203.3,57.0,114.1,41.1,43.2
Maharashtra - Urban District 4958,25977,1354.1,79.0,24.8,Rice,43.3,245.75,4925.7,82.8,1627.6,49.8,118.6,57.9,35.4
Bihar - Hills District 4959,20295,973.7,72.3,34.1,Wheat,46.8,232.95,4694.9,76.47,2058.3,66.8,99.0,57.9,38.5
Maharashtra - West District 4960,14898,1086.9,55.7,21.5,Maize,32.7,182.2,3883.1,88.18,607.9,48.0,106.6,37.0,42.2
Manipur - North District 4961,62325,1352.4,74.1,19.2,Rice,91.3,598.54,10786.3,233.48,3573.3,72.4,102.4,77.0,0.0
Uttar Pradesh - East District 4962,10076,1306.4,75.8,24.7,Maize,30.0,202.73,3109.2,87.81,651.6,49.1,91.8,66.0,29.3
Andhra Pradesh - Plateau District 4963,63388,1530.6,49.2,28.3,Wheat,123.8,543.7,13034.7,206.39,5779.4,50.2,118.2,63.9,0.0
Andhra Pradesh - Plateau District 4964,47987,1115.8,50.2,27.2,Rice,81.3,468.06,10930.8,178.22,3353.0,52.7,94.5,48.9,0.8
Uttarakhand - Coastal District 4965,71125,856.0,72.3,28.5,Rice,153.0,777.67,18342.2,216.96,6181.4,50.5,93.1,86.1,0.0
Manipur - Central District 4966,2742,446.6,52.4,29.1,Wheat,30.0,58.09,3094.8,28.61,1476.3,83.9,99.8,25.7,29.2
Bihar - North District 4967,6405,461.2,62.5,23.1,Wheat,30.0,104.9,3056.9,45.92,1477.1,75.5,103.4,71.8,29.6
Puducherry - Central District 4968,12834,1641.9,43.2,30.4,Wheat,30.0,177.4,3574.8,54.36,1443.4,60.8,102.6,43.8,22.0
Uttarakhand - South District 4969,5288,1562.2,61.2,29.9,Pulses,30.0,72.64,1287.8,15.5,942.3,43.4,96.7,54.8,47.7
Arunachal Pradesh - Delta District 4970,31098,1065.1,45.5,26.0,Wheat,59.5,230.23,6337.2,77.78,3045.2,60.4,106.9,25.4,27.5
West Bengal - Rural District 4971,20729,1604.7,78.5,30.5,Rice,49.3,387.8,6184.0,103.6,1963.3,44.1,92.6,49.5,34.9
Tamil Nadu - Hills District 4972,33301,1084.0,37.4,28.3,Pulses,47.9,103.86,2527.4,28.5,1473.0,57.9,101.7,34.0,0.0
Arunachal Pradesh - Plateau District 4973,33954,1400.5,91.8,21.0,Maize,42.4,336.32,3982.8,148.12,912.8,61.5,91.7,59.2,5.0
Manipur - Hills District 4974,14448,2042.2,50.4,27.1,Maize,30.0,287.89,3175.9,114.83,693.1,24.6,92.4,65.4,48.9
Telangana - Plains District 4975,45026,1593.8,38.8,23.6,Rice,35.5,242.12,5245.4,94.06,1391.1,60.1,119.1,61.1,20.5
Rajasthan - Delta District 4976,28233,1429.4,50.6,28.1,Wheat,60.4,336.22,7332.8,94.61,2767.5,63.8,106.9,41.8,39.5
Nagaland - Delta District 4977,24205,1594.3,44.8,28.0,Wheat,40.3,272.08,5540.3,62.64,2099.1,29.6,115.3,38.1,24.4
Andhra Pradesh - Coastal District 4978,16624,1236.9,61.1,32.2,Wheat,30.0,204.94,3035.1,63.43,1468.2,55.0,102.0,41.6,35.4
Tamil Nadu - South District 4979,97526,1239.6,76.5,33.6,Rice,203.0,1184.29,23749.4,402.85,7485.8,52.1,112.9,75.6,0.0
Madhya Pradesh - Hills District 4980,19174,966.2,66.8,21.4,Maize,36.3,215.24,3718.3,84.56,720.7,72.8,84.5,54.3,51.8
Assam - Plateau District 4981,47121,657.6,66.1,21.2,Pulses,94.8,287.09,3636.0,77.3,2911.7,58.0,121.5,50.0,20.4
Goa - Hills District 4982,43191,1345.9,53.4,25.3,Maize,59.0,313.38,7024.2,135.24,1143.3,49.5,93.4,29.0,6.1
Nagaland - West District 4983,24928,674.2,65.4,27.8,Maize,30.0,104.97,2993.2,80.4,608.0,75.2,107.0,49.5,31.0
Tamil Nadu - Plains District 4984,45231,604.9,45.1,27.2,Wheat,30.0,85.1,3781.1,35.15,1658.0,64.9,98.0,55.8,0.0
Ladakh - Coastal District 4985,12459,784.3,70.6,29.0,Wheat,30.0,130.96,2380.9,38.24,1602.6,64.7,105.4,47.2,36.5
Bihar - Plateau District 4986,91566,1340.9,47.8,31.7,Maize,153.1,1271.84,19015.3,472.55,2954.1,36.7,115.5,84.7,0.0
Haryana - Coastal District 4987,34941,1156.6,69.2,25.4,Maize,31.7,224.64,3683.7,79.9,571.5,44.8,102.7,48.2,23.2
Rajasthan - Delta District 4988,17055,400.9,61.6,29.8,Wheat,30.0,57.87,2796.9,35.0,1446.4,85.6,103.5,48.4,65.5
Rajasthan - Rural District 4989,22730,1411.4,35.7,26.9,Rice,35.3,258.64,4942.1,75.89,1389.1,42.7,133.1,65.6,29.5
Manipur - Plateau District 4990,74202,1274.7,72.9,18.8,Rice,99.3,710.28,12011.4,231.85,4024.7,49.6,113.0,47.3,2.3
Uttarakhand - Rural District 4991,27866,1467.5,61.4,23.7,Wheat,50.7,275.99,5159.5,78.25,2687.5,59.2,115.3,48.8,0.0
Assam - East District 4992,17744,1162.0,32.2,30.4,Rice,32.3,217.91,6233.1,64.17,1207.0,55.8,98.5,54.5,39.9
Kerala - Valley District 4993,32535,761.8,59.1,25.4,Maize,75.1,401.92,8033.7,220.65,1376.1,56.0,99.4,45.0,28.3
Telangana - Valley District 4994,53364,1061.0,91.8,31.3,Pulses,51.7,136.97,2097.0,41.87,1740.8,63.1,106.4,48.6,0.0
Haryana - Urban District 4995,13858,1299.7,64.8,24.1,Pulses,30.0,76.63,1374.9,24.47,919.8,57.9,112.9,59.8,68.9
Goa - South District 4996,18125,1262.7,43.3,33.2,Wheat,30.0,142.63,3259.9,52.6,1343.7,37.2,104.1,58.2,30.1
Arunachal Pradesh - South District 4997,22386,1807.2,72.1,23.5,Wheat,30.0,267.25,2672.5,58.5,1492.8,41.6,95.1,45.0,4.1
Meghalaya - Plateau District 4998,15875,1271.4,77.3,23.0,Maize,30.0,251.67,3168.3,79.55,538.5,64.7,105.7,41.5,36.1
Ladakh - East District 4999,12805,846.1,66.6,19.5,Wheat,30.0,132.02,2599.0,42.76,1566.8,66.3,110.3,50.7,32.1
Delhi - Plains District 5000,55142,625.0,36.7,25.1,Maize,77.1,418.48,10789.0,170.52,1549.5,83.4,110.1,59.8,0.0
